"individual1","individual2","dyadID","food","foraging_group_membership","foraging_help","friendship","sex1","sex2","partners","kin"
"SB134","SB139","SB134_SB139",4,0,0,2,"f","f",0,0
"SB144","SB139","SB139_SB144",2,0,0,0,"f","f",0,0
"SB125","SB139","SB125_SB139",4,2,2,2,"f","f",0,0.25
"SB147","SB139","SB139_SB147",4,0,2,2,"f","f",0,0
"SB138","SB139","SB138_SB139",0,2,1,0,"m","f",1,0
"SB177","SB139","SB139_SB177",2,4,1,4,"f","f",0,0.0625
"SB119","SB139","SB119_SB139",0,0,0,2,"f","f",0,0.125
"SB140","SB139","SB139_SB140",3,0,0,0,"f","f",0,0.5
"SB89","SB139","SB139_SB89",0,0,0,0,"f","f",0,0.0625
"SB101","SB139","SB101_SB139",0,0,0,0,"f","f",0,0.25
"SB103","SB139","SB103_SB139",0,0,0,0,"f","f",0,0.125
"SB107","SB139","SB107_SB139",0,0,0,0,"f","f",0,0.125
"SB83","SB139","SB139_SB83",0,0,0,0,"f","f",0,0.125
"SB93","SB139","SB139_SB93",1,0,0,0,"f","f",0,0.125
"SB120","SB139","SB120_SB139",0,0,0,0,"m","f",0,0.0625
"SB84","SB139","SB139_SB84",0,0,0,0,"m","f",0,0.0625
"SB117","SB139","SB117_SB139",0,0,0,0,"m","f",0,0.0625
"SB148","SB139","SB139_SB148",0,0,0,0,"m","f",0,0
"SB62","SB139","SB139_SB62",1,0,0,0,"f","f",0,0
"SB152","SB139","SB139_SB152",0,0,0,0,"m","f",0,0
"SB143","SB139","SB139_SB143",0,0,0,0,"m","f",0,0.5
"SB150","SB139","SB139_SB150",0,0,0,0,"f","f",0,0
"SB151","SB139","SB139_SB151",0,0,0,0,"f","f",0,0
"SB158","SB139","SB139_SB158",0,0,0,0,"f","f",0,0
"SB153","SB139","SB139_SB153",0,0,0,0,"f","f",0,0
"SB155","SB139","SB139_SB155",0,0,0,0,"f","f",0,0
"SB163","SB139","SB139_SB163",0,0,0,0,"f","f",0,0
"SB169","SB139","SB139_SB169",0,0,0,0,"f","f",0,0
"SB149","SB139","SB139_SB149",0,0,0,0,"m","f",0,0
"SB157","SB139","SB139_SB157",0,0,0,0,"m","f",0,0
"SB162","SB139","SB139_SB162",0,0,0,0,"m","f",0,0
"SB27","SB139","SB139_SB27",0,0,0,0,"f","f",0,0
"SB2","SB139","SB139_SB2",0,0,0,0,"f","f",0,0
"SB20","SB139","SB139_SB20",0,0,0,0,"f","f",0,0
"SB6","SB139","SB139_SB6",0,0,0,0,"m","f",0,0
"SB47","SB139","SB139_SB47",1,0,0,0,"f","f",0,0
"SB19","SB139","SB139_SB19",0,0,0,0,"m","f",0,0
"SB46","SB139","SB139_SB46",0,0,0,0,"m","f",0,0
"SB61","SB139","SB139_SB61",0,0,0,0,"m","f",0,0
"SB34","SB139","SB139_SB34",0,0,0,0,"f","f",0,0
"SB39","SB139","SB139_SB39",0,0,0,0,"f","f",0,0
"SB7","SB139","SB139_SB7",0,0,0,0,"f","f",0,0
"SB58","SB139","SB139_SB58",0,0,0,0,"f","f",0,0
"SB37","SB139","SB139_SB37",0,0,0,0,"f","f",0,0
"SB53","SB139","SB139_SB53",0,0,0,0,"f","f",0,0
"SB11","SB139","SB11_SB139",0,0,0,0,"f","f",0,0
"SB57","SB139","SB139_SB57",0,0,0,0,"m","f",0,0
"SB146","SB139","SB139_SB146",0,0,0,0,"m","f",0,0
"SB66","SB139","SB139_SB66",0,0,0,0,"m","f",0,0
"SB133","SB139","SB133_SB139",1,0,0,0,"m","f",0,0.0625
"SB52","SB139","SB139_SB52",0,0,0,0,"m","f",0,0
"SB17","SB139","SB139_SB17",0,0,0,0,"f","f",0,0
"SB118","SB139","SB118_SB139",0,0,0,0,"f","f",0,0
"SB114","SB139","SB114_SB139",0,0,0,0,"f","f",0,0
"SB176","SB139","SB139_SB176",0,0,0,0,"m","f",0,0
"SB179","SB139","SB139_SB179",0,0,0,0,"f","f",0,0
"SB178","SB139","SB139_SB178",0,0,0,0,"m","f",0,0.03125
"SB67","SB139","SB139_SB67",0,0,0,0,"f","f",0,0
"SB154","SB139","SB139_SB154",0,0,0,0,"m","f",0,0.03125
"SB68","SB139","SB139_SB68",0,0,0,0,"m","f",0,0
"SB75","SB139","SB139_SB75",0,0,0,0,"f","f",0,0
"SB65","SB139","SB139_SB65",0,0,0,0,"f","f",0,0
"SB74","SB139","SB139_SB74",0,0,0,0,"m","f",0,0
"SB82","SB139","SB139_SB82",0,0,0,0,"m","f",0,0
"SB18","SB139","SB139_SB18",0,0,0,0,"m","f",0,0
"SB124","SB139","SB124_SB139",0,0,0,0,"m","f",0,0
"SB26","SB139","SB139_SB26",0,0,0,0,"m","f",0,0
"SB33","SB139","SB139_SB33",0,0,0,0,"m","f",0,0
"SB1","SB139","SB1_SB139",0,0,0,0,"m","f",0,0
"SB38","SB139","SB139_SB38",0,0,0,0,"m","f",0,0
"SB10","SB139","SB10_SB139",0,0,0,0,"m","f",0,0
"SB102","SB139","SB102_SB139",0,0,0,0,"m","f",0,0.125
"SB106","SB139","SB106_SB139",0,0,0,0,"m","f",0,0
"SB116","SB139","SB116_SB139",0,0,0,0,"m","f",0,0
"SB88","SB139","SB139_SB88",0,0,0,0,"m","f",0,0
"SB80","SB139","SB139_SB80",0,0,0,0,"f","f",0,0
"SB79","SB139","SB139_SB79",0,0,0,0,"m","f",0,0
"SB144","SB134","SB134_SB144",2,2,1,2,"f","f",0,0
"SB125","SB134","SB125_SB134",4,3,2,4,"f","f",0,0
"SB147","SB134","SB134_SB147",4,2,3,3,"f","f",0,0
"SB138","SB134","SB134_SB138",1,0,0,0,"m","f",0,0
"SB177","SB134","SB134_SB177",2,0,0,2,"f","f",0,0
"SB119","SB134","SB119_SB134",1,0,0,0,"f","f",0,0
"SB140","SB134","SB134_SB140",1,0,0,0,"f","f",0,0
"SB89","SB134","SB134_SB89",0,0,0,0,"f","f",0,0
"SB101","SB134","SB101_SB134",0,0,0,0,"f","f",0,0
"SB103","SB134","SB103_SB134",0,0,0,0,"f","f",0,0
"SB107","SB134","SB107_SB134",0,0,0,0,"f","f",0,0
"SB83","SB134","SB134_SB83",0,0,0,0,"f","f",0,0
"SB93","SB134","SB134_SB93",0,0,0,0,"f","f",0,0
"SB120","SB134","SB120_SB134",0,0,0,0,"m","f",0,0
"SB84","SB134","SB134_SB84",0,0,0,0,"m","f",0,0
"SB117","SB134","SB117_SB134",0,0,0,0,"m","f",0,0
"SB148","SB134","SB134_SB148",0,0,0,0,"m","f",0,0
"SB62","SB134","SB134_SB62",0,0,0,0,"f","f",0,0
"SB152","SB134","SB134_SB152",0,0,0,0,"m","f",0,0
"SB143","SB134","SB134_SB143",0,0,0,0,"m","f",0,0
"SB150","SB134","SB134_SB150",0,0,0,0,"f","f",0,0
"SB151","SB134","SB134_SB151",0,0,0,0,"f","f",0,0
"SB158","SB134","SB134_SB158",0,0,0,0,"f","f",0,0
"SB153","SB134","SB134_SB153",0,0,0,0,"f","f",0,0
"SB155","SB134","SB134_SB155",2,0,0,0,"f","f",0,0
"SB163","SB134","SB134_SB163",0,0,0,0,"f","f",0,0
"SB169","SB134","SB134_SB169",0,0,0,0,"f","f",0,0
"SB149","SB134","SB134_SB149",0,0,0,0,"m","f",0,0
"SB157","SB134","SB134_SB157",0,0,0,0,"m","f",0,0
"SB162","SB134","SB134_SB162",0,0,0,0,"m","f",0,0
"SB27","SB134","SB134_SB27",0,0,0,0,"f","f",0,0
"SB2","SB134","SB134_SB2",0,0,0,0,"f","f",0,0
"SB20","SB134","SB134_SB20",0,0,0,0,"f","f",0,0
"SB6","SB134","SB134_SB6",0,0,0,0,"m","f",0,0
"SB47","SB134","SB134_SB47",0,0,0,0,"f","f",0,0
"SB19","SB134","SB134_SB19",0,0,0,0,"m","f",0,0
"SB46","SB134","SB134_SB46",0,0,0,0,"m","f",0,0
"SB61","SB134","SB134_SB61",0,0,0,0,"m","f",0,0
"SB34","SB134","SB134_SB34",0,0,0,0,"f","f",0,0
"SB39","SB134","SB134_SB39",0,0,0,0,"f","f",0,0
"SB7","SB134","SB134_SB7",0,0,0,0,"f","f",0,0
"SB58","SB134","SB134_SB58",0,0,0,0,"f","f",0,0
"SB37","SB134","SB134_SB37",0,0,0,0,"f","f",0,0
"SB53","SB134","SB134_SB53",0,0,0,0,"f","f",0,0
"SB11","SB134","SB11_SB134",0,0,0,2,"f","f",0,0
"SB57","SB134","SB134_SB57",0,0,0,0,"m","f",0,0
"SB146","SB134","SB134_SB146",0,0,0,0,"m","f",0,0
"SB66","SB134","SB134_SB66",0,0,0,0,"m","f",0,0
"SB133","SB134","SB133_SB134",0,0,0,0,"m","f",1,0
"SB52","SB134","SB134_SB52",0,0,0,0,"m","f",0,0
"SB17","SB134","SB134_SB17",0,0,0,0,"f","f",0,0
"SB118","SB134","SB118_SB134",0,0,0,0,"f","f",0,0
"SB114","SB134","SB114_SB134",0,0,0,0,"f","f",0,0
"SB176","SB134","SB134_SB176",0,0,0,0,"m","f",0,0
"SB179","SB134","SB134_SB179",0,0,0,0,"f","f",0,0
"SB178","SB134","SB134_SB178",0,0,0,0,"m","f",0,0
"SB67","SB134","SB134_SB67",0,0,0,2,"f","f",0,0
"SB154","SB134","SB134_SB154",0,2,1,0,"m","f",0,0.5
"SB68","SB134","SB134_SB68",0,0,0,0,"m","f",0,0
"SB75","SB134","SB134_SB75",0,0,0,0,"f","f",0,0
"SB65","SB134","SB134_SB65",0,0,0,0,"f","f",0,0
"SB74","SB134","SB134_SB74",0,0,0,0,"m","f",0,0
"SB82","SB134","SB134_SB82",0,0,0,0,"m","f",0,0
"SB18","SB134","SB134_SB18",0,0,0,0,"m","f",0,0
"SB124","SB134","SB124_SB134",0,0,0,0,"m","f",0,0
"SB26","SB134","SB134_SB26",0,0,0,0,"m","f",0,0
"SB33","SB134","SB134_SB33",0,0,0,0,"m","f",0,0
"SB1","SB134","SB1_SB134",0,0,0,0,"m","f",0,0
"SB38","SB134","SB134_SB38",0,0,0,0,"m","f",0,0
"SB10","SB134","SB10_SB134",0,0,0,0,"m","f",0,0
"SB102","SB134","SB102_SB134",0,0,0,0,"m","f",0,0
"SB106","SB134","SB106_SB134",0,0,0,0,"m","f",0,0
"SB116","SB134","SB116_SB134",0,0,0,0,"m","f",0,0
"SB88","SB134","SB134_SB88",0,0,0,0,"m","f",0,0
"SB80","SB134","SB134_SB80",0,0,0,0,"f","f",0,0
"SB79","SB134","SB134_SB79",0,0,0,0,"m","f",0,0
"SB125","SB144","SB125_SB144",2,1,1,0,"f","f",0,0
"SB147","SB144","SB144_SB147",1,0,0,1,"f","f",0,0
"SB138","SB144","SB138_SB144",0,0,0,0,"m","f",0,0
"SB177","SB144","SB144_SB177",0,0,0,0,"f","f",0,0
"SB119","SB144","SB119_SB144",0,0,0,0,"f","f",0,0
"SB140","SB144","SB140_SB144",1,0,0,0,"f","f",0,0
"SB89","SB144","SB144_SB89",0,0,0,0,"f","f",0,0
"SB101","SB144","SB101_SB144",0,0,0,0,"f","f",0,0
"SB103","SB144","SB103_SB144",0,0,0,0,"f","f",0,0
"SB107","SB144","SB107_SB144",0,0,0,0,"f","f",0,0
"SB83","SB144","SB144_SB83",0,0,0,0,"f","f",0,0
"SB93","SB144","SB144_SB93",0,0,0,0,"f","f",0,0
"SB120","SB144","SB120_SB144",0,0,0,0,"m","f",0,0
"SB84","SB144","SB144_SB84",0,0,0,0,"m","f",0,0.015625
"SB117","SB144","SB117_SB144",0,0,0,0,"m","f",0,0
"SB148","SB144","SB144_SB148",0,0,0,0,"m","f",0,0
"SB62","SB144","SB144_SB62",1,2,0,0,"f","f",0,0
"SB152","SB144","SB144_SB152",0,0,0,0,"m","f",0,0
"SB143","SB144","SB143_SB144",1,0,0,0,"m","f",1,0
"SB150","SB144","SB144_SB150",0,0,0,0,"f","f",0,0
"SB151","SB144","SB144_SB151",0,0,0,0,"f","f",0,0
"SB158","SB144","SB144_SB158",0,0,0,0,"f","f",0,0
"SB153","SB144","SB144_SB153",0,0,0,0,"f","f",0,0
"SB155","SB144","SB144_SB155",0,0,0,0,"f","f",0,0
"SB163","SB144","SB144_SB163",0,0,0,0,"f","f",0,0
"SB169","SB144","SB144_SB169",0,0,0,0,"f","f",0,0
"SB149","SB144","SB144_SB149",0,0,0,0,"m","f",0,0
"SB157","SB144","SB144_SB157",0,0,0,0,"m","f",0,0
"SB162","SB144","SB144_SB162",0,0,0,0,"m","f",0,0
"SB27","SB144","SB144_SB27",0,0,0,0,"f","f",0,0
"SB2","SB144","SB144_SB2",0,1,0,0,"f","f",0,0
"SB20","SB144","SB144_SB20",0,0,0,0,"f","f",0,0.015625
"SB6","SB144","SB144_SB6",1,0,0,0,"m","f",0,0.5
"SB47","SB144","SB144_SB47",0,0,0,0,"f","f",0,0
"SB19","SB144","SB144_SB19",0,0,0,0,"m","f",0,0.25
"SB46","SB144","SB144_SB46",0,0,0,0,"m","f",0,0.25
"SB61","SB144","SB144_SB61",0,0,0,0,"m","f",0,0.125
"SB34","SB144","SB144_SB34",2,2,2,2,"f","f",0,0.5
"SB39","SB144","SB144_SB39",0,0,0,0,"f","f",0,0
"SB7","SB144","SB144_SB7",0,1,0,0,"f","f",0,0.5
"SB58","SB144","SB144_SB58",0,0,0,0,"f","f",0,0
"SB37","SB144","SB144_SB37",0,0,0,0,"f","f",0,0
"SB53","SB144","SB144_SB53",0,0,0,0,"f","f",0,0
"SB11","SB144","SB11_SB144",0,1,2,2,"f","f",0,0.5
"SB57","SB144","SB144_SB57",0,0,0,0,"m","f",0,0
"SB146","SB144","SB144_SB146",0,0,0,0,"m","f",0,0
"SB66","SB144","SB144_SB66",0,0,0,0,"m","f",0,0.03125
"SB133","SB144","SB133_SB144",0,0,0,0,"m","f",0,0
"SB52","SB144","SB144_SB52",0,0,0,0,"m","f",0,0
"SB17","SB144","SB144_SB17",0,0,0,0,"f","f",0,0
"SB118","SB144","SB118_SB144",0,0,0,0,"f","f",0,0
"SB114","SB144","SB114_SB144",0,0,0,0,"f","f",0,0
"SB176","SB144","SB144_SB176",0,0,0,0,"m","f",0,0
"SB179","SB144","SB144_SB179",0,0,0,0,"f","f",0,0
"SB178","SB144","SB144_SB178",0,0,0,0,"m","f",0,0
"SB67","SB144","SB144_SB67",0,0,0,0,"f","f",0,0
"SB154","SB144","SB144_SB154",0,0,0,0,"m","f",0,0
"SB68","SB144","SB144_SB68",0,0,0,0,"m","f",0,0.015625
"SB75","SB144","SB144_SB75",0,0,0,0,"f","f",0,0.03125
"SB65","SB144","SB144_SB65",0,0,0,0,"f","f",0,0.0625
"SB74","SB144","SB144_SB74",0,0,0,0,"m","f",0,0
"SB82","SB144","SB144_SB82",0,0,0,0,"m","f",0,0.03125
"SB18","SB144","SB144_SB18",0,0,0,0,"m","f",0,0
"SB124","SB144","SB124_SB144",0,0,0,0,"m","f",0,0
"SB26","SB144","SB144_SB26",0,0,0,0,"m","f",0,0
"SB33","SB144","SB144_SB33",0,0,0,0,"m","f",0,0
"SB1","SB144","SB1_SB144",0,0,0,0,"m","f",0,0.5
"SB38","SB144","SB144_SB38",0,0,0,0,"m","f",0,0
"SB10","SB144","SB10_SB144",1,0,0,0,"m","f",0,0
"SB102","SB144","SB102_SB144",0,0,0,0,"m","f",0,0
"SB106","SB144","SB106_SB144",0,0,0,0,"m","f",0,0
"SB116","SB144","SB116_SB144",0,0,0,0,"m","f",0,0
"SB88","SB144","SB144_SB88",0,0,0,0,"m","f",0,0
"SB80","SB144","SB144_SB80",0,0,0,0,"f","f",0,0
"SB79","SB144","SB144_SB79",0,0,0,0,"m","f",0,0
"SB147","SB125","SB125_SB147",4,4,4,3,"f","f",0,0
"SB138","SB125","SB125_SB138",1,0,0,0,"m","f",0,0
"SB177","SB125","SB125_SB177",0,0,0,2,"f","f",0,0.03125
"SB119","SB125","SB119_SB125",1,1,2,2,"f","f",0,0.0625
"SB140","SB125","SB125_SB140",2,1,0,0,"f","f",0,0.125
"SB89","SB125","SB125_SB89",2,1,2,2,"f","f",0,0.03125
"SB101","SB125","SB101_SB125",2,0,0,0,"f","f",0,0.125
"SB103","SB125","SB103_SB125",1,2,2,2,"f","f",0,0.0625
"SB107","SB125","SB107_SB125",1,2,2,3,"f","f",0,0.0625
"SB83","SB125","SB125_SB83",1,0,0,2,"f","f",0,0.0625
"SB93","SB125","SB125_SB93",2,1,0,2,"f","f",0,0.0625
"SB120","SB125","SB120_SB125",0,0,0,0,"m","f",0,0.03125
"SB84","SB125","SB125_SB84",0,0,0,0,"m","f",0,0.03125
"SB117","SB125","SB117_SB125",0,0,0,0,"m","f",0,0.03125
"SB148","SB125","SB125_SB148",0,0,0,0,"m","f",0,0
"SB62","SB125","SB125_SB62",3,3,1,2,"f","f",0,0
"SB152","SB125","SB125_SB152",0,0,0,0,"m","f",0,0
"SB143","SB125","SB125_SB143",0,0,0,0,"m","f",0,0.125
"SB150","SB125","SB125_SB150",0,0,0,2,"f","f",0,0
"SB151","SB125","SB125_SB151",0,0,0,0,"f","f",0,0
"SB158","SB125","SB125_SB158",0,1,2,0,"f","f",0,0
"SB153","SB125","SB125_SB153",0,0,0,2,"f","f",0,0
"SB155","SB125","SB125_SB155",1,1,0,0,"f","f",0,0
"SB163","SB125","SB125_SB163",0,0,0,0,"f","f",0,0
"SB169","SB125","SB125_SB169",1,1,2,2,"f","f",0,0
"SB149","SB125","SB125_SB149",0,0,0,0,"m","f",0,0
"SB157","SB125","SB125_SB157",0,0,0,0,"m","f",0,0
"SB162","SB125","SB125_SB162",0,0,0,0,"m","f",0,0
"SB27","SB125","SB125_SB27",0,1,1,2,"f","f",0,0
"SB2","SB125","SB125_SB2",0,1,0,0,"f","f",0,0
"SB20","SB125","SB125_SB20",0,1,0,0,"f","f",0,0
"SB6","SB125","SB125_SB6",0,0,0,0,"m","f",0,0
"SB47","SB125","SB125_SB47",2,1,0,2,"f","f",0,0
"SB19","SB125","SB125_SB19",0,0,0,0,"m","f",0,0
"SB46","SB125","SB125_SB46",0,0,0,0,"m","f",0,0
"SB61","SB125","SB125_SB61",0,0,0,0,"m","f",0,0
"SB34","SB125","SB125_SB34",0,1,0,2,"f","f",0,0
"SB39","SB125","SB125_SB39",0,0,0,0,"f","f",0,0
"SB7","SB125","SB125_SB7",0,0,0,0,"f","f",0,0
"SB58","SB125","SB125_SB58",0,0,0,0,"f","f",0,0
"SB37","SB125","SB125_SB37",0,0,0,0,"f","f",0,0
"SB53","SB125","SB125_SB53",0,0,0,0,"f","f",0,0
"SB11","SB125","SB11_SB125",0,0,0,2,"f","f",0,0
"SB57","SB125","SB125_SB57",0,0,0,0,"m","f",0,0
"SB146","SB125","SB125_SB146",0,0,0,0,"m","f",0,0
"SB66","SB125","SB125_SB66",0,0,0,0,"m","f",0,0
"SB133","SB125","SB125_SB133",0,0,0,0,"m","f",0,0.03125
"SB52","SB125","SB125_SB52",0,0,0,0,"m","f",0,0
"SB17","SB125","SB125_SB17",0,0,0,0,"f","f",0,0
"SB118","SB125","SB118_SB125",0,0,0,0,"f","f",0,0
"SB114","SB125","SB114_SB125",0,2,0,0,"f","f",0,0
"SB176","SB125","SB125_SB176",0,0,0,0,"m","f",0,0
"SB179","SB125","SB125_SB179",0,0,0,0,"f","f",0,0
"SB178","SB125","SB125_SB178",0,0,0,0,"m","f",0,0.015625
"SB67","SB125","SB125_SB67",2,2,2,2,"f","f",0,0
"SB154","SB125","SB125_SB154",0,0,0,0,"m","f",0,0.015625
"SB68","SB125","SB125_SB68",0,0,0,0,"m","f",0,0
"SB75","SB125","SB125_SB75",2,2,2,2,"f","f",0,0
"SB65","SB125","SB125_SB65",0,0,0,0,"f","f",0,0
"SB74","SB125","SB125_SB74",0,0,0,0,"m","f",0,0
"SB82","SB125","SB125_SB82",0,0,0,0,"m","f",0,0
"SB18","SB125","SB125_SB18",0,0,0,0,"m","f",0,0
"SB124","SB125","SB124_SB125",0,0,0,0,"m","f",1,0
"SB26","SB125","SB125_SB26",0,0,0,0,"m","f",0,0
"SB33","SB125","SB125_SB33",0,0,0,0,"m","f",0,0
"SB1","SB125","SB1_SB125",0,0,0,0,"m","f",0,0
"SB38","SB125","SB125_SB38",0,0,0,0,"m","f",0,0
"SB10","SB125","SB10_SB125",0,0,0,0,"m","f",0,0
"SB102","SB125","SB102_SB125",0,0,0,0,"m","f",0,0.0625
"SB106","SB125","SB106_SB125",0,0,0,0,"m","f",0,0
"SB116","SB125","SB116_SB125",0,0,0,0,"m","f",0,0
"SB88","SB125","SB125_SB88",0,0,0,0,"m","f",0,0
"SB80","SB125","SB125_SB80",0,0,0,0,"f","f",0,0
"SB79","SB125","SB125_SB79",0,0,0,0,"m","f",0,0
"SB138","SB147","SB138_SB147",0,0,0,0,"m","f",0,0
"SB177","SB147","SB147_SB177",0,0,0,0,"f","f",0,0
"SB119","SB147","SB119_SB147",0,1,0,0,"f","f",0,0
"SB140","SB147","SB140_SB147",1,0,0,0,"f","f",0,0
"SB89","SB147","SB147_SB89",0,1,0,0,"f","f",0,0
"SB101","SB147","SB101_SB147",0,0,0,0,"f","f",0,0
"SB103","SB147","SB103_SB147",0,2,1,2,"f","f",0,0
"SB107","SB147","SB107_SB147",0,2,1,2,"f","f",0,0
"SB83","SB147","SB147_SB83",0,0,0,0,"f","f",0,0
"SB93","SB147","SB147_SB93",0,1,1,0,"f","f",0,0
"SB120","SB147","SB120_SB147",0,0,0,0,"m","f",0,0
"SB84","SB147","SB147_SB84",0,0,0,0,"m","f",0,0
"SB117","SB147","SB117_SB147",0,0,0,0,"m","f",0,0
"SB148","SB147","SB147_SB148",2,1,2,2,"m","f",0,0.5
"SB62","SB147","SB147_SB62",3,4,1,0,"f","f",0,0.5
"SB152","SB147","SB147_SB152",1,0,0,0,"m","f",0,0.5
"SB143","SB147","SB143_SB147",0,0,0,0,"m","f",0,0
"SB150","SB147","SB147_SB150",0,0,0,0,"f","f",0,0
"SB151","SB147","SB147_SB151",0,0,0,0,"f","f",0,0
"SB158","SB147","SB147_SB158",0,0,0,0,"f","f",0,0
"SB153","SB147","SB147_SB153",0,0,0,0,"f","f",0,0
"SB155","SB147","SB147_SB155",0,0,0,0,"f","f",0,0
"SB163","SB147","SB147_SB163",0,0,0,0,"f","f",0,0
"SB169","SB147","SB147_SB169",0,1,0,0,"f","f",0,0
"SB149","SB147","SB147_SB149",0,0,0,0,"m","f",0,0
"SB157","SB147","SB147_SB157",0,0,0,0,"m","f",0,0
"SB162","SB147","SB147_SB162",0,0,0,0,"m","f",0,0
"SB27","SB147","SB147_SB27",0,0,0,0,"f","f",0,0
"SB2","SB147","SB147_SB2",0,0,0,0,"f","f",0,0
"SB20","SB147","SB147_SB20",0,0,0,0,"f","f",0,0
"SB6","SB147","SB147_SB6",0,0,0,0,"m","f",0,0
"SB47","SB147","SB147_SB47",2,2,1,1,"f","f",0,0
"SB19","SB147","SB147_SB19",0,0,0,0,"m","f",0,0
"SB46","SB147","SB147_SB46",0,0,0,0,"m","f",0,0
"SB61","SB147","SB147_SB61",0,0,0,0,"m","f",0,0
"SB34","SB147","SB147_SB34",0,0,0,0,"f","f",0,0
"SB39","SB147","SB147_SB39",0,0,0,0,"f","f",0,0
"SB7","SB147","SB147_SB7",0,0,0,0,"f","f",0,0
"SB58","SB147","SB147_SB58",2,2,0,0,"f","f",0,0
"SB37","SB147","SB147_SB37",0,0,0,0,"f","f",0,0
"SB53","SB147","SB147_SB53",0,0,0,0,"f","f",0,0
"SB11","SB147","SB11_SB147",0,0,0,0,"f","f",0,0
"SB57","SB147","SB147_SB57",0,0,0,0,"m","f",0,0
"SB146","SB147","SB146_SB147",1,2,0,0,"m","f",1,0
"SB66","SB147","SB147_SB66",0,0,0,0,"m","f",0,0
"SB133","SB147","SB133_SB147",0,0,0,0,"m","f",0,0
"SB52","SB147","SB147_SB52",0,0,0,0,"m","f",0,0
"SB17","SB147","SB147_SB17",0,0,0,0,"f","f",0,0
"SB118","SB147","SB118_SB147",0,0,0,0,"f","f",0,0
"SB114","SB147","SB114_SB147",0,0,0,0,"f","f",0,0
"SB176","SB147","SB147_SB176",0,0,0,0,"m","f",0,0
"SB179","SB147","SB147_SB179",0,0,0,0,"f","f",0,0
"SB178","SB147","SB147_SB178",0,0,0,0,"m","f",0,0
"SB67","SB147","SB147_SB67",0,0,0,0,"f","f",0,0
"SB154","SB147","SB147_SB154",0,0,0,0,"m","f",0,0
"SB68","SB147","SB147_SB68",0,0,0,0,"m","f",0,0
"SB75","SB147","SB147_SB75",0,0,0,0,"f","f",0,0
"SB65","SB147","SB147_SB65",0,0,0,0,"f","f",0,0
"SB74","SB147","SB147_SB74",0,0,0,0,"m","f",0,0
"SB82","SB147","SB147_SB82",0,0,0,0,"m","f",0,0
"SB18","SB147","SB147_SB18",0,0,0,0,"m","f",0,0
"SB124","SB147","SB124_SB147",0,0,0,0,"m","f",0,0
"SB26","SB147","SB147_SB26",0,0,0,0,"m","f",0,0
"SB33","SB147","SB147_SB33",0,0,0,0,"m","f",0,0
"SB1","SB147","SB1_SB147",0,0,0,0,"m","f",0,0
"SB38","SB147","SB147_SB38",0,0,0,0,"m","f",0,0
"SB10","SB147","SB10_SB147",1,0,0,0,"m","f",0,0
"SB102","SB147","SB102_SB147",0,0,0,0,"m","f",0,0
"SB106","SB147","SB106_SB147",0,0,0,0,"m","f",0,0
"SB116","SB147","SB116_SB147",0,0,0,0,"m","f",0,0
"SB88","SB147","SB147_SB88",0,0,0,0,"m","f",0,0
"SB80","SB147","SB147_SB80",0,0,0,0,"f","f",0,0
"SB79","SB147","SB147_SB79",0,0,0,0,"m","f",0,0
"SB177","SB138","SB138_SB177",0,0,0,0,"f","m",0,0
"SB119","SB138","SB119_SB138",0,0,0,0,"f","m",0,0
"SB140","SB138","SB138_SB140",0,0,0,0,"f","m",0,0.5
"SB89","SB138","SB138_SB89",0,0,0,0,"f","m",0,0
"SB101","SB138","SB101_SB138",0,0,0,0,"f","m",0,0
"SB103","SB138","SB103_SB138",0,0,0,0,"f","m",0,0
"SB107","SB138","SB107_SB138",0,0,0,0,"f","m",0,0
"SB83","SB138","SB138_SB83",0,0,0,0,"f","m",0,0
"SB93","SB138","SB138_SB93",0,0,0,0,"f","m",0,0
"SB120","SB138","SB120_SB138",0,0,0,0,"m","m",0,0
"SB84","SB138","SB138_SB84",0,0,0,0,"m","m",0,0
"SB117","SB138","SB117_SB138",0,0,0,0,"m","m",0,0
"SB148","SB138","SB138_SB148",0,0,0,0,"m","m",0,0
"SB62","SB138","SB138_SB62",0,0,0,0,"f","m",0,0
"SB152","SB138","SB138_SB152",0,0,0,0,"m","m",0,0
"SB143","SB138","SB138_SB143",1,0,0,0,"m","m",0,0.5
"SB150","SB138","SB138_SB150",0,0,0,0,"f","m",0,0
"SB151","SB138","SB138_SB151",0,0,0,0,"f","m",0,0
"SB158","SB138","SB138_SB158",0,0,0,0,"f","m",0,0
"SB153","SB138","SB138_SB153",0,0,0,0,"f","m",0,0
"SB155","SB138","SB138_SB155",0,0,0,0,"f","m",0,0
"SB163","SB138","SB138_SB163",0,0,0,0,"f","m",0,0
"SB169","SB138","SB138_SB169",0,0,0,0,"f","m",0,0
"SB149","SB138","SB138_SB149",0,0,0,0,"m","m",0,0
"SB157","SB138","SB138_SB157",0,0,0,1,"m","m",0,0
"SB162","SB138","SB138_SB162",0,0,0,0,"m","m",0,0
"SB27","SB138","SB138_SB27",0,0,0,0,"f","m",0,0
"SB2","SB138","SB138_SB2",0,0,0,0,"f","m",0,0
"SB20","SB138","SB138_SB20",0,0,0,0,"f","m",0,0
"SB6","SB138","SB138_SB6",0,0,0,1,"m","m",0,0
"SB47","SB138","SB138_SB47",0,0,0,0,"f","m",0,0
"SB19","SB138","SB138_SB19",0,0,0,0,"m","m",0,0
"SB46","SB138","SB138_SB46",0,0,0,0,"m","m",0,0
"SB61","SB138","SB138_SB61",0,0,0,0,"m","m",0,0
"SB34","SB138","SB138_SB34",0,0,0,0,"f","m",0,0
"SB39","SB138","SB138_SB39",0,0,0,0,"f","m",0,0
"SB7","SB138","SB138_SB7",0,0,0,0,"f","m",0,0
"SB58","SB138","SB138_SB58",0,0,0,0,"f","m",0,0
"SB37","SB138","SB138_SB37",0,0,0,0,"f","m",0,0
"SB53","SB138","SB138_SB53",0,0,0,0,"f","m",0,0
"SB11","SB138","SB11_SB138",0,0,0,0,"f","m",0,0
"SB57","SB138","SB138_SB57",0,0,0,0,"m","m",0,0
"SB146","SB138","SB138_SB146",1,0,0,0,"m","m",0,0
"SB66","SB138","SB138_SB66",0,0,0,1,"m","m",0,0
"SB133","SB138","SB133_SB138",1,0,0,0,"m","m",0,0
"SB52","SB138","SB138_SB52",0,0,0,0,"m","m",0,0
"SB17","SB138","SB138_SB17",0,0,0,0,"f","m",0,0
"SB118","SB138","SB118_SB138",0,0,0,0,"f","m",0,0
"SB114","SB138","SB114_SB138",0,0,0,0,"f","m",0,0
"SB176","SB138","SB138_SB176",0,0,0,2,"m","m",0,0
"SB179","SB138","SB138_SB179",0,0,0,0,"f","m",0,0
"SB178","SB138","SB138_SB178",0,0,0,0,"m","m",0,0
"SB67","SB138","SB138_SB67",0,0,0,0,"f","m",0,0
"SB154","SB138","SB138_SB154",0,0,0,0,"m","m",0,0
"SB68","SB138","SB138_SB68",0,0,0,0,"m","m",0,0
"SB75","SB138","SB138_SB75",0,0,0,0,"f","m",0,0
"SB65","SB138","SB138_SB65",0,0,0,0,"f","m",0,0
"SB74","SB138","SB138_SB74",0,0,0,0,"m","m",0,0
"SB82","SB138","SB138_SB82",0,0,0,0,"m","m",0,0
"SB18","SB138","SB138_SB18",0,0,0,0,"m","m",0,0
"SB124","SB138","SB124_SB138",0,0,0,0,"m","m",0,0
"SB26","SB138","SB138_SB26",0,0,0,0,"m","m",0,0
"SB33","SB138","SB138_SB33",0,0,0,0,"m","m",0,0
"SB1","SB138","SB1_SB138",0,0,0,0,"m","m",0,0
"SB38","SB138","SB138_SB38",0,0,0,0,"m","m",0,0
"SB10","SB138","SB10_SB138",0,0,0,0,"m","m",0,0
"SB102","SB138","SB102_SB138",0,0,0,0,"m","m",0,0
"SB106","SB138","SB106_SB138",0,0,0,0,"m","m",0,0
"SB116","SB138","SB116_SB138",0,0,0,0,"m","m",0,0
"SB88","SB138","SB138_SB88",0,0,0,0,"m","m",0,0
"SB80","SB138","SB138_SB80",0,0,0,0,"f","m",0,0
"SB79","SB138","SB138_SB79",0,0,0,0,"m","m",0,0
"SB119","SB177","SB119_SB177",0,2,1,2,"f","f",0,0.03125
"SB140","SB177","SB140_SB177",0,0,0,0,"f","f",0,0.03125
"SB89","SB177","SB177_SB89",0,0,0,0,"f","f",0,0.015625
"SB101","SB177","SB101_SB177",0,0,0,2,"f","f",0,0.0625
"SB103","SB177","SB103_SB177",0,0,0,0,"f","f",0,0.03125
"SB107","SB177","SB107_SB177",0,0,0,0,"f","f",0,0.03125
"SB83","SB177","SB177_SB83",0,0,0,0,"f","f",0,0.03125
"SB93","SB177","SB177_SB93",0,0,0,0,"f","f",0,0.03125
"SB120","SB177","SB120_SB177",0,0,0,0,"m","f",0,0.015625
"SB84","SB177","SB177_SB84",0,0,0,0,"m","f",0,0.015625
"SB117","SB177","SB117_SB177",0,0,0,0,"m","f",0,0.015625
"SB148","SB177","SB148_SB177",0,0,0,0,"m","f",0,0
"SB62","SB177","SB177_SB62",0,0,0,0,"f","f",0,0
"SB152","SB177","SB152_SB177",0,0,0,0,"m","f",0,0
"SB143","SB177","SB143_SB177",0,0,0,0,"m","f",0,0.03125
"SB150","SB177","SB150_SB177",0,0,0,0,"f","f",0,0
"SB151","SB177","SB151_SB177",0,0,0,0,"f","f",0,0
"SB158","SB177","SB158_SB177",0,0,0,0,"f","f",0,0
"SB153","SB177","SB153_SB177",0,0,0,0,"f","f",0,0
"SB155","SB177","SB155_SB177",0,0,0,0,"f","f",0,0
"SB163","SB177","SB163_SB177",0,0,0,0,"f","f",0,0
"SB169","SB177","SB169_SB177",0,0,0,0,"f","f",0,0
"SB149","SB177","SB149_SB177",0,0,0,0,"m","f",0,0
"SB157","SB177","SB157_SB177",0,0,0,0,"m","f",0,0
"SB162","SB177","SB162_SB177",0,0,0,0,"m","f",0,0
"SB27","SB177","SB177_SB27",0,0,0,0,"f","f",0,0
"SB2","SB177","SB177_SB2",0,0,0,0,"f","f",0,0
"SB20","SB177","SB177_SB20",0,0,0,0,"f","f",0,0
"SB6","SB177","SB177_SB6",0,0,0,0,"m","f",0,0
"SB47","SB177","SB177_SB47",0,0,0,0,"f","f",0,0
"SB19","SB177","SB177_SB19",0,0,0,0,"m","f",0,0
"SB46","SB177","SB177_SB46",0,0,0,0,"m","f",0,0
"SB61","SB177","SB177_SB61",0,0,0,0,"m","f",0,0
"SB34","SB177","SB177_SB34",0,0,0,0,"f","f",0,0
"SB39","SB177","SB177_SB39",0,0,0,0,"f","f",0,0
"SB7","SB177","SB177_SB7",0,1,0,1,"f","f",0,0
"SB58","SB177","SB177_SB58",0,0,0,0,"f","f",0,0
"SB37","SB177","SB177_SB37",0,0,0,0,"f","f",0,0
"SB53","SB177","SB177_SB53",0,0,0,0,"f","f",0,0
"SB11","SB177","SB11_SB177",0,0,0,0,"f","f",0,0
"SB57","SB177","SB177_SB57",0,0,0,0,"m","f",0,0
"SB146","SB177","SB146_SB177",0,0,0,0,"m","f",0,0
"SB66","SB177","SB177_SB66",0,0,0,0,"m","f",0,0
"SB133","SB177","SB133_SB177",0,0,0,0,"m","f",0,0.5
"SB52","SB177","SB177_SB52",0,0,0,0,"m","f",0,0
"SB17","SB177","SB17_SB177",0,0,0,0,"f","f",0,0
"SB118","SB177","SB118_SB177",0,0,0,0,"f","f",0,0
"SB114","SB177","SB114_SB177",0,0,0,0,"f","f",0,0
"SB176","SB177","SB176_SB177",3,2,1,0,"m","f",1,0
"SB179","SB177","SB177_SB179",2,2,1,0,"f","f",0,0
"SB178","SB177","SB177_SB178",2,2,2,0,"m","f",0,0.5
"SB67","SB177","SB177_SB67",0,0,0,2,"f","f",0,0
"SB154","SB177","SB154_SB177",0,0,0,0,"m","f",0,0.25
"SB68","SB177","SB177_SB68",0,0,0,0,"m","f",0,0
"SB75","SB177","SB177_SB75",0,0,0,0,"f","f",0,0
"SB65","SB177","SB177_SB65",0,0,0,0,"f","f",0,0
"SB74","SB177","SB177_SB74",0,0,0,0,"m","f",0,0
"SB82","SB177","SB177_SB82",0,0,0,0,"m","f",0,0
"SB18","SB177","SB177_SB18",0,0,0,0,"m","f",0,0
"SB124","SB177","SB124_SB177",0,0,0,0,"m","f",0,0
"SB26","SB177","SB177_SB26",0,0,0,0,"m","f",0,0
"SB33","SB177","SB177_SB33",0,0,0,0,"m","f",0,0
"SB1","SB177","SB1_SB177",0,0,0,0,"m","f",0,0
"SB38","SB177","SB177_SB38",0,0,0,0,"m","f",0,0
"SB10","SB177","SB10_SB177",0,0,0,0,"m","f",0,0
"SB102","SB177","SB102_SB177",0,0,0,0,"m","f",0,0.03125
"SB106","SB177","SB106_SB177",0,0,0,0,"m","f",0,0
"SB116","SB177","SB116_SB177",0,0,0,0,"m","f",0,0
"SB88","SB177","SB177_SB88",0,0,0,0,"m","f",0,0
"SB80","SB177","SB177_SB80",0,0,0,0,"f","f",0,0
"SB79","SB177","SB177_SB79",0,0,0,0,"m","f",0,0
"SB140","SB119","SB119_SB140",0,0,0,0,"f","f",0,0.0625
"SB89","SB119","SB119_SB89",0,0,1,0,"f","f",0,0.25
"SB101","SB119","SB101_SB119",1,1,0,0,"f","f",0,0.5
"SB103","SB119","SB103_SB119",2,2,2,2,"f","f",0,0.5
"SB107","SB119","SB107_SB119",1,2,2,2,"f","f",0,0.5
"SB83","SB119","SB119_SB83",2,2,0,0,"f","f",0,0.5
"SB93","SB119","SB119_SB93",2,1,0,1,"f","f",0,0.5
"SB120","SB119","SB119_SB120",0,0,0,0,"m","f",0,0.5
"SB84","SB119","SB119_SB84",0,0,0,0,"m","f",0,0.25
"SB117","SB119","SB117_SB119",1,0,0,0,"m","f",0,0.25
"SB148","SB119","SB119_SB148",0,0,0,0,"m","f",0,0
"SB62","SB119","SB119_SB62",0,0,0,0,"f","f",0,0
"SB152","SB119","SB119_SB152",0,0,0,0,"m","f",0,0
"SB143","SB119","SB119_SB143",0,0,0,0,"m","f",0,0.0625
"SB150","SB119","SB119_SB150",0,0,0,0,"f","f",0,0
"SB151","SB119","SB119_SB151",0,0,0,0,"f","f",0,0
"SB158","SB119","SB119_SB158",0,0,0,0,"f","f",0,0
"SB153","SB119","SB119_SB153",0,0,0,0,"f","f",0,0
"SB155","SB119","SB119_SB155",0,0,0,0,"f","f",0,0
"SB163","SB119","SB119_SB163",0,0,0,0,"f","f",0,0
"SB169","SB119","SB119_SB169",0,0,0,0,"f","f",0,0
"SB149","SB119","SB119_SB149",0,0,0,0,"m","f",0,0
"SB157","SB119","SB119_SB157",0,0,0,0,"m","f",0,0
"SB162","SB119","SB119_SB162",0,0,0,0,"m","f",0,0
"SB27","SB119","SB119_SB27",0,0,0,0,"f","f",0,0
"SB2","SB119","SB119_SB2",0,0,0,0,"f","f",0,0
"SB20","SB119","SB119_SB20",0,0,0,0,"f","f",0,0
"SB6","SB119","SB119_SB6",0,0,0,0,"m","f",0,0
"SB47","SB119","SB119_SB47",0,0,0,0,"f","f",0,0
"SB19","SB119","SB119_SB19",0,0,0,0,"m","f",0,0
"SB46","SB119","SB119_SB46",0,0,0,0,"m","f",0,0
"SB61","SB119","SB119_SB61",0,0,0,0,"m","f",0,0
"SB34","SB119","SB119_SB34",0,0,0,0,"f","f",0,0
"SB39","SB119","SB119_SB39",0,0,0,0,"f","f",0,0
"SB7","SB119","SB119_SB7",0,0,0,0,"f","f",0,0
"SB58","SB119","SB119_SB58",0,0,0,0,"f","f",0,0
"SB37","SB119","SB119_SB37",0,0,0,0,"f","f",0,0
"SB53","SB119","SB119_SB53",0,0,0,0,"f","f",0,0
"SB11","SB119","SB11_SB119",0,0,0,0,"f","f",0,0
"SB57","SB119","SB119_SB57",0,0,0,0,"m","f",0,0
"SB146","SB119","SB119_SB146",0,0,0,0,"m","f",0,0
"SB66","SB119","SB119_SB66",0,0,0,0,"m","f",0,0
"SB133","SB119","SB119_SB133",0,0,0,0,"m","f",0,0.03125
"SB52","SB119","SB119_SB52",0,0,0,0,"m","f",0,0
"SB17","SB119","SB119_SB17",0,0,0,0,"f","f",0,0
"SB118","SB119","SB118_SB119",0,0,0,0,"f","f",0,0
"SB114","SB119","SB114_SB119",0,0,0,0,"f","f",0,0
"SB176","SB119","SB119_SB176",0,0,0,0,"m","f",0,0
"SB179","SB119","SB119_SB179",0,0,0,0,"f","f",0,0
"SB178","SB119","SB119_SB178",0,0,0,0,"m","f",0,0.015625
"SB67","SB119","SB119_SB67",0,0,0,0,"f","f",0,0
"SB154","SB119","SB119_SB154",0,0,0,0,"m","f",0,0.015625
"SB68","SB119","SB119_SB68",0,0,0,0,"m","f",0,0
"SB75","SB119","SB119_SB75",0,0,0,0,"f","f",0,0
"SB65","SB119","SB119_SB65",0,0,0,0,"f","f",0,0
"SB74","SB119","SB119_SB74",0,0,0,0,"m","f",0,0
"SB82","SB119","SB119_SB82",0,0,0,0,"m","f",0,0
"SB18","SB119","SB119_SB18",0,0,0,0,"m","f",0,0
"SB124","SB119","SB119_SB124",0,0,0,0,"m","f",0,0
"SB26","SB119","SB119_SB26",0,0,0,0,"m","f",0,0
"SB33","SB119","SB119_SB33",0,0,0,0,"m","f",0,0
"SB1","SB119","SB1_SB119",0,0,0,0,"m","f",0,0
"SB38","SB119","SB119_SB38",0,0,0,0,"m","f",0,0
"SB10","SB119","SB10_SB119",0,0,0,0,"m","f",0,0
"SB102","SB119","SB102_SB119",0,0,0,0,"m","f",0,0.5
"SB106","SB119","SB106_SB119",0,0,0,0,"m","f",0,0
"SB116","SB119","SB116_SB119",0,0,0,0,"m","f",0,0
"SB88","SB119","SB119_SB88",0,0,0,0,"m","f",0,0
"SB80","SB119","SB119_SB80",0,0,0,0,"f","f",0,0
"SB79","SB119","SB119_SB79",0,0,0,0,"m","f",0,0
"SB89","SB140","SB140_SB89",0,0,0,2,"f","f",0,0.03125
"SB101","SB140","SB101_SB140",0,0,0,0,"f","f",0,0.125
"SB103","SB140","SB103_SB140",0,0,0,0,"f","f",0,0.0625
"SB107","SB140","SB107_SB140",0,0,0,0,"f","f",0,0.0625
"SB83","SB140","SB140_SB83",0,0,0,0,"f","f",0,0.0625
"SB93","SB140","SB140_SB93",0,0,0,0,"f","f",0,0.0625
"SB120","SB140","SB120_SB140",0,0,0,0,"m","f",0,0.03125
"SB84","SB140","SB140_SB84",0,0,0,0,"m","f",0,0.03125
"SB117","SB140","SB117_SB140",0,0,0,0,"m","f",0,0.03125
"SB148","SB140","SB140_SB148",0,0,0,0,"m","f",0,0
"SB62","SB140","SB140_SB62",0,0,0,0,"f","f",0,0
"SB152","SB140","SB140_SB152",0,0,0,0,"m","f",0,0
"SB143","SB140","SB140_SB143",0,0,0,0,"m","f",0,0.5
"SB150","SB140","SB140_SB150",0,0,0,0,"f","f",0,0
"SB151","SB140","SB140_SB151",0,0,0,0,"f","f",0,0
"SB158","SB140","SB140_SB158",0,0,0,0,"f","f",0,0
"SB153","SB140","SB140_SB153",0,0,0,0,"f","f",0,0
"SB155","SB140","SB140_SB155",0,0,0,0,"f","f",0,0
"SB163","SB140","SB140_SB163",0,0,0,0,"f","f",0,0
"SB169","SB140","SB140_SB169",0,0,0,0,"f","f",0,0
"SB149","SB140","SB140_SB149",0,0,0,0,"m","f",0,0
"SB157","SB140","SB140_SB157",0,0,0,0,"m","f",0,0
"SB162","SB140","SB140_SB162",0,0,0,0,"m","f",0,0
"SB27","SB140","SB140_SB27",0,0,0,0,"f","f",0,0
"SB2","SB140","SB140_SB2",0,0,0,0,"f","f",0,0
"SB20","SB140","SB140_SB20",0,0,0,0,"f","f",0,0
"SB6","SB140","SB140_SB6",0,0,0,0,"m","f",0,0
"SB47","SB140","SB140_SB47",0,0,0,0,"f","f",0,0
"SB19","SB140","SB140_SB19",0,0,0,0,"m","f",0,0
"SB46","SB140","SB140_SB46",0,0,0,0,"m","f",0,0
"SB61","SB140","SB140_SB61",0,0,0,0,"m","f",0,0
"SB34","SB140","SB140_SB34",0,0,0,0,"f","f",0,0
"SB39","SB140","SB140_SB39",0,0,0,0,"f","f",0,0
"SB7","SB140","SB140_SB7",0,0,0,0,"f","f",0,0
"SB58","SB140","SB140_SB58",0,0,0,0,"f","f",0,0
"SB37","SB140","SB140_SB37",0,0,0,0,"f","f",0,0
"SB53","SB140","SB140_SB53",0,0,0,0,"f","f",0,0
"SB11","SB140","SB11_SB140",0,0,0,0,"f","f",0,0
"SB57","SB140","SB140_SB57",0,0,0,0,"m","f",0,0
"SB146","SB140","SB140_SB146",0,0,0,0,"m","f",0,0
"SB66","SB140","SB140_SB66",0,0,0,0,"m","f",0,0
"SB133","SB140","SB133_SB140",0,0,0,0,"m","f",0,0.03125
"SB52","SB140","SB140_SB52",0,0,0,0,"m","f",0,0
"SB17","SB140","SB140_SB17",0,0,0,0,"f","f",0,0
"SB118","SB140","SB118_SB140",0,0,0,0,"f","f",0,0
"SB114","SB140","SB114_SB140",0,0,0,0,"f","f",0,0
"SB176","SB140","SB140_SB176",0,0,0,0,"m","f",0,0
"SB179","SB140","SB140_SB179",0,0,0,0,"f","f",0,0
"SB178","SB140","SB140_SB178",0,0,0,0,"m","f",0,0.015625
"SB67","SB140","SB140_SB67",0,0,0,0,"f","f",0,0
"SB154","SB140","SB140_SB154",0,0,0,0,"m","f",0,0.015625
"SB68","SB140","SB140_SB68",0,0,0,0,"m","f",0,0
"SB75","SB140","SB140_SB75",0,0,0,0,"f","f",0,0
"SB65","SB140","SB140_SB65",0,0,0,0,"f","f",0,0
"SB74","SB140","SB140_SB74",0,0,0,0,"m","f",0,0
"SB82","SB140","SB140_SB82",0,0,0,0,"m","f",0,0
"SB18","SB140","SB140_SB18",0,0,0,0,"m","f",0,0
"SB124","SB140","SB124_SB140",0,0,0,0,"m","f",0,0
"SB26","SB140","SB140_SB26",0,0,0,0,"m","f",0,0
"SB33","SB140","SB140_SB33",0,0,0,0,"m","f",0,0
"SB1","SB140","SB1_SB140",0,0,0,0,"m","f",0,0
"SB38","SB140","SB140_SB38",0,0,0,0,"m","f",0,0
"SB10","SB140","SB10_SB140",0,0,0,0,"m","f",0,0
"SB102","SB140","SB102_SB140",0,0,0,0,"m","f",0,0.0625
"SB106","SB140","SB106_SB140",0,0,0,0,"m","f",0,0
"SB116","SB140","SB116_SB140",0,0,0,0,"m","f",0,0
"SB88","SB140","SB140_SB88",0,0,0,0,"m","f",0,0
"SB80","SB140","SB140_SB80",0,0,0,0,"f","f",0,0
"SB79","SB140","SB140_SB79",0,0,0,0,"m","f",0,0
"SB101","SB89","SB101_SB89",2,0,0,0,"f","f",0,0.25
"SB103","SB89","SB103_SB89",3,1,3,2,"f","f",0,0.25
"SB107","SB89","SB107_SB89",1,2,2,0,"f","f",0,0.5
"SB83","SB89","SB83_SB89",0,1,0,0,"f","f",0,0.25
"SB93","SB89","SB89_SB93",0,0,0,0,"f","f",0,0.25
"SB120","SB89","SB120_SB89",0,0,0,0,"m","f",0,0.125
"SB84","SB89","SB84_SB89",0,0,0,0,"m","f",0,0.125
"SB117","SB89","SB117_SB89",2,0,0,0,"m","f",0,0.5
"SB148","SB89","SB148_SB89",0,0,0,0,"m","f",0,0
"SB62","SB89","SB62_SB89",0,0,0,0,"f","f",0,0
"SB152","SB89","SB152_SB89",0,0,0,0,"m","f",0,0
"SB143","SB89","SB143_SB89",0,0,0,0,"m","f",0,0.03125
"SB150","SB89","SB150_SB89",0,0,0,0,"f","f",0,0
"SB151","SB89","SB151_SB89",0,0,0,0,"f","f",0,0
"SB158","SB89","SB158_SB89",0,0,0,0,"f","f",0,0
"SB153","SB89","SB153_SB89",0,0,0,0,"f","f",0,0
"SB155","SB89","SB155_SB89",0,0,0,0,"f","f",0,0
"SB163","SB89","SB163_SB89",0,0,0,0,"f","f",0,0
"SB169","SB89","SB169_SB89",0,0,0,0,"f","f",0,0
"SB149","SB89","SB149_SB89",0,0,0,0,"m","f",0,0
"SB157","SB89","SB157_SB89",0,0,0,0,"m","f",0,0
"SB162","SB89","SB162_SB89",0,0,0,0,"m","f",0,0
"SB27","SB89","SB27_SB89",0,0,0,0,"f","f",0,0
"SB2","SB89","SB2_SB89",0,0,0,0,"f","f",0,0
"SB20","SB89","SB20_SB89",0,0,0,0,"f","f",0,0
"SB6","SB89","SB6_SB89",0,0,0,0,"m","f",0,0
"SB47","SB89","SB47_SB89",0,0,0,0,"f","f",0,0
"SB19","SB89","SB19_SB89",0,0,0,0,"m","f",0,0
"SB46","SB89","SB46_SB89",0,0,0,0,"m","f",0,0
"SB61","SB89","SB61_SB89",0,0,0,0,"m","f",0,0
"SB34","SB89","SB34_SB89",0,0,0,0,"f","f",0,0
"SB39","SB89","SB39_SB89",0,0,0,0,"f","f",0,0
"SB7","SB89","SB7_SB89",0,0,0,0,"f","f",0,0
"SB58","SB89","SB58_SB89",0,0,0,0,"f","f",0,0
"SB37","SB89","SB37_SB89",0,0,0,0,"f","f",0,0
"SB53","SB89","SB53_SB89",0,0,0,0,"f","f",0,0
"SB11","SB89","SB11_SB89",0,0,0,0,"f","f",0,0
"SB57","SB89","SB57_SB89",0,0,0,0,"m","f",0,0
"SB146","SB89","SB146_SB89",0,0,0,0,"m","f",0,0
"SB66","SB89","SB66_SB89",0,0,0,0,"m","f",0,0
"SB133","SB89","SB133_SB89",0,0,0,0,"m","f",0,0.015625
"SB52","SB89","SB52_SB89",0,0,0,0,"m","f",0,0
"SB17","SB89","SB17_SB89",0,0,0,0,"f","f",0,0
"SB118","SB89","SB118_SB89",1,1,2,2,"f","f",0,0
"SB114","SB89","SB114_SB89",0,1,1,1,"f","f",0,0
"SB176","SB89","SB176_SB89",0,0,0,0,"m","f",0,0
"SB179","SB89","SB179_SB89",0,0,0,0,"f","f",0,0
"SB178","SB89","SB178_SB89",0,0,0,0,"m","f",0,0.0078125
"SB67","SB89","SB67_SB89",0,0,0,0,"f","f",0,0
"SB154","SB89","SB154_SB89",0,0,0,0,"m","f",0,0.0078125
"SB68","SB89","SB68_SB89",0,0,0,0,"m","f",0,0
"SB75","SB89","SB75_SB89",0,0,0,0,"f","f",0,0
"SB65","SB89","SB65_SB89",0,0,0,0,"f","f",0,0
"SB74","SB89","SB74_SB89",0,0,0,0,"m","f",0,0
"SB82","SB89","SB82_SB89",0,0,0,0,"m","f",0,0
"SB18","SB89","SB18_SB89",0,0,0,0,"m","f",0,0
"SB124","SB89","SB124_SB89",0,0,0,0,"m","f",0,0
"SB26","SB89","SB26_SB89",0,0,0,0,"m","f",0,0
"SB33","SB89","SB33_SB89",0,0,0,0,"m","f",0,0
"SB1","SB89","SB1_SB89",0,0,0,0,"m","f",0,0
"SB38","SB89","SB38_SB89",0,0,0,0,"m","f",0,0
"SB10","SB89","SB10_SB89",0,0,0,0,"m","f",0,0
"SB102","SB89","SB102_SB89",0,0,0,0,"m","f",0,0.25
"SB106","SB89","SB106_SB89",0,0,0,0,"m","f",0,0
"SB116","SB89","SB116_SB89",0,0,0,0,"m","f",0,0
"SB88","SB89","SB88_SB89",1,0,0,0,"m","f",1,0
"SB80","SB89","SB80_SB89",0,0,0,0,"f","f",0,0
"SB79","SB89","SB79_SB89",0,0,0,0,"m","f",0,0
"SB103","SB101","SB101_SB103",2,1,0,0,"f","f",0,0.5
"SB107","SB101","SB101_SB107",0,3,2,0,"f","f",0,0.5
"SB83","SB101","SB101_SB83",1,0,0,1,"f","f",0,0.5
"SB93","SB101","SB101_SB93",1,2,0,0,"f","f",0,0.5
"SB120","SB101","SB101_SB120",0,0,0,0,"m","f",0,0.25
"SB84","SB101","SB101_SB84",0,0,0,0,"m","f",0,0.25
"SB117","SB101","SB101_SB117",2,0,0,0,"m","f",0,0.25
"SB148","SB101","SB101_SB148",0,0,0,0,"m","f",0,0
"SB62","SB101","SB101_SB62",0,0,0,0,"f","f",0,0
"SB152","SB101","SB101_SB152",0,0,0,0,"m","f",0,0
"SB143","SB101","SB101_SB143",0,0,0,0,"m","f",0,0.125
"SB150","SB101","SB101_SB150",0,0,0,0,"f","f",0,0
"SB151","SB101","SB101_SB151",0,0,0,0,"f","f",0,0
"SB158","SB101","SB101_SB158",0,0,0,0,"f","f",0,0
"SB153","SB101","SB101_SB153",0,0,0,0,"f","f",0,0
"SB155","SB101","SB101_SB155",0,0,0,0,"f","f",0,0
"SB163","SB101","SB101_SB163",0,0,0,0,"f","f",0,0
"SB169","SB101","SB101_SB169",0,0,0,0,"f","f",0,0
"SB149","SB101","SB101_SB149",0,0,0,0,"m","f",0,0
"SB157","SB101","SB101_SB157",0,0,0,0,"m","f",0,0
"SB162","SB101","SB101_SB162",0,0,0,0,"m","f",0,0
"SB27","SB101","SB101_SB27",0,0,0,0,"f","f",0,0
"SB2","SB101","SB101_SB2",0,0,0,0,"f","f",0,0
"SB20","SB101","SB101_SB20",0,0,0,0,"f","f",0,0
"SB6","SB101","SB101_SB6",0,0,0,0,"m","f",0,0
"SB47","SB101","SB101_SB47",0,0,0,0,"f","f",0,0
"SB19","SB101","SB101_SB19",0,0,0,0,"m","f",0,0
"SB46","SB101","SB101_SB46",0,0,0,0,"m","f",0,0
"SB61","SB101","SB101_SB61",0,0,0,0,"m","f",0,0
"SB34","SB101","SB101_SB34",0,0,0,0,"f","f",0,0
"SB39","SB101","SB101_SB39",0,0,0,0,"f","f",0,0
"SB7","SB101","SB101_SB7",0,0,0,0,"f","f",0,0
"SB58","SB101","SB101_SB58",0,0,0,0,"f","f",0,0
"SB37","SB101","SB101_SB37",0,0,0,0,"f","f",0,0
"SB53","SB101","SB101_SB53",0,0,0,0,"f","f",0,0
"SB11","SB101","SB101_SB11",0,0,0,0,"f","f",0,0
"SB57","SB101","SB101_SB57",0,0,0,0,"m","f",0,0
"SB146","SB101","SB101_SB146",0,0,0,0,"m","f",0,0
"SB66","SB101","SB101_SB66",0,0,0,0,"m","f",0,0
"SB133","SB101","SB101_SB133",0,0,0,0,"m","f",0,0.0625
"SB52","SB101","SB101_SB52",0,0,0,0,"m","f",0,0
"SB17","SB101","SB101_SB17",0,0,0,0,"f","f",0,0
"SB118","SB101","SB101_SB118",0,0,0,0,"f","f",0,0
"SB114","SB101","SB101_SB114",0,0,0,0,"f","f",0,0
"SB176","SB101","SB101_SB176",0,0,0,0,"m","f",0,0
"SB179","SB101","SB101_SB179",0,0,0,0,"f","f",0,0
"SB178","SB101","SB101_SB178",0,0,0,0,"m","f",0,0.03125
"SB67","SB101","SB101_SB67",0,0,0,0,"f","f",0,0
"SB154","SB101","SB101_SB154",0,0,0,0,"m","f",0,0.03125
"SB68","SB101","SB101_SB68",0,0,0,0,"m","f",0,0
"SB75","SB101","SB101_SB75",0,0,0,0,"f","f",0,0
"SB65","SB101","SB101_SB65",0,0,0,0,"f","f",0,0
"SB74","SB101","SB101_SB74",0,0,0,0,"m","f",0,0
"SB82","SB101","SB101_SB82",0,0,0,0,"m","f",0,0
"SB18","SB101","SB101_SB18",0,0,0,0,"m","f",0,0
"SB124","SB101","SB101_SB124",0,0,0,0,"m","f",0,0
"SB26","SB101","SB101_SB26",0,0,0,0,"m","f",0,0
"SB33","SB101","SB101_SB33",0,0,0,0,"m","f",0,0
"SB1","SB101","SB1_SB101",0,0,0,0,"m","f",0,0
"SB38","SB101","SB101_SB38",0,0,0,0,"m","f",0,0
"SB10","SB101","SB10_SB101",0,0,0,0,"m","f",0,0
"SB102","SB101","SB101_SB102",0,0,0,0,"m","f",0,0.5
"SB106","SB101","SB101_SB106",0,0,0,0,"m","f",0,0
"SB116","SB101","SB101_SB116",0,0,0,0,"m","f",0,0
"SB88","SB101","SB101_SB88",0,0,0,0,"m","f",0,0
"SB80","SB101","SB101_SB80",0,0,0,0,"f","f",0,0
"SB79","SB101","SB101_SB79",0,0,0,0,"m","f",0,0
"SB107","SB103","SB103_SB107",2,3,3,2,"f","f",0,0.5
"SB83","SB103","SB103_SB83",1,1,2,2,"f","f",0,0.5
"SB93","SB103","SB103_SB93",3,1,2,2,"f","f",0,0.5
"SB120","SB103","SB103_SB120",0,0,0,0,"m","f",0,0.25
"SB84","SB103","SB103_SB84",0,0,0,0,"m","f",0,0.25
"SB117","SB103","SB103_SB117",2,0,0,0,"m","f",0,0.25
"SB148","SB103","SB103_SB148",0,0,0,0,"m","f",0,0
"SB62","SB103","SB103_SB62",0,0,0,0,"f","f",0,0
"SB152","SB103","SB103_SB152",0,0,0,0,"m","f",0,0
"SB143","SB103","SB103_SB143",0,0,0,0,"m","f",0,0.0625
"SB150","SB103","SB103_SB150",0,0,0,0,"f","f",0,0
"SB151","SB103","SB103_SB151",0,0,0,0,"f","f",0,0
"SB158","SB103","SB103_SB158",0,0,0,0,"f","f",0,0
"SB153","SB103","SB103_SB153",0,0,0,0,"f","f",0,0
"SB155","SB103","SB103_SB155",0,0,0,0,"f","f",0,0
"SB163","SB103","SB103_SB163",0,0,0,0,"f","f",0,0
"SB169","SB103","SB103_SB169",0,0,0,0,"f","f",0,0
"SB149","SB103","SB103_SB149",0,0,0,0,"m","f",0,0
"SB157","SB103","SB103_SB157",0,0,0,0,"m","f",0,0
"SB162","SB103","SB103_SB162",0,0,0,0,"m","f",0,0
"SB27","SB103","SB103_SB27",0,0,0,0,"f","f",0,0
"SB2","SB103","SB103_SB2",0,0,0,0,"f","f",0,0
"SB20","SB103","SB103_SB20",0,0,0,0,"f","f",0,0
"SB6","SB103","SB103_SB6",0,0,0,0,"m","f",0,0
"SB47","SB103","SB103_SB47",0,0,0,0,"f","f",0,0
"SB19","SB103","SB103_SB19",0,0,0,0,"m","f",0,0
"SB46","SB103","SB103_SB46",0,0,0,0,"m","f",0,0
"SB61","SB103","SB103_SB61",0,0,0,0,"m","f",0,0
"SB34","SB103","SB103_SB34",0,0,0,0,"f","f",0,0
"SB39","SB103","SB103_SB39",0,0,0,0,"f","f",0,0
"SB7","SB103","SB103_SB7",0,0,0,0,"f","f",0,0
"SB58","SB103","SB103_SB58",0,0,0,0,"f","f",0,0
"SB37","SB103","SB103_SB37",0,0,0,0,"f","f",0,0
"SB53","SB103","SB103_SB53",0,0,0,0,"f","f",0,0
"SB11","SB103","SB103_SB11",0,0,0,0,"f","f",0,0
"SB57","SB103","SB103_SB57",0,0,0,0,"m","f",0,0
"SB146","SB103","SB103_SB146",0,0,0,0,"m","f",0,0
"SB66","SB103","SB103_SB66",0,0,0,0,"m","f",0,0
"SB133","SB103","SB103_SB133",0,0,0,0,"m","f",0,0.03125
"SB52","SB103","SB103_SB52",0,0,0,0,"m","f",0,0
"SB17","SB103","SB103_SB17",0,0,0,0,"f","f",0,0
"SB118","SB103","SB103_SB118",1,1,0,0,"f","f",0,0
"SB114","SB103","SB103_SB114",0,0,0,0,"f","f",0,0
"SB176","SB103","SB103_SB176",0,0,0,0,"m","f",0,0
"SB179","SB103","SB103_SB179",0,0,0,0,"f","f",0,0
"SB178","SB103","SB103_SB178",0,0,0,0,"m","f",0,0.015625
"SB67","SB103","SB103_SB67",0,0,0,0,"f","f",0,0
"SB154","SB103","SB103_SB154",0,0,0,0,"m","f",0,0.015625
"SB68","SB103","SB103_SB68",0,0,0,0,"m","f",0,0
"SB75","SB103","SB103_SB75",0,0,0,0,"f","f",0,0
"SB65","SB103","SB103_SB65",0,0,0,0,"f","f",0,0
"SB74","SB103","SB103_SB74",0,0,0,0,"m","f",0,0
"SB82","SB103","SB103_SB82",0,0,0,0,"m","f",0,0
"SB18","SB103","SB103_SB18",0,0,0,0,"m","f",0,0
"SB124","SB103","SB103_SB124",0,0,0,0,"m","f",0,0
"SB26","SB103","SB103_SB26",0,0,0,0,"m","f",0,0
"SB33","SB103","SB103_SB33",0,0,0,0,"m","f",0,0
"SB1","SB103","SB1_SB103",0,0,0,0,"m","f",0,0
"SB38","SB103","SB103_SB38",0,0,0,0,"m","f",0,0
"SB10","SB103","SB10_SB103",0,0,0,0,"m","f",0,0
"SB102","SB103","SB102_SB103",0,0,0,0,"m","f",0,0.5
"SB106","SB103","SB103_SB106",0,0,0,0,"m","f",0,0
"SB116","SB103","SB103_SB116",0,0,0,0,"m","f",0,0
"SB88","SB103","SB103_SB88",0,0,0,0,"m","f",0,0
"SB80","SB103","SB103_SB80",0,0,0,0,"f","f",0,0
"SB79","SB103","SB103_SB79",0,0,0,0,"m","f",0,0
"SB83","SB107","SB107_SB83",1,2,2,1,"f","f",0,0.5
"SB93","SB107","SB107_SB93",0,2,2,0,"f","f",0,0.5
"SB120","SB107","SB107_SB120",0,1,1,0,"m","f",0,0.25
"SB84","SB107","SB107_SB84",0,2,1,0,"m","f",0,0.25
"SB117","SB107","SB107_SB117",1,2,1,0,"m","f",0,0.5
"SB148","SB107","SB107_SB148",0,0,0,0,"m","f",0,0
"SB62","SB107","SB107_SB62",0,0,0,0,"f","f",0,0
"SB152","SB107","SB107_SB152",0,0,0,0,"m","f",0,0
"SB143","SB107","SB107_SB143",0,0,0,0,"m","f",0,0.0625
"SB150","SB107","SB107_SB150",0,0,0,0,"f","f",0,0
"SB151","SB107","SB107_SB151",0,0,0,0,"f","f",0,0
"SB158","SB107","SB107_SB158",0,0,0,0,"f","f",0,0
"SB153","SB107","SB107_SB153",0,0,0,0,"f","f",0,0
"SB155","SB107","SB107_SB155",0,0,0,0,"f","f",0,0
"SB163","SB107","SB107_SB163",0,0,0,0,"f","f",0,0
"SB169","SB107","SB107_SB169",0,0,0,0,"f","f",0,0
"SB149","SB107","SB107_SB149",0,0,0,0,"m","f",0,0
"SB157","SB107","SB107_SB157",0,0,0,0,"m","f",0,0
"SB162","SB107","SB107_SB162",0,0,0,0,"m","f",0,0
"SB27","SB107","SB107_SB27",0,0,0,0,"f","f",0,0
"SB2","SB107","SB107_SB2",0,0,0,0,"f","f",0,0
"SB20","SB107","SB107_SB20",0,0,0,0,"f","f",0,0
"SB6","SB107","SB107_SB6",0,0,0,0,"m","f",0,0
"SB47","SB107","SB107_SB47",0,0,0,0,"f","f",0,0
"SB19","SB107","SB107_SB19",0,0,0,0,"m","f",0,0
"SB46","SB107","SB107_SB46",0,0,0,0,"m","f",0,0
"SB61","SB107","SB107_SB61",0,0,0,0,"m","f",0,0
"SB34","SB107","SB107_SB34",0,0,0,0,"f","f",0,0
"SB39","SB107","SB107_SB39",0,0,0,0,"f","f",0,0
"SB7","SB107","SB107_SB7",0,0,0,0,"f","f",0,0
"SB58","SB107","SB107_SB58",0,0,0,0,"f","f",0,0
"SB37","SB107","SB107_SB37",0,0,0,0,"f","f",0,0
"SB53","SB107","SB107_SB53",0,0,0,0,"f","f",0,0
"SB11","SB107","SB107_SB11",0,0,0,0,"f","f",0,0
"SB57","SB107","SB107_SB57",0,0,0,0,"m","f",0,0
"SB146","SB107","SB107_SB146",0,0,0,0,"m","f",0,0
"SB66","SB107","SB107_SB66",0,0,0,0,"m","f",0,0
"SB133","SB107","SB107_SB133",0,0,0,0,"m","f",0,0.03125
"SB52","SB107","SB107_SB52",0,0,0,0,"m","f",0,0
"SB17","SB107","SB107_SB17",0,0,0,0,"f","f",0,0
"SB118","SB107","SB107_SB118",1,3,1,0,"f","f",0,0
"SB114","SB107","SB107_SB114",0,2,1,0,"f","f",0,0
"SB176","SB107","SB107_SB176",0,0,0,0,"m","f",0,0
"SB179","SB107","SB107_SB179",0,0,0,0,"f","f",0,0
"SB178","SB107","SB107_SB178",0,0,0,0,"m","f",0,0.015625
"SB67","SB107","SB107_SB67",0,0,0,2,"f","f",0,0
"SB154","SB107","SB107_SB154",0,0,0,0,"m","f",0,0.015625
"SB68","SB107","SB107_SB68",0,0,0,0,"m","f",0,0
"SB75","SB107","SB107_SB75",0,0,0,0,"f","f",0,0
"SB65","SB107","SB107_SB65",0,0,0,0,"f","f",0,0
"SB74","SB107","SB107_SB74",0,0,0,0,"m","f",0,0
"SB82","SB107","SB107_SB82",0,0,0,0,"m","f",0,0
"SB18","SB107","SB107_SB18",0,0,0,0,"m","f",0,0
"SB124","SB107","SB107_SB124",0,0,0,0,"m","f",0,0
"SB26","SB107","SB107_SB26",0,0,0,0,"m","f",0,0
"SB33","SB107","SB107_SB33",0,0,0,0,"m","f",0,0
"SB1","SB107","SB1_SB107",0,0,0,0,"m","f",0,0
"SB38","SB107","SB107_SB38",0,0,0,0,"m","f",0,0
"SB10","SB107","SB10_SB107",0,0,0,0,"m","f",0,0
"SB102","SB107","SB102_SB107",0,1,1,0,"m","f",0,0.5
"SB106","SB107","SB106_SB107",0,2,1,0,"m","f",1,0
"SB116","SB107","SB107_SB116",0,0,0,0,"m","f",0,0
"SB88","SB107","SB107_SB88",0,0,0,0,"m","f",0,0
"SB80","SB107","SB107_SB80",0,0,0,0,"f","f",0,0
"SB79","SB107","SB107_SB79",0,0,0,0,"m","f",0,0
"SB93","SB83","SB83_SB93",1,0,0,0,"f","f",0,0.5
"SB120","SB83","SB120_SB83",0,0,0,0,"m","f",0,0.25
"SB84","SB83","SB83_SB84",1,2,1,0,"m","f",0,0.5
"SB117","SB83","SB117_SB83",2,0,0,0,"m","f",0,0.25
"SB148","SB83","SB148_SB83",0,0,0,0,"m","f",0,0
"SB62","SB83","SB62_SB83",0,0,0,0,"f","f",0,0
"SB152","SB83","SB152_SB83",0,0,0,0,"m","f",0,0
"SB143","SB83","SB143_SB83",0,0,0,0,"m","f",0,0.0625
"SB150","SB83","SB150_SB83",0,0,0,0,"f","f",0,0
"SB151","SB83","SB151_SB83",0,0,0,0,"f","f",0,0
"SB158","SB83","SB158_SB83",0,0,0,0,"f","f",0,0
"SB153","SB83","SB153_SB83",0,0,0,0,"f","f",0,0
"SB155","SB83","SB155_SB83",0,0,0,0,"f","f",0,0
"SB163","SB83","SB163_SB83",0,0,0,0,"f","f",0,0
"SB169","SB83","SB169_SB83",0,0,0,0,"f","f",0,0
"SB149","SB83","SB149_SB83",0,0,0,0,"m","f",0,0
"SB157","SB83","SB157_SB83",0,0,0,0,"m","f",0,0
"SB162","SB83","SB162_SB83",0,0,0,0,"m","f",0,0
"SB27","SB83","SB27_SB83",0,0,0,0,"f","f",0,0
"SB2","SB83","SB2_SB83",0,0,0,0,"f","f",0,0
"SB20","SB83","SB20_SB83",0,0,0,0,"f","f",0,0
"SB6","SB83","SB6_SB83",0,0,0,0,"m","f",0,0
"SB47","SB83","SB47_SB83",0,0,0,0,"f","f",0,0
"SB19","SB83","SB19_SB83",0,0,0,0,"m","f",0,0
"SB46","SB83","SB46_SB83",0,0,0,0,"m","f",0,0
"SB61","SB83","SB61_SB83",0,0,0,0,"m","f",0,0
"SB34","SB83","SB34_SB83",0,0,0,0,"f","f",0,0
"SB39","SB83","SB39_SB83",0,0,0,0,"f","f",0,0
"SB7","SB83","SB7_SB83",0,0,0,0,"f","f",0,0
"SB58","SB83","SB58_SB83",0,0,0,0,"f","f",0,0
"SB37","SB83","SB37_SB83",0,0,0,0,"f","f",0,0
"SB53","SB83","SB53_SB83",0,0,0,0,"f","f",0,0
"SB11","SB83","SB11_SB83",0,0,0,0,"f","f",0,0
"SB57","SB83","SB57_SB83",0,0,0,0,"m","f",0,0
"SB146","SB83","SB146_SB83",0,0,0,0,"m","f",0,0
"SB66","SB83","SB66_SB83",0,0,0,0,"m","f",0,0
"SB133","SB83","SB133_SB83",0,0,0,0,"m","f",0,0.03125
"SB52","SB83","SB52_SB83",0,0,0,0,"m","f",0,0
"SB17","SB83","SB17_SB83",0,0,0,0,"f","f",0,0
"SB118","SB83","SB118_SB83",0,0,0,0,"f","f",0,0
"SB114","SB83","SB114_SB83",0,0,0,0,"f","f",0,0
"SB176","SB83","SB176_SB83",0,0,0,0,"m","f",0,0
"SB179","SB83","SB179_SB83",0,0,0,0,"f","f",0,0
"SB178","SB83","SB178_SB83",0,0,0,0,"m","f",0,0.015625
"SB67","SB83","SB67_SB83",2,0,0,0,"f","f",0,0
"SB154","SB83","SB154_SB83",0,0,0,0,"m","f",0,0.015625
"SB68","SB83","SB68_SB83",0,0,0,0,"m","f",0,0
"SB75","SB83","SB75_SB83",0,0,0,0,"f","f",0,0
"SB65","SB83","SB65_SB83",0,0,0,0,"f","f",0,0
"SB74","SB83","SB74_SB83",0,0,0,0,"m","f",0,0
"SB82","SB83","SB82_SB83",0,0,0,0,"m","f",1,0
"SB18","SB83","SB18_SB83",0,0,0,0,"m","f",0,0
"SB124","SB83","SB124_SB83",0,0,0,0,"m","f",0,0
"SB26","SB83","SB26_SB83",0,0,0,0,"m","f",0,0
"SB33","SB83","SB33_SB83",0,0,0,0,"m","f",0,0
"SB1","SB83","SB1_SB83",0,0,0,0,"m","f",0,0
"SB38","SB83","SB38_SB83",0,0,0,0,"m","f",0,0
"SB10","SB83","SB10_SB83",0,0,0,0,"m","f",0,0
"SB102","SB83","SB102_SB83",0,0,0,0,"m","f",0,0.5
"SB106","SB83","SB106_SB83",0,0,0,0,"m","f",0,0
"SB116","SB83","SB116_SB83",0,0,0,0,"m","f",0,0
"SB88","SB83","SB83_SB88",0,0,0,0,"m","f",0,0
"SB80","SB83","SB80_SB83",0,0,0,0,"f","f",0,0
"SB79","SB83","SB79_SB83",0,0,0,0,"m","f",0,0
"SB120","SB93","SB120_SB93",0,0,0,0,"m","f",0,0.25
"SB84","SB93","SB84_SB93",0,0,0,0,"m","f",0,0.25
"SB117","SB93","SB117_SB93",1,0,0,0,"m","f",0,0.25
"SB148","SB93","SB148_SB93",0,0,0,0,"m","f",0,0
"SB62","SB93","SB62_SB93",0,0,0,0,"f","f",0,0
"SB152","SB93","SB152_SB93",0,0,0,0,"m","f",0,0
"SB143","SB93","SB143_SB93",0,0,0,0,"m","f",0,0.0625
"SB150","SB93","SB150_SB93",0,0,0,0,"f","f",0,0
"SB151","SB93","SB151_SB93",0,0,0,0,"f","f",0,0
"SB158","SB93","SB158_SB93",0,0,0,0,"f","f",0,0
"SB153","SB93","SB153_SB93",0,0,0,0,"f","f",0,0
"SB155","SB93","SB155_SB93",0,0,0,0,"f","f",0,0
"SB163","SB93","SB163_SB93",0,0,0,0,"f","f",0,0
"SB169","SB93","SB169_SB93",0,1,1,0,"f","f",0,0
"SB149","SB93","SB149_SB93",0,0,0,0,"m","f",0,0
"SB157","SB93","SB157_SB93",2,2,0,0,"m","f",1,0
"SB162","SB93","SB162_SB93",0,0,0,0,"m","f",0,0
"SB27","SB93","SB27_SB93",0,0,0,0,"f","f",0,0
"SB2","SB93","SB2_SB93",0,0,0,0,"f","f",0,0
"SB20","SB93","SB20_SB93",0,0,0,0,"f","f",0,0
"SB6","SB93","SB6_SB93",0,0,0,0,"m","f",0,0
"SB47","SB93","SB47_SB93",0,0,0,0,"f","f",0,0
"SB19","SB93","SB19_SB93",0,0,0,0,"m","f",0,0
"SB46","SB93","SB46_SB93",0,0,0,0,"m","f",0,0
"SB61","SB93","SB61_SB93",0,0,0,0,"m","f",0,0
"SB34","SB93","SB34_SB93",0,0,0,0,"f","f",0,0
"SB39","SB93","SB39_SB93",0,0,0,0,"f","f",0,0
"SB7","SB93","SB7_SB93",0,0,0,0,"f","f",0,0
"SB58","SB93","SB58_SB93",0,0,0,0,"f","f",0,0
"SB37","SB93","SB37_SB93",0,0,0,0,"f","f",0,0
"SB53","SB93","SB53_SB93",0,0,0,0,"f","f",0,0
"SB11","SB93","SB11_SB93",0,0,0,0,"f","f",0,0
"SB57","SB93","SB57_SB93",0,0,0,0,"m","f",0,0
"SB146","SB93","SB146_SB93",0,0,0,0,"m","f",0,0
"SB66","SB93","SB66_SB93",0,0,0,0,"m","f",0,0
"SB133","SB93","SB133_SB93",0,0,0,0,"m","f",0,0.03125
"SB52","SB93","SB52_SB93",0,0,0,0,"m","f",0,0
"SB17","SB93","SB17_SB93",0,0,0,0,"f","f",0,0
"SB118","SB93","SB118_SB93",1,0,0,0,"f","f",0,0
"SB114","SB93","SB114_SB93",0,0,0,0,"f","f",0,0
"SB176","SB93","SB176_SB93",0,0,0,0,"m","f",0,0
"SB179","SB93","SB179_SB93",0,0,0,0,"f","f",0,0
"SB178","SB93","SB178_SB93",0,0,0,0,"m","f",0,0.015625
"SB67","SB93","SB67_SB93",2,0,0,0,"f","f",0,0
"SB154","SB93","SB154_SB93",0,0,0,0,"m","f",0,0.015625
"SB68","SB93","SB68_SB93",0,0,0,0,"m","f",0,0
"SB75","SB93","SB75_SB93",1,0,0,0,"f","f",0,0
"SB65","SB93","SB65_SB93",0,0,0,0,"f","f",0,0
"SB74","SB93","SB74_SB93",0,0,0,0,"m","f",0,0
"SB82","SB93","SB82_SB93",0,0,0,0,"m","f",0,0
"SB18","SB93","SB18_SB93",0,0,0,0,"m","f",0,0
"SB124","SB93","SB124_SB93",0,0,0,0,"m","f",0,0
"SB26","SB93","SB26_SB93",0,0,0,0,"m","f",0,0
"SB33","SB93","SB33_SB93",0,0,0,0,"m","f",0,0
"SB1","SB93","SB1_SB93",0,0,0,0,"m","f",0,0
"SB38","SB93","SB38_SB93",0,0,0,0,"m","f",0,0
"SB10","SB93","SB10_SB93",0,0,0,0,"m","f",0,0
"SB102","SB93","SB102_SB93",0,0,0,0,"m","f",0,0.5
"SB106","SB93","SB106_SB93",0,0,0,0,"m","f",0,0
"SB116","SB93","SB116_SB93",0,0,0,0,"m","f",0,0
"SB88","SB93","SB88_SB93",0,0,0,0,"m","f",0,0
"SB80","SB93","SB80_SB93",0,0,0,0,"f","f",0,0
"SB79","SB93","SB79_SB93",0,0,0,0,"m","f",0,0
"SB84","SB120","SB120_SB84",1,1,0,1,"m","m",0,0.125
"SB117","SB120","SB117_SB120",0,0,0,4,"m","m",0,0.125
"SB148","SB120","SB120_SB148",0,2,0,2,"m","m",0,0
"SB62","SB120","SB120_SB62",0,0,0,0,"f","m",0,0
"SB152","SB120","SB120_SB152",0,0,0,0,"m","m",0,0
"SB143","SB120","SB120_SB143",0,0,0,0,"m","m",0,0.03125
"SB150","SB120","SB120_SB150",0,0,0,0,"f","m",0,0
"SB151","SB120","SB120_SB151",0,0,0,0,"f","m",0,0
"SB158","SB120","SB120_SB158",0,0,0,0,"f","m",0,0
"SB153","SB120","SB120_SB153",0,0,0,0,"f","m",0,0
"SB155","SB120","SB120_SB155",0,0,0,0,"f","m",0,0
"SB163","SB120","SB120_SB163",0,0,0,0,"f","m",0,0
"SB169","SB120","SB120_SB169",0,0,0,0,"f","m",0,0
"SB149","SB120","SB120_SB149",0,0,0,0,"m","m",0,0
"SB157","SB120","SB120_SB157",0,0,0,0,"m","m",0,0
"SB162","SB120","SB120_SB162",0,0,0,0,"m","m",0,0
"SB27","SB120","SB120_SB27",0,0,0,0,"f","m",0,0
"SB2","SB120","SB120_SB2",0,0,0,0,"f","m",0,0
"SB20","SB120","SB120_SB20",0,0,0,0,"f","m",0,0
"SB6","SB120","SB120_SB6",0,0,0,0,"m","m",0,0
"SB47","SB120","SB120_SB47",0,0,0,0,"f","m",0,0
"SB19","SB120","SB120_SB19",0,0,0,0,"m","m",0,0
"SB46","SB120","SB120_SB46",0,0,0,0,"m","m",0,0
"SB61","SB120","SB120_SB61",0,0,0,0,"m","m",0,0
"SB34","SB120","SB120_SB34",0,0,0,0,"f","m",0,0
"SB39","SB120","SB120_SB39",0,0,0,0,"f","m",0,0
"SB7","SB120","SB120_SB7",0,0,0,0,"f","m",0,0
"SB58","SB120","SB120_SB58",0,0,0,0,"f","m",0,0
"SB37","SB120","SB120_SB37",0,0,0,0,"f","m",0,0
"SB53","SB120","SB120_SB53",0,0,0,0,"f","m",0,0
"SB11","SB120","SB11_SB120",0,0,0,0,"f","m",0,0
"SB57","SB120","SB120_SB57",0,0,0,0,"m","m",0,0
"SB146","SB120","SB120_SB146",0,0,0,0,"m","m",0,0
"SB66","SB120","SB120_SB66",0,0,0,0,"m","m",0,0
"SB133","SB120","SB120_SB133",0,0,0,0,"m","m",0,0.015625
"SB52","SB120","SB120_SB52",0,0,0,0,"m","m",0,0
"SB17","SB120","SB120_SB17",0,0,0,0,"f","m",0,0
"SB118","SB120","SB118_SB120",0,0,0,0,"f","m",0,0
"SB114","SB120","SB114_SB120",0,0,0,0,"f","m",0,0
"SB176","SB120","SB120_SB176",0,0,0,0,"m","m",0,0
"SB179","SB120","SB120_SB179",0,0,0,0,"f","m",0,0
"SB178","SB120","SB120_SB178",0,0,0,1,"m","m",0,0.0078125
"SB67","SB120","SB120_SB67",0,0,0,0,"f","m",0,0
"SB154","SB120","SB120_SB154",0,0,0,0,"m","m",0,0.0078125
"SB68","SB120","SB120_SB68",0,2,2,2,"m","m",0,0
"SB75","SB120","SB120_SB75",0,0,0,0,"f","m",0,0
"SB65","SB120","SB120_SB65",0,0,0,0,"f","m",0,0
"SB74","SB120","SB120_SB74",0,0,0,0,"m","m",0,0
"SB82","SB120","SB120_SB82",0,0,0,0,"m","m",0,0
"SB18","SB120","SB120_SB18",0,0,0,0,"m","m",0,0
"SB124","SB120","SB120_SB124",0,0,0,0,"m","m",0,0
"SB26","SB120","SB120_SB26",0,0,0,0,"m","m",0,0
"SB33","SB120","SB120_SB33",0,0,0,0,"m","m",0,0
"SB1","SB120","SB1_SB120",0,0,0,0,"m","m",0,0
"SB38","SB120","SB120_SB38",0,0,0,0,"m","m",0,0
"SB10","SB120","SB10_SB120",0,0,0,0,"m","m",0,0
"SB102","SB120","SB102_SB120",0,0,0,0,"m","m",0,0.25
"SB106","SB120","SB106_SB120",0,0,0,0,"m","m",0,0
"SB116","SB120","SB116_SB120",0,0,0,0,"m","m",0,0
"SB88","SB120","SB120_SB88",0,0,0,0,"m","m",0,0
"SB80","SB120","SB120_SB80",0,0,0,0,"f","m",0,0
"SB79","SB120","SB120_SB79",0,0,0,0,"m","m",0,0
"SB117","SB84","SB117_SB84",0,0,0,2,"m","m",0,0.125
"SB148","SB84","SB148_SB84",1,2,0,2,"m","m",0,0
"SB62","SB84","SB62_SB84",0,0,0,0,"f","m",0,0
"SB152","SB84","SB152_SB84",0,0,0,0,"m","m",0,0
"SB143","SB84","SB143_SB84",0,0,0,0,"m","m",0,0.03125
"SB150","SB84","SB150_SB84",0,0,0,0,"f","m",0,0.03125
"SB151","SB84","SB151_SB84",0,0,0,0,"f","m",0,0.0078125
"SB158","SB84","SB158_SB84",0,0,0,0,"f","m",0,0
"SB153","SB84","SB153_SB84",0,0,0,0,"f","m",0,0.03125
"SB155","SB84","SB155_SB84",0,0,0,0,"f","m",0,0.015625
"SB163","SB84","SB163_SB84",0,0,0,0,"f","m",0,0
"SB169","SB84","SB169_SB84",0,0,0,0,"f","m",0,0.015625
"SB149","SB84","SB149_SB84",0,0,0,0,"m","m",0,0
"SB157","SB84","SB157_SB84",0,0,0,0,"m","m",0,0.015625
"SB162","SB84","SB162_SB84",0,0,0,0,"m","m",0,0.015625
"SB27","SB84","SB27_SB84",0,0,0,0,"f","m",0,0.015625
"SB2","SB84","SB2_SB84",0,0,0,0,"f","m",0,0.015625
"SB20","SB84","SB20_SB84",0,0,0,0,"f","m",0,0.125
"SB6","SB84","SB6_SB84",0,0,0,0,"m","m",0,0
"SB47","SB84","SB47_SB84",0,0,0,0,"f","m",0,0.015625
"SB19","SB84","SB19_SB84",0,0,0,0,"m","m",0,0.03125
"SB46","SB84","SB46_SB84",0,0,0,0,"m","m",0,0.03125
"SB61","SB84","SB61_SB84",0,0,0,0,"m","m",0,0.0234375
"SB34","SB84","SB34_SB84",0,0,0,0,"f","m",0,0.015625
"SB39","SB84","SB39_SB84",0,0,0,0,"f","m",0,0
"SB7","SB84","SB7_SB84",0,0,0,0,"f","m",0,0.03125
"SB58","SB84","SB58_SB84",0,0,0,0,"f","m",0,0
"SB37","SB84","SB37_SB84",0,0,0,0,"f","m",0,0.03125
"SB53","SB84","SB53_SB84",0,0,0,0,"f","m",0,0
"SB11","SB84","SB11_SB84",0,0,0,0,"f","m",0,0.015625
"SB57","SB84","SB57_SB84",0,0,0,0,"m","m",0,0.03125
"SB146","SB84","SB146_SB84",0,0,0,0,"m","m",0,0.015625
"SB66","SB84","SB66_SB84",0,0,0,1,"m","m",0,0.25
"SB133","SB84","SB133_SB84",0,0,0,0,"m","m",0,0.015625
"SB52","SB84","SB52_SB84",0,0,0,0,"m","m",0,0.015625
"SB17","SB84","SB17_SB84",0,0,0,0,"f","m",0,0
"SB118","SB84","SB118_SB84",1,0,0,0,"f","m",0,0
"SB114","SB84","SB114_SB84",1,0,0,0,"f","m",0,0
"SB176","SB84","SB176_SB84",0,0,0,0,"m","m",0,0
"SB179","SB84","SB179_SB84",0,0,0,0,"f","m",0,0
"SB178","SB84","SB178_SB84",0,0,0,0,"m","m",0,0.0078125
"SB67","SB84","SB67_SB84",0,0,0,0,"f","m",0,0
"SB154","SB84","SB154_SB84",0,0,0,0,"m","m",0,0.0078125
"SB68","SB84","SB68_SB84",1,2,2,2,"m","m",0,0.125
"SB75","SB84","SB75_SB84",0,0,0,0,"f","m",0,0.03125
"SB65","SB84","SB65_SB84",0,0,0,0,"f","m",0,0.25
"SB74","SB84","SB74_SB84",0,1,0,0,"m","m",0,0
"SB82","SB84","SB82_SB84",0,1,0,0,"m","m",0,0.5
"SB18","SB84","SB18_SB84",0,0,0,0,"m","m",0,0
"SB124","SB84","SB124_SB84",0,0,0,0,"m","m",0,0.015625
"SB26","SB84","SB26_SB84",0,0,0,0,"m","m",0,0
"SB33","SB84","SB33_SB84",0,0,0,0,"m","m",0,0.015625
"SB1","SB84","SB1_SB84",0,0,0,0,"m","m",0,0.015625
"SB38","SB84","SB38_SB84",0,0,0,0,"m","m",0,0
"SB10","SB84","SB10_SB84",0,0,0,0,"m","m",0,0
"SB102","SB84","SB102_SB84",0,0,0,0,"m","m",0,0.25
"SB106","SB84","SB106_SB84",0,0,0,0,"m","m",0,0
"SB116","SB84","SB116_SB84",1,0,0,0,"m","m",0,0
"SB88","SB84","SB84_SB88",0,0,0,1,"m","m",0,0
"SB80","SB84","SB80_SB84",0,0,0,0,"f","m",0,0
"SB79","SB84","SB79_SB84",0,0,0,0,"m","m",0,0
"SB148","SB117","SB117_SB148",0,1,0,1,"m","m",0,0
"SB62","SB117","SB117_SB62",0,0,0,0,"f","m",0,0
"SB152","SB117","SB117_SB152",0,0,0,0,"m","m",0,0
"SB143","SB117","SB117_SB143",0,0,0,0,"m","m",0,0.03125
"SB150","SB117","SB117_SB150",0,2,1,0,"f","m",0,0
"SB151","SB117","SB117_SB151",1,2,3,0,"f","m",1,0
"SB158","SB117","SB117_SB158",0,0,0,0,"f","m",0,0
"SB153","SB117","SB117_SB153",0,0,0,0,"f","m",0,0
"SB155","SB117","SB117_SB155",0,0,0,0,"f","m",0,0
"SB163","SB117","SB117_SB163",0,0,0,0,"f","m",0,0
"SB169","SB117","SB117_SB169",0,0,0,0,"f","m",0,0
"SB149","SB117","SB117_SB149",0,0,0,0,"m","m",0,0
"SB157","SB117","SB117_SB157",0,0,0,0,"m","m",0,0
"SB162","SB117","SB117_SB162",0,0,0,0,"m","m",0,0
"SB27","SB117","SB117_SB27",0,0,0,0,"f","m",0,0
"SB2","SB117","SB117_SB2",0,0,0,0,"f","m",0,0
"SB20","SB117","SB117_SB20",0,0,0,0,"f","m",0,0
"SB6","SB117","SB117_SB6",0,0,0,0,"m","m",0,0
"SB47","SB117","SB117_SB47",0,0,0,0,"f","m",0,0
"SB19","SB117","SB117_SB19",0,0,0,0,"m","m",0,0
"SB46","SB117","SB117_SB46",0,0,0,0,"m","m",0,0
"SB61","SB117","SB117_SB61",0,0,0,1,"m","m",0,0
"SB34","SB117","SB117_SB34",0,0,0,0,"f","m",0,0
"SB39","SB117","SB117_SB39",0,0,0,0,"f","m",0,0
"SB7","SB117","SB117_SB7",0,0,0,0,"f","m",0,0
"SB58","SB117","SB117_SB58",0,0,0,0,"f","m",0,0
"SB37","SB117","SB117_SB37",0,0,0,0,"f","m",0,0
"SB53","SB117","SB117_SB53",0,0,0,0,"f","m",0,0
"SB11","SB117","SB11_SB117",0,0,0,0,"f","m",0,0
"SB57","SB117","SB117_SB57",0,0,0,0,"m","m",0,0
"SB146","SB117","SB117_SB146",0,0,0,0,"m","m",0,0
"SB66","SB117","SB117_SB66",0,0,0,0,"m","m",0,0
"SB133","SB117","SB117_SB133",0,0,0,0,"m","m",0,0.015625
"SB52","SB117","SB117_SB52",0,0,0,0,"m","m",0,0
"SB17","SB117","SB117_SB17",0,0,0,0,"f","m",0,0
"SB118","SB117","SB117_SB118",0,0,0,0,"f","m",0,0
"SB114","SB117","SB114_SB117",0,0,0,0,"f","m",0,0
"SB176","SB117","SB117_SB176",0,0,0,0,"m","m",0,0
"SB179","SB117","SB117_SB179",0,0,0,0,"f","m",0,0
"SB178","SB117","SB117_SB178",0,0,0,0,"m","m",0,0.0078125
"SB67","SB117","SB117_SB67",0,0,0,0,"f","m",0,0
"SB154","SB117","SB117_SB154",0,2,1,1,"m","m",0,0.0078125
"SB68","SB117","SB117_SB68",0,2,2,2,"m","m",0,0
"SB75","SB117","SB117_SB75",0,0,0,0,"f","m",0,0
"SB65","SB117","SB117_SB65",0,0,0,0,"f","m",0,0
"SB74","SB117","SB117_SB74",0,0,0,0,"m","m",0,0
"SB82","SB117","SB117_SB82",0,0,0,0,"m","m",0,0
"SB18","SB117","SB117_SB18",0,0,0,0,"m","m",0,0
"SB124","SB117","SB117_SB124",0,0,0,0,"m","m",0,0
"SB26","SB117","SB117_SB26",0,0,0,0,"m","m",0,0
"SB33","SB117","SB117_SB33",0,0,0,0,"m","m",0,0
"SB1","SB117","SB1_SB117",0,0,0,0,"m","m",0,0
"SB38","SB117","SB117_SB38",0,0,0,0,"m","m",0,0
"SB10","SB117","SB10_SB117",0,0,0,0,"m","m",0,0
"SB102","SB117","SB102_SB117",0,0,0,0,"m","m",0,0.25
"SB106","SB117","SB106_SB117",0,0,1,0,"m","m",0,0
"SB116","SB117","SB116_SB117",0,0,0,0,"m","m",0,0
"SB88","SB117","SB117_SB88",0,0,0,0,"m","m",0,0
"SB80","SB117","SB117_SB80",0,0,0,0,"f","m",0,0
"SB79","SB117","SB117_SB79",0,0,0,0,"m","m",0,0
"SB62","SB148","SB148_SB62",1,0,3,2,"f","m",0,0.5
"SB152","SB148","SB148_SB152",0,0,1,0,"m","m",0,0.5
"SB143","SB148","SB143_SB148",0,0,0,2,"m","m",0,0
"SB150","SB148","SB148_SB150",0,0,0,0,"f","m",0,0
"SB151","SB148","SB148_SB151",0,0,0,0,"f","m",0,0
"SB158","SB148","SB148_SB158",0,0,0,0,"f","m",0,0
"SB153","SB148","SB148_SB153",0,0,0,0,"f","m",0,0
"SB155","SB148","SB148_SB155",0,0,0,0,"f","m",0,0
"SB163","SB148","SB148_SB163",0,0,0,0,"f","m",0,0
"SB169","SB148","SB148_SB169",0,0,0,0,"f","m",0,0
"SB149","SB148","SB148_SB149",0,0,0,0,"m","m",0,0
"SB157","SB148","SB148_SB157",0,0,0,0,"m","m",0,0
"SB162","SB148","SB148_SB162",0,0,0,0,"m","m",0,0
"SB27","SB148","SB148_SB27",0,0,0,0,"f","m",0,0
"SB2","SB148","SB148_SB2",0,0,0,0,"f","m",0,0
"SB20","SB148","SB148_SB20",0,0,0,0,"f","m",0,0
"SB6","SB148","SB148_SB6",0,0,0,0,"m","m",0,0
"SB47","SB148","SB148_SB47",0,0,0,0,"f","m",0,0
"SB19","SB148","SB148_SB19",0,0,0,0,"m","m",0,0
"SB46","SB148","SB148_SB46",0,0,0,0,"m","m",0,0
"SB61","SB148","SB148_SB61",0,0,0,0,"m","m",0,0
"SB34","SB148","SB148_SB34",0,0,0,0,"f","m",0,0
"SB39","SB148","SB148_SB39",0,0,0,0,"f","m",0,0
"SB7","SB148","SB148_SB7",0,0,0,0,"f","m",0,0
"SB58","SB148","SB148_SB58",0,0,0,0,"f","m",0,0
"SB37","SB148","SB148_SB37",0,0,0,0,"f","m",0,0
"SB53","SB148","SB148_SB53",0,0,0,0,"f","m",0,0
"SB11","SB148","SB11_SB148",0,0,0,0,"f","m",0,0
"SB57","SB148","SB148_SB57",0,0,0,0,"m","m",0,0
"SB146","SB148","SB146_SB148",0,1,0,2,"m","m",0,0
"SB66","SB148","SB148_SB66",0,0,0,0,"m","m",0,0
"SB133","SB148","SB133_SB148",0,0,0,0,"m","m",0,0
"SB52","SB148","SB148_SB52",0,0,0,0,"m","m",0,0
"SB17","SB148","SB148_SB17",0,0,0,0,"f","m",0,0
"SB118","SB148","SB118_SB148",0,0,0,0,"f","m",0,0
"SB114","SB148","SB114_SB148",0,0,0,0,"f","m",0,0
"SB176","SB148","SB148_SB176",0,0,0,0,"m","m",0,0
"SB179","SB148","SB148_SB179",0,0,0,0,"f","m",0,0
"SB178","SB148","SB148_SB178",0,0,0,0,"m","m",0,0
"SB67","SB148","SB148_SB67",0,0,0,0,"f","m",0,0
"SB154","SB148","SB148_SB154",0,0,0,0,"m","m",0,0
"SB68","SB148","SB148_SB68",0,0,0,2,"m","m",0,0
"SB75","SB148","SB148_SB75",0,0,0,0,"f","m",0,0
"SB65","SB148","SB148_SB65",0,0,0,0,"f","m",0,0
"SB74","SB148","SB148_SB74",0,0,0,0,"m","m",0,0
"SB82","SB148","SB148_SB82",0,0,0,0,"m","m",0,0
"SB18","SB148","SB148_SB18",0,0,0,0,"m","m",0,0
"SB124","SB148","SB124_SB148",0,0,0,0,"m","m",0,0
"SB26","SB148","SB148_SB26",0,0,0,0,"m","m",0,0
"SB33","SB148","SB148_SB33",0,0,0,0,"m","m",0,0
"SB1","SB148","SB1_SB148",0,0,0,0,"m","m",0,0
"SB38","SB148","SB148_SB38",0,0,0,0,"m","m",0,0
"SB10","SB148","SB10_SB148",0,0,0,0,"m","m",0,0
"SB102","SB148","SB102_SB148",0,0,0,0,"m","m",0,0
"SB106","SB148","SB106_SB148",0,0,0,0,"m","m",0,0
"SB116","SB148","SB116_SB148",0,0,0,0,"m","m",0,0
"SB88","SB148","SB148_SB88",0,0,0,0,"m","m",0,0
"SB80","SB148","SB148_SB80",0,0,0,0,"f","m",0,0
"SB79","SB148","SB148_SB79",0,0,0,0,"m","m",0,0
"SB152","SB62","SB152_SB62",1,0,1,0,"m","f",0,0.5
"SB143","SB62","SB143_SB62",0,0,0,0,"m","f",0,0
"SB150","SB62","SB150_SB62",0,0,0,0,"f","f",0,0
"SB151","SB62","SB151_SB62",0,0,0,0,"f","f",0,0
"SB158","SB62","SB158_SB62",0,0,0,0,"f","f",0,0
"SB153","SB62","SB153_SB62",0,0,0,0,"f","f",0,0
"SB155","SB62","SB155_SB62",0,0,0,0,"f","f",0,0
"SB163","SB62","SB163_SB62",0,0,0,0,"f","f",0,0
"SB169","SB62","SB169_SB62",0,0,0,0,"f","f",0,0
"SB149","SB62","SB149_SB62",0,0,0,0,"m","f",0,0
"SB157","SB62","SB157_SB62",0,0,0,0,"m","f",0,0
"SB162","SB62","SB162_SB62",0,0,0,0,"m","f",0,0
"SB27","SB62","SB27_SB62",0,0,0,0,"f","f",0,0
"SB2","SB62","SB2_SB62",0,1,0,0,"f","f",0,0
"SB20","SB62","SB20_SB62",0,0,0,0,"f","f",0,0
"SB6","SB62","SB6_SB62",0,0,0,0,"m","f",0,0
"SB47","SB62","SB47_SB62",4,1,3,1,"f","f",0,0
"SB19","SB62","SB19_SB62",0,0,0,0,"m","f",0,0
"SB46","SB62","SB46_SB62",0,0,1,0,"m","f",0,0
"SB61","SB62","SB61_SB62",1,2,1,0,"m","f",1,0
"SB34","SB62","SB34_SB62",2,1,0,0,"f","f",0,0
"SB39","SB62","SB39_SB62",1,0,0,0,"f","f",0,0
"SB7","SB62","SB62_SB7",0,0,0,0,"f","f",0,0
"SB58","SB62","SB58_SB62",3,2,1,0,"f","f",0,0
"SB37","SB62","SB37_SB62",0,0,0,0,"f","f",0,0
"SB53","SB62","SB53_SB62",1,0,0,0,"f","f",0,0
"SB11","SB62","SB11_SB62",0,1,0,0,"f","f",0,0
"SB57","SB62","SB57_SB62",0,2,0,0,"m","f",0,0
"SB146","SB62","SB146_SB62",0,0,0,0,"m","f",0,0
"SB66","SB62","SB62_SB66",0,0,0,0,"m","f",0,0
"SB133","SB62","SB133_SB62",0,0,0,0,"m","f",0,0
"SB52","SB62","SB52_SB62",0,0,0,0,"m","f",0,0
"SB17","SB62","SB17_SB62",0,0,0,0,"f","f",0,0
"SB118","SB62","SB118_SB62",0,0,0,0,"f","f",0,0
"SB114","SB62","SB114_SB62",0,0,0,0,"f","f",0,0
"SB176","SB62","SB176_SB62",0,0,0,0,"m","f",0,0
"SB179","SB62","SB179_SB62",0,0,0,0,"f","f",0,0
"SB178","SB62","SB178_SB62",0,0,0,0,"m","f",0,0
"SB67","SB62","SB62_SB67",0,0,0,0,"f","f",0,0
"SB154","SB62","SB154_SB62",0,0,0,0,"m","f",0,0
"SB68","SB62","SB62_SB68",0,0,0,0,"m","f",0,0
"SB75","SB62","SB62_SB75",0,0,0,0,"f","f",0,0
"SB65","SB62","SB62_SB65",0,0,0,0,"f","f",0,0
"SB74","SB62","SB62_SB74",0,0,0,0,"m","f",0,0
"SB82","SB62","SB62_SB82",0,0,0,0,"m","f",0,0
"SB18","SB62","SB18_SB62",0,0,0,0,"m","f",0,0
"SB124","SB62","SB124_SB62",0,0,0,0,"m","f",0,0
"SB26","SB62","SB26_SB62",0,0,0,0,"m","f",0,0
"SB33","SB62","SB33_SB62",0,0,0,0,"m","f",0,0
"SB1","SB62","SB1_SB62",0,0,0,0,"m","f",0,0
"SB38","SB62","SB38_SB62",0,0,0,0,"m","f",0,0
"SB10","SB62","SB10_SB62",0,0,0,0,"m","f",0,0
"SB102","SB62","SB102_SB62",0,0,0,0,"m","f",0,0
"SB106","SB62","SB106_SB62",0,0,0,0,"m","f",0,0
"SB116","SB62","SB116_SB62",0,0,0,0,"m","f",0,0
"SB88","SB62","SB62_SB88",0,0,0,0,"m","f",0,0
"SB80","SB62","SB62_SB80",0,0,0,0,"f","f",0,0
"SB79","SB62","SB62_SB79",0,0,0,0,"m","f",0,0
"SB143","SB152","SB143_SB152",0,0,0,0,"m","m",0,0
"SB150","SB152","SB150_SB152",0,0,0,0,"f","m",0,0
"SB151","SB152","SB151_SB152",1,0,0,0,"f","m",0,0
"SB158","SB152","SB152_SB158",0,0,0,0,"f","m",0,0
"SB153","SB152","SB152_SB153",2,2,1,0,"f","m",1,0
"SB155","SB152","SB152_SB155",0,2,2,0,"f","m",0,0
"SB163","SB152","SB152_SB163",1,0,0,0,"f","m",0,0
"SB169","SB152","SB152_SB169",1,0,0,0,"f","m",0,0
"SB149","SB152","SB149_SB152",0,0,0,3,"m","m",0,0
"SB157","SB152","SB152_SB157",0,0,0,1,"m","m",0,0
"SB162","SB152","SB152_SB162",0,0,0,0,"m","m",0,0
"SB27","SB152","SB152_SB27",1,0,0,0,"f","m",0,0
"SB2","SB152","SB152_SB2",1,0,0,0,"f","m",0,0
"SB20","SB152","SB152_SB20",0,0,0,0,"f","m",0,0
"SB6","SB152","SB152_SB6",0,0,0,0,"m","m",0,0
"SB47","SB152","SB152_SB47",0,0,0,0,"f","m",0,0
"SB19","SB152","SB152_SB19",0,0,0,0,"m","m",0,0
"SB46","SB152","SB152_SB46",0,0,0,0,"m","m",0,0
"SB61","SB152","SB152_SB61",0,0,0,0,"m","m",0,0
"SB34","SB152","SB152_SB34",0,0,0,0,"f","m",0,0
"SB39","SB152","SB152_SB39",0,0,0,0,"f","m",0,0
"SB7","SB152","SB152_SB7",0,0,0,0,"f","m",0,0
"SB58","SB152","SB152_SB58",0,0,0,0,"f","m",0,0
"SB37","SB152","SB152_SB37",0,0,0,0,"f","m",0,0
"SB53","SB152","SB152_SB53",0,0,0,0,"f","m",0,0
"SB11","SB152","SB11_SB152",0,0,0,0,"f","m",0,0
"SB57","SB152","SB152_SB57",0,0,0,0,"m","m",0,0
"SB146","SB152","SB146_SB152",0,0,0,0,"m","m",0,0
"SB66","SB152","SB152_SB66",0,0,0,0,"m","m",0,0
"SB133","SB152","SB133_SB152",0,0,0,0,"m","m",0,0
"SB52","SB152","SB152_SB52",0,0,0,0,"m","m",0,0
"SB17","SB152","SB152_SB17",0,0,0,0,"f","m",0,0
"SB118","SB152","SB118_SB152",0,0,0,0,"f","m",0,0
"SB114","SB152","SB114_SB152",0,0,0,0,"f","m",0,0
"SB176","SB152","SB152_SB176",0,0,0,0,"m","m",0,0
"SB179","SB152","SB152_SB179",0,0,0,0,"f","m",0,0
"SB178","SB152","SB152_SB178",0,0,0,0,"m","m",0,0
"SB67","SB152","SB152_SB67",0,0,0,0,"f","m",0,0
"SB154","SB152","SB152_SB154",0,0,0,0,"m","m",0,0
"SB68","SB152","SB152_SB68",0,0,0,0,"m","m",0,0
"SB75","SB152","SB152_SB75",0,0,0,0,"f","m",0,0
"SB65","SB152","SB152_SB65",0,0,0,0,"f","m",0,0
"SB74","SB152","SB152_SB74",0,0,0,0,"m","m",0,0
"SB82","SB152","SB152_SB82",0,0,0,0,"m","m",0,0
"SB18","SB152","SB152_SB18",0,0,0,0,"m","m",0,0
"SB124","SB152","SB124_SB152",0,0,0,0,"m","m",0,0
"SB26","SB152","SB152_SB26",0,0,0,0,"m","m",0,0
"SB33","SB152","SB152_SB33",0,0,0,0,"m","m",0,0
"SB1","SB152","SB1_SB152",0,0,0,0,"m","m",0,0
"SB38","SB152","SB152_SB38",0,0,0,0,"m","m",0,0
"SB10","SB152","SB10_SB152",0,0,0,0,"m","m",0,0
"SB102","SB152","SB102_SB152",0,0,0,0,"m","m",0,0
"SB106","SB152","SB106_SB152",0,0,0,0,"m","m",0,0
"SB116","SB152","SB116_SB152",0,0,0,0,"m","m",0,0
"SB88","SB152","SB152_SB88",0,0,0,0,"m","m",0,0
"SB80","SB152","SB152_SB80",0,0,0,0,"f","m",0,0
"SB79","SB152","SB152_SB79",0,0,0,0,"m","m",0,0
"SB150","SB143","SB143_SB150",0,0,0,0,"f","m",0,0
"SB151","SB143","SB143_SB151",0,0,0,0,"f","m",0,0
"SB158","SB143","SB143_SB158",0,0,0,0,"f","m",0,0
"SB153","SB143","SB143_SB153",0,0,0,0,"f","m",0,0
"SB155","SB143","SB143_SB155",0,0,0,0,"f","m",0,0
"SB163","SB143","SB143_SB163",0,0,0,0,"f","m",0,0
"SB169","SB143","SB143_SB169",0,0,0,0,"f","m",0,0
"SB149","SB143","SB143_SB149",0,0,0,0,"m","m",0,0
"SB157","SB143","SB143_SB157",0,0,0,0,"m","m",0,0
"SB162","SB143","SB143_SB162",0,0,0,0,"m","m",0,0
"SB27","SB143","SB143_SB27",0,0,0,0,"f","m",0,0
"SB2","SB143","SB143_SB2",0,0,0,0,"f","m",0,0
"SB20","SB143","SB143_SB20",0,0,0,0,"f","m",0,0
"SB6","SB143","SB143_SB6",0,0,0,0,"m","m",0,0
"SB47","SB143","SB143_SB47",0,0,0,0,"f","m",0,0
"SB19","SB143","SB143_SB19",0,0,0,0,"m","m",0,0
"SB46","SB143","SB143_SB46",0,0,0,0,"m","m",0,0
"SB61","SB143","SB143_SB61",0,0,0,0,"m","m",0,0
"SB34","SB143","SB143_SB34",0,0,0,0,"f","m",0,0
"SB39","SB143","SB143_SB39",0,0,0,0,"f","m",0,0
"SB7","SB143","SB143_SB7",0,0,0,0,"f","m",0,0
"SB58","SB143","SB143_SB58",0,0,0,0,"f","m",0,0
"SB37","SB143","SB143_SB37",0,0,0,0,"f","m",0,0
"SB53","SB143","SB143_SB53",0,0,0,0,"f","m",0,0
"SB11","SB143","SB11_SB143",0,0,0,0,"f","m",0,0
"SB57","SB143","SB143_SB57",0,0,0,0,"m","m",0,0
"SB146","SB143","SB143_SB146",0,0,0,0,"m","m",0,0
"SB66","SB143","SB143_SB66",0,0,0,0,"m","m",0,0
"SB133","SB143","SB133_SB143",0,0,0,0,"m","m",0,0.03125
"SB52","SB143","SB143_SB52",0,0,0,0,"m","m",0,0
"SB17","SB143","SB143_SB17",0,0,0,0,"f","m",0,0
"SB118","SB143","SB118_SB143",0,0,0,0,"f","m",0,0
"SB114","SB143","SB114_SB143",0,0,0,0,"f","m",0,0
"SB176","SB143","SB143_SB176",0,0,0,0,"m","m",0,0
"SB179","SB143","SB143_SB179",0,0,0,0,"f","m",0,0
"SB178","SB143","SB143_SB178",0,0,0,0,"m","m",0,0.015625
"SB67","SB143","SB143_SB67",0,0,0,0,"f","m",0,0
"SB154","SB143","SB143_SB154",0,0,0,2,"m","m",0,0.015625
"SB68","SB143","SB143_SB68",0,0,0,2,"m","m",0,0
"SB75","SB143","SB143_SB75",0,0,0,0,"f","m",0,0
"SB65","SB143","SB143_SB65",0,0,0,0,"f","m",0,0
"SB74","SB143","SB143_SB74",0,0,0,0,"m","m",0,0
"SB82","SB143","SB143_SB82",0,0,0,0,"m","m",0,0
"SB18","SB143","SB143_SB18",0,0,0,0,"m","m",0,0
"SB124","SB143","SB124_SB143",0,0,0,0,"m","m",0,0
"SB26","SB143","SB143_SB26",0,0,0,0,"m","m",0,0
"SB33","SB143","SB143_SB33",0,0,0,0,"m","m",0,0
"SB1","SB143","SB1_SB143",0,0,0,0,"m","m",0,0
"SB38","SB143","SB143_SB38",0,0,0,0,"m","m",0,0
"SB10","SB143","SB10_SB143",0,0,0,0,"m","m",0,0
"SB102","SB143","SB102_SB143",0,0,0,0,"m","m",0,0.0625
"SB106","SB143","SB106_SB143",0,0,0,0,"m","m",0,0
"SB116","SB143","SB116_SB143",0,0,0,0,"m","m",0,0
"SB88","SB143","SB143_SB88",0,0,0,0,"m","m",0,0
"SB80","SB143","SB143_SB80",0,0,0,0,"f","m",0,0
"SB79","SB143","SB143_SB79",0,0,0,0,"m","m",0,0
"SB151","SB150","SB150_SB151",3,4,3,0,"f","f",0,0.25
"SB158","SB150","SB150_SB158",3,0,0,0,"f","f",0,0
"SB153","SB150","SB150_SB153",1,0,0,2,"f","f",0,0.5
"SB155","SB150","SB150_SB155",2,2,1,0,"f","f",0,0.25
"SB163","SB150","SB150_SB163",3,2,0,0,"f","f",0,0
"SB169","SB150","SB150_SB169",3,0,0,0,"f","f",0,0.25
"SB149","SB150","SB149_SB150",1,3,3,0,"m","f",1,0
"SB157","SB150","SB150_SB157",2,2,1,0,"m","f",0,0.25
"SB162","SB150","SB150_SB162",0,0,0,0,"m","f",0,0.25
"SB27","SB150","SB150_SB27",1,0,0,0,"f","f",0,0.25
"SB2","SB150","SB150_SB2",0,0,0,0,"f","f",0,0.25
"SB20","SB150","SB150_SB20",0,0,0,0,"f","f",0,0.03125
"SB6","SB150","SB150_SB6",0,0,0,0,"m","f",0,0
"SB47","SB150","SB150_SB47",0,0,0,0,"f","f",0,0.0625
"SB19","SB150","SB150_SB19",0,0,0,0,"m","f",0,0
"SB46","SB150","SB150_SB46",0,0,0,0,"m","f",0,0
"SB61","SB150","SB150_SB61",0,0,0,0,"m","f",0,0.03125
"SB34","SB150","SB150_SB34",0,0,0,0,"f","f",0,0
"SB39","SB150","SB150_SB39",0,0,0,0,"f","f",0,0
"SB7","SB150","SB150_SB7",0,0,0,0,"f","f",0,0
"SB58","SB150","SB150_SB58",0,0,0,0,"f","f",0,0
"SB37","SB150","SB150_SB37",0,0,0,2,"f","f",0,0.125
"SB53","SB150","SB150_SB53",0,0,0,0,"f","f",0,0
"SB11","SB150","SB11_SB150",0,0,0,0,"f","f",0,0
"SB57","SB150","SB150_SB57",0,0,0,0,"m","f",0,0.125
"SB146","SB150","SB146_SB150",0,0,0,0,"m","f",0,0.0625
"SB66","SB150","SB150_SB66",0,0,0,0,"m","f",0,0.0625
"SB133","SB150","SB133_SB150",0,0,0,0,"m","f",0,0
"SB52","SB150","SB150_SB52",0,0,0,0,"m","f",0,0.0625
"SB17","SB150","SB150_SB17",0,0,0,0,"f","f",0,0
"SB118","SB150","SB118_SB150",0,0,0,0,"f","f",0,0
"SB114","SB150","SB114_SB150",0,0,0,0,"f","f",0,0
"SB176","SB150","SB150_SB176",0,0,0,0,"m","f",0,0
"SB179","SB150","SB150_SB179",0,0,0,0,"f","f",0,0
"SB178","SB150","SB150_SB178",0,0,0,0,"m","f",0,0
"SB67","SB150","SB150_SB67",0,0,0,0,"f","f",0,0
"SB154","SB150","SB150_SB154",0,0,0,0,"m","f",0,0
"SB68","SB150","SB150_SB68",0,0,0,0,"m","f",0,0.03125
"SB75","SB150","SB150_SB75",0,0,0,0,"f","f",0,0
"SB65","SB150","SB150_SB65",0,0,0,0,"f","f",0,0
"SB74","SB150","SB150_SB74",0,0,0,0,"m","f",0,0
"SB82","SB150","SB150_SB82",0,0,0,0,"m","f",0,0.0625
"SB18","SB150","SB150_SB18",0,0,0,0,"m","f",0,0
"SB124","SB150","SB124_SB150",0,0,0,0,"m","f",0,0.25
"SB26","SB150","SB150_SB26",0,0,0,0,"m","f",0,0
"SB33","SB150","SB150_SB33",0,0,0,0,"m","f",0,0.0625
"SB1","SB150","SB1_SB150",0,0,0,0,"m","f",0,0
"SB38","SB150","SB150_SB38",0,0,0,0,"m","f",0,0
"SB10","SB150","SB10_SB150",1,0,0,0,"m","f",0,0
"SB102","SB150","SB102_SB150",0,0,0,0,"m","f",0,0
"SB106","SB150","SB106_SB150",0,0,0,0,"m","f",0,0
"SB116","SB150","SB116_SB150",0,0,0,0,"m","f",0,0
"SB88","SB150","SB150_SB88",0,0,0,0,"m","f",0,0
"SB80","SB150","SB150_SB80",0,0,0,0,"f","f",0,0
"SB79","SB150","SB150_SB79",0,0,0,0,"m","f",0,0
"SB158","SB151","SB151_SB158",3,1,0,2,"f","f",0,0
"SB153","SB151","SB151_SB153",1,0,0,0,"f","f",0,0.125
"SB155","SB151","SB151_SB155",3,2,0,4,"f","f",0,0.0625
"SB163","SB151","SB151_SB163",1,0,0,1,"f","f",0,0
"SB169","SB151","SB151_SB169",1,1,0,2,"f","f",0,0.0625
"SB149","SB151","SB149_SB151",2,0,1,0,"m","f",0,0
"SB157","SB151","SB151_SB157",0,0,0,0,"m","f",0,0.0625
"SB162","SB151","SB151_SB162",0,0,0,0,"m","f",0,0.0625
"SB27","SB151","SB151_SB27",0,1,0,3,"f","f",0,0.0625
"SB2","SB151","SB151_SB2",0,0,0,2,"f","f",0,0.0625
"SB20","SB151","SB151_SB20",0,0,0,0,"f","f",0,0.0078125
"SB6","SB151","SB151_SB6",0,0,0,0,"m","f",0,0
"SB47","SB151","SB151_SB47",0,0,0,0,"f","f",0,0.015625
"SB19","SB151","SB151_SB19",0,0,0,0,"m","f",0,0
"SB46","SB151","SB151_SB46",0,0,0,0,"m","f",0,0
"SB61","SB151","SB151_SB61",0,0,0,0,"m","f",0,0.0078125
"SB34","SB151","SB151_SB34",0,0,0,0,"f","f",0,0
"SB39","SB151","SB151_SB39",0,0,0,0,"f","f",0,0
"SB7","SB151","SB151_SB7",0,0,0,0,"f","f",0,0
"SB58","SB151","SB151_SB58",0,0,0,0,"f","f",0,0
"SB37","SB151","SB151_SB37",0,0,0,0,"f","f",0,0.03125
"SB53","SB151","SB151_SB53",0,0,0,0,"f","f",0,0
"SB11","SB151","SB11_SB151",0,0,0,0,"f","f",0,0
"SB57","SB151","SB151_SB57",0,0,0,0,"m","f",0,0.03125
"SB146","SB151","SB146_SB151",0,0,0,0,"m","f",0,0.015625
"SB66","SB151","SB151_SB66",0,0,0,0,"m","f",0,0.015625
"SB133","SB151","SB133_SB151",0,0,0,0,"m","f",0,0
"SB52","SB151","SB151_SB52",0,0,0,0,"m","f",0,0.015625
"SB17","SB151","SB151_SB17",0,0,0,0,"f","f",0,0
"SB118","SB151","SB118_SB151",0,0,0,0,"f","f",0,0
"SB114","SB151","SB114_SB151",0,0,0,0,"f","f",0,0
"SB176","SB151","SB151_SB176",0,0,0,0,"m","f",0,0
"SB179","SB151","SB151_SB179",0,0,0,0,"f","f",0,0
"SB178","SB151","SB151_SB178",0,0,0,0,"m","f",0,0
"SB67","SB151","SB151_SB67",0,0,0,0,"f","f",0,0
"SB154","SB151","SB151_SB154",0,0,0,0,"m","f",0,0
"SB68","SB151","SB151_SB68",0,0,0,0,"m","f",0,0.0078125
"SB75","SB151","SB151_SB75",0,0,0,0,"f","f",0,0
"SB65","SB151","SB151_SB65",0,0,0,0,"f","f",0,0
"SB74","SB151","SB151_SB74",0,0,0,0,"m","f",0,0
"SB82","SB151","SB151_SB82",0,0,0,0,"m","f",0,0.015625
"SB18","SB151","SB151_SB18",0,0,0,0,"m","f",0,0
"SB124","SB151","SB124_SB151",0,0,0,0,"m","f",0,0.0625
"SB26","SB151","SB151_SB26",0,0,0,0,"m","f",0,0
"SB33","SB151","SB151_SB33",0,0,0,0,"m","f",0,0.015625
"SB1","SB151","SB1_SB151",0,0,0,0,"m","f",0,0
"SB38","SB151","SB151_SB38",0,0,0,0,"m","f",0,0
"SB10","SB151","SB10_SB151",1,0,0,0,"m","f",0,0
"SB102","SB151","SB102_SB151",0,0,0,0,"m","f",0,0
"SB106","SB151","SB106_SB151",0,0,0,0,"m","f",0,0
"SB116","SB151","SB116_SB151",0,0,0,0,"m","f",0,0
"SB88","SB151","SB151_SB88",0,0,0,0,"m","f",0,0
"SB80","SB151","SB151_SB80",0,0,0,0,"f","f",0,0
"SB79","SB151","SB151_SB79",0,0,0,0,"m","f",0,0
"SB153","SB158","SB153_SB158",2,0,0,1,"f","f",0,0
"SB155","SB158","SB155_SB158",3,2,1,4,"f","f",0,0
"SB163","SB158","SB158_SB163",3,2,0,3,"f","f",0,0
"SB169","SB158","SB158_SB169",2,1,1,1,"f","f",0,0
"SB149","SB158","SB149_SB158",1,0,0,0,"m","f",0,0
"SB157","SB158","SB157_SB158",3,2,0,0,"m","f",1,0
"SB162","SB158","SB158_SB162",0,0,0,0,"m","f",0,0
"SB27","SB158","SB158_SB27",0,0,0,2,"f","f",0,0
"SB2","SB158","SB158_SB2",0,0,0,1,"f","f",0,0
"SB20","SB158","SB158_SB20",0,0,0,0,"f","f",0,0
"SB6","SB158","SB158_SB6",0,0,0,0,"m","f",0,0
"SB47","SB158","SB158_SB47",0,0,0,0,"f","f",0,0
"SB19","SB158","SB158_SB19",0,0,0,0,"m","f",0,0
"SB46","SB158","SB158_SB46",0,0,0,0,"m","f",0,0
"SB61","SB158","SB158_SB61",0,0,0,0,"m","f",0,0
"SB34","SB158","SB158_SB34",0,0,0,0,"f","f",0,0
"SB39","SB158","SB158_SB39",0,0,0,0,"f","f",0,0
"SB7","SB158","SB158_SB7",0,0,0,0,"f","f",0,0
"SB58","SB158","SB158_SB58",0,0,0,0,"f","f",0,0
"SB37","SB158","SB158_SB37",0,0,0,0,"f","f",0,0
"SB53","SB158","SB158_SB53",0,0,0,0,"f","f",0,0
"SB11","SB158","SB11_SB158",0,0,0,0,"f","f",0,0
"SB57","SB158","SB158_SB57",0,0,0,0,"m","f",0,0
"SB146","SB158","SB146_SB158",0,0,0,0,"m","f",0,0
"SB66","SB158","SB158_SB66",0,0,0,0,"m","f",0,0
"SB133","SB158","SB133_SB158",0,0,0,0,"m","f",0,0
"SB52","SB158","SB158_SB52",0,0,0,0,"m","f",0,0
"SB17","SB158","SB158_SB17",0,0,0,0,"f","f",0,0
"SB118","SB158","SB118_SB158",0,0,0,0,"f","f",0,0
"SB114","SB158","SB114_SB158",0,0,0,0,"f","f",0,0
"SB176","SB158","SB158_SB176",0,0,0,0,"m","f",0,0
"SB179","SB158","SB158_SB179",0,0,0,0,"f","f",0,0
"SB178","SB158","SB158_SB178",0,0,0,0,"m","f",0,0
"SB67","SB158","SB158_SB67",4,0,0,2,"f","f",0,0
"SB154","SB158","SB154_SB158",0,0,0,0,"m","f",0,0
"SB68","SB158","SB158_SB68",0,0,0,0,"m","f",0,0
"SB75","SB158","SB158_SB75",0,0,0,0,"f","f",0,0
"SB65","SB158","SB158_SB65",0,0,0,0,"f","f",0,0
"SB74","SB158","SB158_SB74",0,0,0,0,"m","f",0,0
"SB82","SB158","SB158_SB82",0,0,0,0,"m","f",0,0
"SB18","SB158","SB158_SB18",0,0,0,0,"m","f",0,0
"SB124","SB158","SB124_SB158",0,0,0,0,"m","f",0,0
"SB26","SB158","SB158_SB26",0,0,0,0,"m","f",0,0
"SB33","SB158","SB158_SB33",0,0,0,0,"m","f",0,0
"SB1","SB158","SB1_SB158",0,0,0,0,"m","f",0,0
"SB38","SB158","SB158_SB38",0,0,0,0,"m","f",0,0
"SB10","SB158","SB10_SB158",0,0,0,0,"m","f",0,0
"SB102","SB158","SB102_SB158",0,0,0,0,"m","f",0,0
"SB106","SB158","SB106_SB158",0,0,0,0,"m","f",0,0
"SB116","SB158","SB116_SB158",0,0,0,0,"m","f",0,0
"SB88","SB158","SB158_SB88",0,0,0,0,"m","f",0,0
"SB80","SB158","SB158_SB80",0,0,0,0,"f","f",0,0
"SB79","SB158","SB158_SB79",0,0,0,0,"m","f",0,0
"SB155","SB153","SB153_SB155",2,2,2,0,"f","f",0,0.5
"SB163","SB153","SB153_SB163",3,0,0,0,"f","f",0,0
"SB169","SB153","SB153_SB169",2,0,0,0,"f","f",0,0.5
"SB149","SB153","SB149_SB153",1,0,0,0,"m","f",0,0
"SB157","SB153","SB153_SB157",2,2,1,0,"m","f",0,0.5
"SB162","SB153","SB153_SB162",0,0,0,0,"m","f",0,0.5
"SB27","SB153","SB153_SB27",0,0,0,0,"f","f",0,0.5
"SB2","SB153","SB153_SB2",0,0,0,0,"f","f",0,0.5
"SB20","SB153","SB153_SB20",0,0,0,0,"f","f",0,0.03125
"SB6","SB153","SB153_SB6",0,0,0,0,"m","f",0,0
"SB47","SB153","SB153_SB47",0,0,0,0,"f","f",0,0.0625
"SB19","SB153","SB153_SB19",0,0,0,0,"m","f",0,0
"SB46","SB153","SB153_SB46",0,0,0,0,"m","f",0,0
"SB61","SB153","SB153_SB61",0,0,0,0,"m","f",0,0.03125
"SB34","SB153","SB153_SB34",0,0,0,0,"f","f",0,0
"SB39","SB153","SB153_SB39",0,0,0,0,"f","f",0,0
"SB7","SB153","SB153_SB7",0,0,0,0,"f","f",0,0
"SB58","SB153","SB153_SB58",0,0,0,0,"f","f",0,0
"SB37","SB153","SB153_SB37",0,0,0,1,"f","f",0,0.125
"SB53","SB153","SB153_SB53",0,0,0,0,"f","f",0,0
"SB11","SB153","SB11_SB153",0,0,0,0,"f","f",0,0
"SB57","SB153","SB153_SB57",0,0,0,0,"m","f",0,0.125
"SB146","SB153","SB146_SB153",0,0,0,0,"m","f",0,0.0625
"SB66","SB153","SB153_SB66",0,0,0,0,"m","f",0,0.0625
"SB133","SB153","SB133_SB153",0,0,0,0,"m","f",0,0
"SB52","SB153","SB153_SB52",0,0,0,0,"m","f",0,0.0625
"SB17","SB153","SB153_SB17",0,0,0,0,"f","f",0,0
"SB118","SB153","SB118_SB153",0,0,0,0,"f","f",0,0
"SB114","SB153","SB114_SB153",0,0,0,0,"f","f",0,0
"SB176","SB153","SB153_SB176",0,0,0,0,"m","f",0,0
"SB179","SB153","SB153_SB179",0,0,0,0,"f","f",0,0
"SB178","SB153","SB153_SB178",0,0,0,0,"m","f",0,0
"SB67","SB153","SB153_SB67",0,0,0,0,"f","f",0,0
"SB154","SB153","SB153_SB154",0,0,0,0,"m","f",0,0
"SB68","SB153","SB153_SB68",0,0,0,0,"m","f",0,0.03125
"SB75","SB153","SB153_SB75",0,0,0,0,"f","f",0,0
"SB65","SB153","SB153_SB65",0,0,0,0,"f","f",0,0
"SB74","SB153","SB153_SB74",0,0,0,0,"m","f",0,0
"SB82","SB153","SB153_SB82",0,0,0,0,"m","f",0,0.0625
"SB18","SB153","SB153_SB18",0,0,0,0,"m","f",0,0
"SB124","SB153","SB124_SB153",0,0,0,0,"m","f",0,0.25
"SB26","SB153","SB153_SB26",0,0,0,0,"m","f",0,0
"SB33","SB153","SB153_SB33",0,0,0,0,"m","f",0,0.0625
"SB1","SB153","SB1_SB153",0,0,0,0,"m","f",0,0
"SB38","SB153","SB153_SB38",0,0,0,0,"m","f",0,0
"SB10","SB153","SB10_SB153",1,0,0,0,"m","f",0,0
"SB102","SB153","SB102_SB153",0,0,0,0,"m","f",0,0
"SB106","SB153","SB106_SB153",0,0,0,0,"m","f",0,0
"SB116","SB153","SB116_SB153",0,0,0,0,"m","f",0,0
"SB88","SB153","SB153_SB88",0,0,0,0,"m","f",0,0
"SB80","SB153","SB153_SB80",0,0,0,0,"f","f",0,0
"SB79","SB153","SB153_SB79",0,0,0,0,"m","f",0,0
"SB163","SB155","SB155_SB163",3,2,2,2,"f","f",0,0
"SB169","SB155","SB155_SB169",3,2,2,2,"f","f",0,0.5
"SB149","SB155","SB149_SB155",1,0,0,0,"m","f",0,0
"SB157","SB155","SB155_SB157",2,4,1,0,"m","f",0,0.5
"SB162","SB155","SB155_SB162",0,0,0,0,"m","f",0,0.5
"SB27","SB155","SB155_SB27",2,3,1,0,"f","f",0,0.5
"SB2","SB155","SB155_SB2",2,3,2,0,"f","f",0,0.5
"SB20","SB155","SB155_SB20",0,0,0,0,"f","f",0,0.015625
"SB6","SB155","SB155_SB6",0,0,0,0,"m","f",0,0
"SB47","SB155","SB155_SB47",0,0,0,0,"f","f",0,0.03125
"SB19","SB155","SB155_SB19",0,0,0,0,"m","f",0,0
"SB46","SB155","SB155_SB46",0,0,0,0,"m","f",0,0
"SB61","SB155","SB155_SB61",0,0,0,0,"m","f",0,0.015625
"SB34","SB155","SB155_SB34",0,0,0,0,"f","f",0,0
"SB39","SB155","SB155_SB39",0,0,0,0,"f","f",0,0
"SB7","SB155","SB155_SB7",0,0,0,0,"f","f",0,0
"SB58","SB155","SB155_SB58",0,0,0,0,"f","f",0,0
"SB37","SB155","SB155_SB37",0,0,0,0,"f","f",0,0.0625
"SB53","SB155","SB155_SB53",0,0,0,0,"f","f",0,0
"SB11","SB155","SB11_SB155",0,0,0,0,"f","f",0,0
"SB57","SB155","SB155_SB57",0,0,0,0,"m","f",0,0.0625
"SB146","SB155","SB146_SB155",0,0,0,0,"m","f",0,0.03125
"SB66","SB155","SB155_SB66",0,0,0,0,"m","f",0,0.03125
"SB133","SB155","SB133_SB155",0,0,0,0,"m","f",0,0
"SB52","SB155","SB155_SB52",0,0,0,0,"m","f",0,0.03125
"SB17","SB155","SB155_SB17",0,0,0,0,"f","f",0,0
"SB118","SB155","SB118_SB155",0,0,0,0,"f","f",0,0
"SB114","SB155","SB114_SB155",0,0,0,0,"f","f",0,0
"SB176","SB155","SB155_SB176",0,0,0,0,"m","f",0,0
"SB179","SB155","SB155_SB179",0,0,0,0,"f","f",0,0
"SB178","SB155","SB155_SB178",0,0,0,0,"m","f",0,0
"SB67","SB155","SB155_SB67",0,0,0,0,"f","f",0,0.25
"SB154","SB155","SB154_SB155",0,4,2,0,"m","f",1,0
"SB68","SB155","SB155_SB68",0,0,0,0,"m","f",0,0.140625
"SB75","SB155","SB155_SB75",0,0,0,0,"f","f",0,0
"SB65","SB155","SB155_SB65",0,0,0,0,"f","f",0,0
"SB74","SB155","SB155_SB74",0,0,0,0,"m","f",0,0
"SB82","SB155","SB155_SB82",0,0,0,0,"m","f",0,0.03125
"SB18","SB155","SB155_SB18",0,0,0,0,"m","f",0,0
"SB124","SB155","SB124_SB155",0,0,0,0,"m","f",0,0.125
"SB26","SB155","SB155_SB26",0,0,0,0,"m","f",0,0
"SB33","SB155","SB155_SB33",0,0,0,0,"m","f",0,0.03125
"SB1","SB155","SB1_SB155",0,0,0,0,"m","f",0,0
"SB38","SB155","SB155_SB38",0,0,0,0,"m","f",0,0
"SB10","SB155","SB10_SB155",1,0,0,0,"m","f",0,0
"SB102","SB155","SB102_SB155",0,0,0,0,"m","f",0,0
"SB106","SB155","SB106_SB155",0,0,0,0,"m","f",0,0
"SB116","SB155","SB116_SB155",0,0,0,0,"m","f",0,0
"SB88","SB155","SB155_SB88",0,0,0,0,"m","f",0,0
"SB80","SB155","SB155_SB80",0,0,0,0,"f","f",0,0
"SB79","SB155","SB155_SB79",0,0,0,0,"m","f",0,0
"SB169","SB163","SB163_SB169",3,2,1,2,"f","f",0,0
"SB149","SB163","SB149_SB163",1,0,0,0,"m","f",0,0
"SB157","SB163","SB157_SB163",3,0,0,0,"m","f",0,0
"SB162","SB163","SB162_SB163",1,2,3,0,"m","f",1,0
"SB27","SB163","SB163_SB27",0,2,0,2,"f","f",0,0
"SB2","SB163","SB163_SB2",0,1,0,2,"f","f",0,0
"SB20","SB163","SB163_SB20",0,0,0,0,"f","f",0,0
"SB6","SB163","SB163_SB6",0,0,0,0,"m","f",0,0
"SB47","SB163","SB163_SB47",0,0,0,0,"f","f",0,0
"SB19","SB163","SB163_SB19",0,0,0,0,"m","f",0,0
"SB46","SB163","SB163_SB46",0,0,0,0,"m","f",0,0
"SB61","SB163","SB163_SB61",0,0,0,0,"m","f",0,0
"SB34","SB163","SB163_SB34",0,0,0,0,"f","f",0,0
"SB39","SB163","SB163_SB39",0,0,0,0,"f","f",0,0
"SB7","SB163","SB163_SB7",0,0,0,0,"f","f",0,0
"SB58","SB163","SB163_SB58",0,0,0,0,"f","f",0,0
"SB37","SB163","SB163_SB37",0,0,0,0,"f","f",0,0
"SB53","SB163","SB163_SB53",0,0,0,0,"f","f",0,0
"SB11","SB163","SB11_SB163",0,0,0,0,"f","f",0,0
"SB57","SB163","SB163_SB57",0,0,0,0,"m","f",0,0
"SB146","SB163","SB146_SB163",0,0,0,0,"m","f",0,0
"SB66","SB163","SB163_SB66",0,0,0,0,"m","f",0,0
"SB133","SB163","SB133_SB163",0,0,0,0,"m","f",0,0
"SB52","SB163","SB163_SB52",0,0,0,0,"m","f",0,0
"SB17","SB163","SB163_SB17",0,0,0,0,"f","f",0,0
"SB118","SB163","SB118_SB163",0,0,0,0,"f","f",0,0
"SB114","SB163","SB114_SB163",0,0,0,0,"f","f",0,0
"SB176","SB163","SB163_SB176",0,0,0,0,"m","f",0,0
"SB179","SB163","SB163_SB179",0,0,0,0,"f","f",0,0
"SB178","SB163","SB163_SB178",0,0,0,0,"m","f",0,0
"SB67","SB163","SB163_SB67",0,0,0,0,"f","f",0,0
"SB154","SB163","SB154_SB163",0,0,0,0,"m","f",0,0
"SB68","SB163","SB163_SB68",0,0,0,0,"m","f",0,0
"SB75","SB163","SB163_SB75",0,0,0,0,"f","f",0,0
"SB65","SB163","SB163_SB65",0,0,0,0,"f","f",0,0
"SB74","SB163","SB163_SB74",0,0,0,0,"m","f",0,0
"SB82","SB163","SB163_SB82",0,0,0,0,"m","f",0,0
"SB18","SB163","SB163_SB18",0,0,0,0,"m","f",0,0
"SB124","SB163","SB124_SB163",0,0,0,0,"m","f",0,0
"SB26","SB163","SB163_SB26",0,0,0,0,"m","f",0,0
"SB33","SB163","SB163_SB33",0,0,0,0,"m","f",0,0
"SB1","SB163","SB1_SB163",0,0,0,0,"m","f",0,0
"SB38","SB163","SB163_SB38",0,0,0,0,"m","f",0,0
"SB10","SB163","SB10_SB163",1,0,0,0,"m","f",0,0
"SB102","SB163","SB102_SB163",0,0,0,0,"m","f",0,0
"SB106","SB163","SB106_SB163",0,0,0,0,"m","f",0,0
"SB116","SB163","SB116_SB163",0,0,0,0,"m","f",0,0
"SB88","SB163","SB163_SB88",0,0,0,0,"m","f",0,0
"SB80","SB163","SB163_SB80",0,0,0,0,"f","f",0,0
"SB79","SB163","SB163_SB79",0,0,0,0,"m","f",0,0
"SB149","SB169","SB149_SB169",1,0,0,0,"m","f",0,0
"SB157","SB169","SB157_SB169",1,2,1,0,"m","f",0,0.5
"SB162","SB169","SB162_SB169",0,0,0,0,"m","f",0,0.5
"SB27","SB169","SB169_SB27",1,0,0,0,"f","f",0,0.5
"SB2","SB169","SB169_SB2",0,0,0,0,"f","f",0,0.5
"SB20","SB169","SB169_SB20",0,0,0,0,"f","f",0,0.015625
"SB6","SB169","SB169_SB6",0,0,0,0,"m","f",0,0
"SB47","SB169","SB169_SB47",0,0,0,0,"f","f",0,0.03125
"SB19","SB169","SB169_SB19",0,0,0,0,"m","f",0,0
"SB46","SB169","SB169_SB46",0,0,0,0,"m","f",0,0
"SB61","SB169","SB169_SB61",0,0,0,0,"m","f",0,0.015625
"SB34","SB169","SB169_SB34",0,0,0,0,"f","f",0,0
"SB39","SB169","SB169_SB39",0,0,0,0,"f","f",0,0
"SB7","SB169","SB169_SB7",0,0,0,0,"f","f",0,0
"SB58","SB169","SB169_SB58",0,0,0,0,"f","f",0,0
"SB37","SB169","SB169_SB37",0,0,0,0,"f","f",0,0.0625
"SB53","SB169","SB169_SB53",0,0,0,0,"f","f",0,0
"SB11","SB169","SB11_SB169",0,0,0,0,"f","f",0,0
"SB57","SB169","SB169_SB57",0,0,0,0,"m","f",0,0.0625
"SB146","SB169","SB146_SB169",0,0,0,0,"m","f",0,0.03125
"SB66","SB169","SB169_SB66",0,0,0,0,"m","f",0,0.03125
"SB133","SB169","SB133_SB169",0,0,0,0,"m","f",0,0
"SB52","SB169","SB169_SB52",0,0,0,0,"m","f",0,0.03125
"SB17","SB169","SB169_SB17",0,0,0,0,"f","f",0,0
"SB118","SB169","SB118_SB169",0,0,0,0,"f","f",0,0
"SB114","SB169","SB114_SB169",0,0,0,0,"f","f",0,0
"SB176","SB169","SB169_SB176",0,0,0,0,"m","f",0,0
"SB179","SB169","SB169_SB179",0,0,0,0,"f","f",0,0
"SB178","SB169","SB169_SB178",0,0,0,0,"m","f",0,0
"SB67","SB169","SB169_SB67",0,1,1,0,"f","f",0,0.25
"SB154","SB169","SB154_SB169",0,0,0,0,"m","f",0,0
"SB68","SB169","SB169_SB68",0,0,0,0,"m","f",0,0.140625
"SB75","SB169","SB169_SB75",0,0,0,0,"f","f",0,0
"SB65","SB169","SB169_SB65",0,0,0,0,"f","f",0,0
"SB74","SB169","SB169_SB74",0,0,0,0,"m","f",0,0
"SB82","SB169","SB169_SB82",0,0,0,0,"m","f",0,0.03125
"SB18","SB169","SB169_SB18",0,0,0,0,"m","f",0,0
"SB124","SB169","SB124_SB169",0,0,0,0,"m","f",0,0.125
"SB26","SB169","SB169_SB26",0,0,0,0,"m","f",0,0
"SB33","SB169","SB169_SB33",0,0,0,0,"m","f",0,0.03125
"SB1","SB169","SB1_SB169",0,0,0,0,"m","f",0,0
"SB38","SB169","SB169_SB38",0,0,0,0,"m","f",0,0
"SB10","SB169","SB10_SB169",1,0,0,0,"m","f",0,0
"SB102","SB169","SB102_SB169",0,0,0,0,"m","f",0,0
"SB106","SB169","SB106_SB169",0,0,0,0,"m","f",0,0
"SB116","SB169","SB116_SB169",0,0,0,0,"m","f",0,0
"SB88","SB169","SB169_SB88",0,0,0,0,"m","f",0,0
"SB80","SB169","SB169_SB80",0,0,0,0,"f","f",0,0
"SB79","SB169","SB169_SB79",0,0,0,0,"m","f",0,0
"SB157","SB149","SB149_SB157",0,0,0,2,"m","m",0,0
"SB162","SB149","SB149_SB162",0,0,0,2,"m","m",0,0
"SB27","SB149","SB149_SB27",0,0,0,0,"f","m",0,0
"SB2","SB149","SB149_SB2",0,0,0,0,"f","m",0,0
"SB20","SB149","SB149_SB20",0,0,0,0,"f","m",0,0
"SB6","SB149","SB149_SB6",0,0,0,0,"m","m",0,0
"SB47","SB149","SB149_SB47",0,0,0,0,"f","m",0,0
"SB19","SB149","SB149_SB19",0,0,0,0,"m","m",0,0
"SB46","SB149","SB149_SB46",0,0,0,0,"m","m",0,0
"SB61","SB149","SB149_SB61",0,0,0,0,"m","m",0,0
"SB34","SB149","SB149_SB34",0,0,0,0,"f","m",0,0
"SB39","SB149","SB149_SB39",0,0,0,0,"f","m",0,0
"SB7","SB149","SB149_SB7",0,0,0,0,"f","m",0,0
"SB58","SB149","SB149_SB58",0,0,0,0,"f","m",0,0
"SB37","SB149","SB149_SB37",0,0,0,0,"f","m",0,0
"SB53","SB149","SB149_SB53",0,0,0,0,"f","m",0,0
"SB11","SB149","SB11_SB149",0,0,0,0,"f","m",0,0
"SB57","SB149","SB149_SB57",0,0,0,0,"m","m",0,0
"SB146","SB149","SB146_SB149",0,0,0,0,"m","m",0,0
"SB66","SB149","SB149_SB66",0,0,0,0,"m","m",0,0
"SB133","SB149","SB133_SB149",0,0,0,0,"m","m",0,0
"SB52","SB149","SB149_SB52",0,0,0,0,"m","m",0,0
"SB17","SB149","SB149_SB17",0,0,0,0,"f","m",0,0
"SB118","SB149","SB118_SB149",0,0,0,0,"f","m",0,0
"SB114","SB149","SB114_SB149",0,0,0,0,"f","m",0,0
"SB176","SB149","SB149_SB176",0,0,0,0,"m","m",0,0
"SB179","SB149","SB149_SB179",0,0,0,0,"f","m",0,0
"SB178","SB149","SB149_SB178",0,0,0,0,"m","m",0,0
"SB67","SB149","SB149_SB67",0,0,0,0,"f","m",0,0
"SB154","SB149","SB149_SB154",0,0,0,0,"m","m",0,0
"SB68","SB149","SB149_SB68",0,0,0,0,"m","m",0,0
"SB75","SB149","SB149_SB75",0,0,0,0,"f","m",0,0
"SB65","SB149","SB149_SB65",0,0,0,0,"f","m",0,0
"SB74","SB149","SB149_SB74",0,0,0,0,"m","m",0,0
"SB82","SB149","SB149_SB82",0,0,0,0,"m","m",0,0
"SB18","SB149","SB149_SB18",0,0,0,0,"m","m",0,0
"SB124","SB149","SB124_SB149",0,0,0,0,"m","m",0,0
"SB26","SB149","SB149_SB26",0,0,0,0,"m","m",0,0
"SB33","SB149","SB149_SB33",0,0,0,0,"m","m",0,0
"SB1","SB149","SB1_SB149",0,0,0,0,"m","m",0,0
"SB38","SB149","SB149_SB38",0,0,0,0,"m","m",0,0
"SB10","SB149","SB10_SB149",0,0,0,0,"m","m",0,0
"SB102","SB149","SB102_SB149",0,0,0,0,"m","m",0,0
"SB106","SB149","SB106_SB149",0,0,0,0,"m","m",0,0
"SB116","SB149","SB116_SB149",0,0,0,0,"m","m",0,0
"SB88","SB149","SB149_SB88",0,0,0,0,"m","m",0,0
"SB80","SB149","SB149_SB80",0,0,0,0,"f","m",0,0
"SB79","SB149","SB149_SB79",0,0,0,0,"m","m",0,0
"SB162","SB157","SB157_SB162",0,0,0,0,"m","m",0,0.5
"SB27","SB157","SB157_SB27",0,0,1,0,"f","m",0,0.5
"SB2","SB157","SB157_SB2",0,0,0,0,"f","m",0,0.5
"SB20","SB157","SB157_SB20",0,0,0,0,"f","m",0,0.015625
"SB6","SB157","SB157_SB6",0,0,0,0,"m","m",0,0
"SB47","SB157","SB157_SB47",0,0,0,0,"f","m",0,0.03125
"SB19","SB157","SB157_SB19",0,0,0,0,"m","m",0,0
"SB46","SB157","SB157_SB46",0,0,0,0,"m","m",0,0
"SB61","SB157","SB157_SB61",0,0,0,0,"m","m",0,0.015625
"SB34","SB157","SB157_SB34",0,0,0,0,"f","m",0,0
"SB39","SB157","SB157_SB39",0,0,0,0,"f","m",0,0
"SB7","SB157","SB157_SB7",0,0,0,0,"f","m",0,0
"SB58","SB157","SB157_SB58",0,0,0,0,"f","m",0,0
"SB37","SB157","SB157_SB37",0,0,0,0,"f","m",0,0.0625
"SB53","SB157","SB157_SB53",0,0,0,0,"f","m",0,0
"SB11","SB157","SB11_SB157",0,0,0,0,"f","m",0,0
"SB57","SB157","SB157_SB57",0,0,0,0,"m","m",0,0.0625
"SB146","SB157","SB146_SB157",0,0,0,0,"m","m",0,0.03125
"SB66","SB157","SB157_SB66",0,0,0,0,"m","m",0,0.03125
"SB133","SB157","SB133_SB157",0,0,0,0,"m","m",0,0
"SB52","SB157","SB157_SB52",0,0,0,0,"m","m",0,0.03125
"SB17","SB157","SB157_SB17",0,0,0,0,"f","m",0,0
"SB118","SB157","SB118_SB157",0,0,0,0,"f","m",0,0
"SB114","SB157","SB114_SB157",0,0,0,0,"f","m",0,0
"SB176","SB157","SB157_SB176",0,0,0,0,"m","m",0,0
"SB179","SB157","SB157_SB179",0,0,0,0,"f","m",0,0
"SB178","SB157","SB157_SB178",0,0,0,0,"m","m",0,0
"SB67","SB157","SB157_SB67",0,0,0,0,"f","m",0,0.25
"SB154","SB157","SB154_SB157",0,0,0,0,"m","m",0,0
"SB68","SB157","SB157_SB68",0,0,0,0,"m","m",0,0.140625
"SB75","SB157","SB157_SB75",0,0,0,0,"f","m",0,0
"SB65","SB157","SB157_SB65",0,0,0,0,"f","m",0,0
"SB74","SB157","SB157_SB74",0,0,0,0,"m","m",0,0
"SB82","SB157","SB157_SB82",0,0,0,0,"m","m",0,0.03125
"SB18","SB157","SB157_SB18",0,0,0,0,"m","m",0,0
"SB124","SB157","SB124_SB157",1,2,1,0,"m","m",0,0.125
"SB26","SB157","SB157_SB26",0,0,0,0,"m","m",0,0
"SB33","SB157","SB157_SB33",0,0,0,0,"m","m",0,0.03125
"SB1","SB157","SB1_SB157",0,0,0,0,"m","m",0,0
"SB38","SB157","SB157_SB38",0,0,0,0,"m","m",0,0
"SB10","SB157","SB10_SB157",0,0,0,0,"m","m",0,0
"SB102","SB157","SB102_SB157",0,0,0,0,"m","m",0,0
"SB106","SB157","SB106_SB157",0,0,0,0,"m","m",0,0
"SB116","SB157","SB116_SB157",0,0,0,0,"m","m",0,0
"SB88","SB157","SB157_SB88",0,0,0,0,"m","m",0,0
"SB80","SB157","SB157_SB80",0,0,0,0,"f","m",0,0
"SB79","SB157","SB157_SB79",0,0,0,0,"m","m",0,0
"SB27","SB162","SB162_SB27",0,0,0,0,"f","m",0,0.5
"SB2","SB162","SB162_SB2",0,0,0,0,"f","m",0,0.5
"SB20","SB162","SB162_SB20",0,0,0,0,"f","m",0,0.015625
"SB6","SB162","SB162_SB6",0,0,0,0,"m","m",0,0
"SB47","SB162","SB162_SB47",0,0,0,0,"f","m",0,0.03125
"SB19","SB162","SB162_SB19",0,0,0,0,"m","m",0,0
"SB46","SB162","SB162_SB46",0,0,0,0,"m","m",0,0
"SB61","SB162","SB162_SB61",0,0,0,0,"m","m",0,0.015625
"SB34","SB162","SB162_SB34",0,0,0,0,"f","m",0,0
"SB39","SB162","SB162_SB39",0,0,0,0,"f","m",0,0
"SB7","SB162","SB162_SB7",0,0,0,0,"f","m",0,0
"SB58","SB162","SB162_SB58",0,0,0,0,"f","m",0,0
"SB37","SB162","SB162_SB37",0,0,0,0,"f","m",0,0.0625
"SB53","SB162","SB162_SB53",0,0,0,0,"f","m",0,0
"SB11","SB162","SB11_SB162",0,0,0,0,"f","m",0,0
"SB57","SB162","SB162_SB57",0,0,0,0,"m","m",0,0.0625
"SB146","SB162","SB146_SB162",0,0,0,0,"m","m",0,0.03125
"SB66","SB162","SB162_SB66",0,0,0,0,"m","m",0,0.03125
"SB133","SB162","SB133_SB162",0,0,0,0,"m","m",0,0
"SB52","SB162","SB162_SB52",0,0,0,0,"m","m",0,0.03125
"SB17","SB162","SB162_SB17",0,0,0,0,"f","m",0,0
"SB118","SB162","SB118_SB162",0,0,0,0,"f","m",0,0
"SB114","SB162","SB114_SB162",0,0,0,0,"f","m",0,0
"SB176","SB162","SB162_SB176",0,0,0,0,"m","m",0,0
"SB179","SB162","SB162_SB179",0,0,0,0,"f","m",0,0
"SB178","SB162","SB162_SB178",0,0,0,0,"m","m",0,0
"SB67","SB162","SB162_SB67",0,0,0,0,"f","m",0,0.25
"SB154","SB162","SB154_SB162",0,0,0,0,"m","m",0,0
"SB68","SB162","SB162_SB68",0,0,0,2,"m","m",0,0.140625
"SB75","SB162","SB162_SB75",0,0,0,0,"f","m",0,0
"SB65","SB162","SB162_SB65",0,0,0,0,"f","m",0,0
"SB74","SB162","SB162_SB74",0,0,0,0,"m","m",0,0
"SB82","SB162","SB162_SB82",0,0,0,0,"m","m",0,0.03125
"SB18","SB162","SB162_SB18",0,0,0,0,"m","m",0,0
"SB124","SB162","SB124_SB162",0,0,0,0,"m","m",0,0.125
"SB26","SB162","SB162_SB26",0,0,0,0,"m","m",0,0
"SB33","SB162","SB162_SB33",0,0,0,1,"m","m",0,0.03125
"SB1","SB162","SB1_SB162",0,0,0,0,"m","m",0,0
"SB38","SB162","SB162_SB38",0,0,0,2,"m","m",0,0
"SB10","SB162","SB10_SB162",0,0,0,0,"m","m",0,0
"SB102","SB162","SB102_SB162",0,0,0,0,"m","m",0,0
"SB106","SB162","SB106_SB162",0,0,0,0,"m","m",0,0
"SB116","SB162","SB116_SB162",0,0,0,0,"m","m",0,0
"SB88","SB162","SB162_SB88",0,0,0,0,"m","m",0,0
"SB80","SB162","SB162_SB80",0,0,0,0,"f","m",0,0
"SB79","SB162","SB162_SB79",0,0,0,0,"m","m",0,0
"SB2","SB27","SB2_SB27",1,1,2,1,"f","f",0,0.5
"SB20","SB27","SB20_SB27",2,0,0,0,"f","f",0,0.015625
"SB6","SB27","SB27_SB6",0,0,0,0,"m","f",0,0
"SB47","SB27","SB27_SB47",2,2,0,2,"f","f",0,0.03125
"SB19","SB27","SB19_SB27",0,0,0,0,"m","f",0,0
"SB46","SB27","SB27_SB46",0,0,0,0,"m","f",0,0
"SB61","SB27","SB27_SB61",0,0,0,0,"m","f",0,0.015625
"SB34","SB27","SB27_SB34",2,0,0,0,"f","f",0,0
"SB39","SB27","SB27_SB39",0,0,0,0,"f","f",0,0
"SB7","SB27","SB27_SB7",0,0,0,0,"f","f",0,0
"SB58","SB27","SB27_SB58",0,0,0,0,"f","f",0,0
"SB37","SB27","SB27_SB37",0,0,0,0,"f","f",0,0.0625
"SB53","SB27","SB27_SB53",0,0,0,0,"f","f",0,0
"SB11","SB27","SB11_SB27",0,0,0,0,"f","f",0,0
"SB57","SB27","SB27_SB57",0,0,0,0,"m","f",0,0.0625
"SB146","SB27","SB146_SB27",0,0,0,0,"m","f",0,0.03125
"SB66","SB27","SB27_SB66",0,0,0,0,"m","f",0,0.03125
"SB133","SB27","SB133_SB27",0,0,0,0,"m","f",0,0
"SB52","SB27","SB27_SB52",0,0,0,0,"m","f",0,0.03125
"SB17","SB27","SB17_SB27",0,0,0,0,"f","f",0,0
"SB118","SB27","SB118_SB27",0,0,0,0,"f","f",0,0
"SB114","SB27","SB114_SB27",0,0,0,0,"f","f",0,0
"SB176","SB27","SB176_SB27",0,0,0,0,"m","f",0,0
"SB179","SB27","SB179_SB27",0,0,0,0,"f","f",0,0
"SB178","SB27","SB178_SB27",0,0,0,0,"m","f",0,0
"SB67","SB27","SB27_SB67",2,0,0,1,"f","f",0,0.25
"SB154","SB27","SB154_SB27",0,0,0,0,"m","f",0,0
"SB68","SB27","SB27_SB68",0,0,0,0,"m","f",0,0.140625
"SB75","SB27","SB27_SB75",1,0,0,0,"f","f",0,0
"SB65","SB27","SB27_SB65",0,0,0,0,"f","f",0,0
"SB74","SB27","SB27_SB74",0,0,0,0,"m","f",0,0
"SB82","SB27","SB27_SB82",0,0,0,0,"m","f",0,0.03125
"SB18","SB27","SB18_SB27",0,0,0,0,"m","f",0,0
"SB124","SB27","SB124_SB27",0,0,0,0,"m","f",0,0.125
"SB26","SB27","SB26_SB27",0,0,1,0,"m","f",1,0
"SB33","SB27","SB27_SB33",0,0,0,0,"m","f",0,0.03125
"SB1","SB27","SB1_SB27",0,0,0,0,"m","f",0,0
"SB38","SB27","SB27_SB38",0,0,0,0,"m","f",0,0
"SB10","SB27","SB10_SB27",1,0,0,0,"m","f",0,0
"SB102","SB27","SB102_SB27",0,0,0,0,"m","f",0,0
"SB106","SB27","SB106_SB27",0,0,0,0,"m","f",0,0
"SB116","SB27","SB116_SB27",0,0,0,0,"m","f",0,0
"SB88","SB27","SB27_SB88",0,0,0,0,"m","f",0,0
"SB80","SB27","SB27_SB80",0,0,0,0,"f","f",0,0
"SB79","SB27","SB27_SB79",0,0,0,0,"m","f",0,0
"SB20","SB2","SB2_SB20",2,0,0,0,"f","f",0,0.015625
"SB6","SB2","SB2_SB6",1,0,0,0,"m","f",0,0
"SB47","SB2","SB2_SB47",1,2,1,2,"f","f",0,0.03125
"SB19","SB2","SB19_SB2",0,0,0,0,"m","f",0,0
"SB46","SB2","SB2_SB46",0,0,0,0,"m","f",0,0
"SB61","SB2","SB2_SB61",0,0,0,0,"m","f",0,0.015625
"SB34","SB2","SB2_SB34",2,0,0,0,"f","f",0,0
"SB39","SB2","SB2_SB39",0,0,0,0,"f","f",0,0
"SB7","SB2","SB2_SB7",1,0,0,0,"f","f",0,0
"SB58","SB2","SB2_SB58",0,0,0,0,"f","f",0,0
"SB37","SB2","SB2_SB37",0,0,0,0,"f","f",0,0.0625
"SB53","SB2","SB2_SB53",0,0,0,0,"f","f",0,0
"SB11","SB2","SB11_SB2",2,0,1,1,"f","f",0,0
"SB57","SB2","SB2_SB57",0,0,0,0,"m","f",0,0.0625
"SB146","SB2","SB146_SB2",0,0,0,0,"m","f",0,0.03125
"SB66","SB2","SB2_SB66",0,0,0,0,"m","f",0,0.03125
"SB133","SB2","SB133_SB2",0,0,0,0,"m","f",0,0
"SB52","SB2","SB2_SB52",0,0,0,0,"m","f",0,0.03125
"SB17","SB2","SB17_SB2",0,0,0,0,"f","f",0,0
"SB118","SB2","SB118_SB2",0,0,0,0,"f","f",0,0
"SB114","SB2","SB114_SB2",0,0,0,0,"f","f",0,0
"SB176","SB2","SB176_SB2",0,0,0,0,"m","f",0,0
"SB179","SB2","SB179_SB2",0,0,0,0,"f","f",0,0
"SB178","SB2","SB178_SB2",0,0,0,0,"m","f",0,0
"SB67","SB2","SB2_SB67",2,0,0,0,"f","f",0,0.25
"SB154","SB2","SB154_SB2",0,0,0,0,"m","f",0,0
"SB68","SB2","SB2_SB68",0,0,0,0,"m","f",0,0.140625
"SB75","SB2","SB2_SB75",1,0,0,0,"f","f",0,0
"SB65","SB2","SB2_SB65",0,0,0,0,"f","f",0,0
"SB74","SB2","SB2_SB74",0,0,0,0,"m","f",0,0
"SB82","SB2","SB2_SB82",0,0,0,0,"m","f",0,0.03125
"SB18","SB2","SB18_SB2",0,0,0,0,"m","f",0,0
"SB124","SB2","SB124_SB2",0,0,0,0,"m","f",0,0.125
"SB26","SB2","SB2_SB26",0,0,0,0,"m","f",0,0
"SB33","SB2","SB2_SB33",0,0,0,0,"m","f",0,0.03125
"SB1","SB2","SB1_SB2",0,0,0,0,"m","f",1,0
"SB38","SB2","SB2_SB38",0,0,0,0,"m","f",0,0
"SB10","SB2","SB10_SB2",1,0,0,0,"m","f",0,0
"SB102","SB2","SB102_SB2",0,0,0,0,"m","f",0,0
"SB106","SB2","SB106_SB2",0,0,0,0,"m","f",0,0
"SB116","SB2","SB116_SB2",0,0,0,0,"m","f",0,0
"SB88","SB2","SB2_SB88",0,0,0,0,"m","f",0,0
"SB80","SB2","SB2_SB80",0,0,0,0,"f","f",0,0
"SB79","SB2","SB2_SB79",0,0,0,0,"m","f",0,0
"SB6","SB20","SB20_SB6",0,0,0,0,"m","f",0,0
"SB47","SB20","SB20_SB47",2,2,0,0,"f","f",0,0.015625
"SB19","SB20","SB19_SB20",1,3,2,0,"m","f",1,0.03125
"SB46","SB20","SB20_SB46",0,0,0,0,"m","f",0,0.03125
"SB61","SB20","SB20_SB61",0,0,0,0,"m","f",0,0.0234375
"SB34","SB20","SB20_SB34",0,0,0,0,"f","f",0,0.015625
"SB39","SB20","SB20_SB39",0,0,0,0,"f","f",0,0
"SB7","SB20","SB20_SB7",2,0,0,0,"f","f",0,0.03125
"SB58","SB20","SB20_SB58",0,0,0,0,"f","f",0,0
"SB37","SB20","SB20_SB37",0,0,0,0,"f","f",0,0.03125
"SB53","SB20","SB20_SB53",0,0,0,0,"f","f",0,0
"SB11","SB20","SB11_SB20",2,0,0,0,"f","f",0,0.015625
"SB57","SB20","SB20_SB57",0,0,0,0,"m","f",0,0.03125
"SB146","SB20","SB146_SB20",0,0,0,0,"m","f",0,0.015625
"SB66","SB20","SB20_SB66",0,0,0,0,"m","f",0,0.5
"SB133","SB20","SB133_SB20",0,0,0,0,"m","f",0,0
"SB52","SB20","SB20_SB52",0,0,0,0,"m","f",0,0.015625
"SB17","SB20","SB17_SB20",3,0,0,0,"f","f",0,0.5
"SB118","SB20","SB118_SB20",0,0,0,0,"f","f",0,0
"SB114","SB20","SB114_SB20",0,0,0,0,"f","f",0,0
"SB176","SB20","SB176_SB20",0,0,0,0,"m","f",0,0
"SB179","SB20","SB179_SB20",0,0,0,0,"f","f",0,0
"SB178","SB20","SB178_SB20",0,0,0,0,"m","f",0,0
"SB67","SB20","SB20_SB67",0,0,0,0,"f","f",0,0
"SB154","SB20","SB154_SB20",0,0,0,0,"m","f",0,0
"SB68","SB20","SB20_SB68",0,0,0,0,"m","f",0,0.25
"SB75","SB20","SB20_SB75",0,0,0,0,"f","f",0,0.03125
"SB65","SB20","SB20_SB65",0,0,0,0,"f","f",0,0.25
"SB74","SB20","SB20_SB74",0,0,0,0,"m","f",0,0
"SB82","SB20","SB20_SB82",0,0,0,0,"m","f",0,0.25
"SB18","SB20","SB18_SB20",1,0,0,0,"m","f",0,0.25
"SB124","SB20","SB124_SB20",0,0,0,0,"m","f",0,0.015625
"SB26","SB20","SB20_SB26",0,0,0,0,"m","f",0,0.25
"SB33","SB20","SB20_SB33",0,0,0,0,"m","f",0,0.015625
"SB1","SB20","SB1_SB20",0,0,0,0,"m","f",0,0.015625
"SB38","SB20","SB20_SB38",0,0,0,0,"m","f",0,0
"SB10","SB20","SB10_SB20",1,0,0,0,"m","f",0,0
"SB102","SB20","SB102_SB20",0,0,0,0,"m","f",0,0
"SB106","SB20","SB106_SB20",0,0,0,0,"m","f",0,0
"SB116","SB20","SB116_SB20",0,0,0,0,"m","f",0,0
"SB88","SB20","SB20_SB88",0,0,0,0,"m","f",0,0
"SB80","SB20","SB20_SB80",0,0,0,0,"f","f",0,0
"SB79","SB20","SB20_SB79",0,0,0,0,"m","f",0,0
"SB47","SB6","SB47_SB6",0,0,0,0,"f","m",0,0
"SB19","SB6","SB19_SB6",0,0,0,4,"m","m",0,0
"SB46","SB6","SB46_SB6",0,2,2,2,"m","m",0,0
"SB61","SB6","SB6_SB61",0,0,0,0,"m","m",0,0
"SB34","SB6","SB34_SB6",2,0,0,0,"f","m",0,0.5
"SB39","SB6","SB39_SB6",0,0,0,0,"f","m",0,0
"SB7","SB6","SB6_SB7",1,1,0,0,"f","m",1,0
"SB58","SB6","SB58_SB6",0,0,0,0,"f","m",0,0
"SB37","SB6","SB37_SB6",0,0,0,0,"f","m",0,0
"SB53","SB6","SB53_SB6",0,0,0,0,"f","m",0,0
"SB11","SB6","SB11_SB6",1,0,0,0,"f","m",0,0.5
"SB57","SB6","SB57_SB6",0,0,0,2,"m","m",0,0
"SB146","SB6","SB146_SB6",0,0,0,2,"m","m",0,0
"SB66","SB6","SB6_SB66",0,2,0,0,"m","m",0,0
"SB133","SB6","SB133_SB6",0,2,0,0,"m","m",0,0
"SB52","SB6","SB52_SB6",0,2,0,0,"m","m",0,0
"SB17","SB6","SB17_SB6",0,0,0,1,"f","m",0,0
"SB118","SB6","SB118_SB6",0,0,0,0,"f","m",0,0
"SB114","SB6","SB114_SB6",0,0,0,0,"f","m",0,0
"SB176","SB6","SB176_SB6",0,0,0,0,"m","m",0,0
"SB179","SB6","SB179_SB6",0,0,0,0,"f","m",0,0
"SB178","SB6","SB178_SB6",0,0,0,0,"m","m",0,0
"SB67","SB6","SB6_SB67",0,0,0,0,"f","m",0,0
"SB154","SB6","SB154_SB6",0,0,0,0,"m","m",0,0
"SB68","SB6","SB6_SB68",0,0,0,0,"m","m",0,0
"SB75","SB6","SB6_SB75",0,0,0,0,"f","m",0,0
"SB65","SB6","SB6_SB65",0,0,0,0,"f","m",0,0
"SB74","SB6","SB6_SB74",0,0,0,0,"m","m",0,0
"SB82","SB6","SB6_SB82",0,0,0,0,"m","m",0,0
"SB18","SB6","SB18_SB6",0,0,0,0,"m","m",0,0
"SB124","SB6","SB124_SB6",0,0,0,0,"m","m",0,0
"SB26","SB6","SB26_SB6",0,0,0,0,"m","m",0,0
"SB33","SB6","SB33_SB6",0,0,0,0,"m","m",0,0
"SB1","SB6","SB1_SB6",0,0,0,0,"m","m",0,0.5
"SB38","SB6","SB38_SB6",0,2,0,2,"m","m",0,0
"SB10","SB6","SB10_SB6",0,1,0,0,"m","m",0,0
"SB102","SB6","SB102_SB6",0,0,0,0,"m","m",0,0
"SB106","SB6","SB106_SB6",0,0,0,0,"m","m",0,0
"SB116","SB6","SB116_SB6",0,0,0,0,"m","m",0,0
"SB88","SB6","SB6_SB88",0,0,0,0,"m","m",0,0
"SB80","SB6","SB6_SB80",0,0,0,0,"f","m",0,0
"SB79","SB6","SB6_SB79",0,0,0,0,"m","m",0,0
"SB19","SB47","SB19_SB47",1,0,0,0,"m","f",0,0
"SB46","SB47","SB46_SB47",1,3,0,0,"m","f",1,0
"SB61","SB47","SB47_SB61",0,1,0,0,"m","f",0,0.5
"SB34","SB47","SB34_SB47",3,4,1,4,"f","f",0,0
"SB39","SB47","SB39_SB47",3,2,0,2,"f","f",0,0
"SB7","SB47","SB47_SB7",2,0,0,0,"f","f",0,0
"SB58","SB47","SB47_SB58",3,1,0,2,"f","f",0,0.5
"SB37","SB47","SB37_SB47",2,0,0,1,"f","f",0,0.125
"SB53","SB47","SB47_SB53",2,2,1,0,"f","f",0,0
"SB11","SB47","SB11_SB47",1,2,1,1,"f","f",0,0
"SB57","SB47","SB47_SB57",1,0,0,0,"m","f",0,0.5
"SB146","SB47","SB146_SB47",0,0,0,0,"m","f",0,0.5
"SB66","SB47","SB47_SB66",0,0,0,0,"m","f",0,0.03125
"SB133","SB47","SB133_SB47",0,0,0,0,"m","f",0,0
"SB52","SB47","SB47_SB52",0,0,0,0,"m","f",0,0.0625
"SB17","SB47","SB17_SB47",0,0,0,0,"f","f",0,0
"SB118","SB47","SB118_SB47",0,0,0,0,"f","f",0,0
"SB114","SB47","SB114_SB47",0,0,0,0,"f","f",0,0
"SB176","SB47","SB176_SB47",0,0,0,0,"m","f",0,0
"SB179","SB47","SB179_SB47",0,0,0,0,"f","f",0,0
"SB178","SB47","SB178_SB47",0,0,0,0,"m","f",0,0
"SB67","SB47","SB47_SB67",0,0,0,0,"f","f",0,0
"SB154","SB47","SB154_SB47",0,0,0,0,"m","f",0,0
"SB68","SB47","SB47_SB68",0,0,0,0,"m","f",0,0.015625
"SB75","SB47","SB47_SB75",0,0,0,0,"f","f",0,0
"SB65","SB47","SB47_SB65",0,0,0,0,"f","f",0,0
"SB74","SB47","SB47_SB74",0,0,0,0,"m","f",0,0
"SB82","SB47","SB47_SB82",0,0,0,0,"m","f",0,0.03125
"SB18","SB47","SB18_SB47",0,0,0,0,"m","f",0,0
"SB124","SB47","SB124_SB47",0,0,0,0,"m","f",0,0.03125
"SB26","SB47","SB26_SB47",0,0,0,0,"m","f",0,0
"SB33","SB47","SB33_SB47",0,0,0,0,"m","f",0,0.0625
"SB1","SB47","SB1_SB47",0,0,0,0,"m","f",0,0
"SB38","SB47","SB38_SB47",1,0,0,0,"m","f",0,0
"SB10","SB47","SB10_SB47",1,0,0,0,"m","f",0,0
"SB102","SB47","SB102_SB47",0,0,0,0,"m","f",0,0
"SB106","SB47","SB106_SB47",0,0,0,0,"m","f",0,0
"SB116","SB47","SB116_SB47",0,0,0,0,"m","f",0,0
"SB88","SB47","SB47_SB88",0,0,0,0,"m","f",0,0
"SB80","SB47","SB47_SB80",0,0,0,0,"f","f",0,0
"SB79","SB47","SB47_SB79",0,0,0,0,"m","f",0,0
"SB46","SB19","SB19_SB46",1,1,0,4,"m","m",0,0.5
"SB61","SB19","SB19_SB61",0,0,0,0,"m","m",0,0.25
"SB34","SB19","SB19_SB34",0,0,0,0,"f","m",0,0.25
"SB39","SB19","SB19_SB39",0,0,0,0,"f","m",0,0
"SB7","SB19","SB19_SB7",0,0,0,0,"f","m",0,0.5
"SB58","SB19","SB19_SB58",0,0,0,0,"f","m",0,0
"SB37","SB19","SB19_SB37",0,0,0,0,"f","m",0,0
"SB53","SB19","SB19_SB53",0,0,0,0,"f","m",0,0
"SB11","SB19","SB11_SB19",0,0,0,0,"f","m",0,0.25
"SB57","SB19","SB19_SB57",0,0,0,0,"m","m",0,0
"SB146","SB19","SB146_SB19",0,0,0,0,"m","m",0,0
"SB66","SB19","SB19_SB66",0,0,0,0,"m","m",0,0.0625
"SB133","SB19","SB133_SB19",0,0,0,0,"m","m",0,0
"SB52","SB19","SB19_SB52",0,0,0,0,"m","m",0,0
"SB17","SB19","SB17_SB19",0,0,0,0,"f","m",0,0
"SB118","SB19","SB118_SB19",0,0,0,0,"f","m",0,0
"SB114","SB19","SB114_SB19",0,0,0,0,"f","m",0,0
"SB176","SB19","SB176_SB19",0,0,0,0,"m","m",0,0
"SB179","SB19","SB179_SB19",0,0,0,0,"f","m",0,0
"SB178","SB19","SB178_SB19",0,0,0,0,"m","m",0,0
"SB67","SB19","SB19_SB67",0,0,0,0,"f","m",0,0
"SB154","SB19","SB154_SB19",0,0,0,0,"m","m",0,0
"SB68","SB19","SB19_SB68",0,0,0,0,"m","m",0,0.03125
"SB75","SB19","SB19_SB75",0,0,0,0,"f","m",0,0.0625
"SB65","SB19","SB19_SB65",0,0,0,0,"f","m",0,0.125
"SB74","SB19","SB19_SB74",0,0,0,0,"m","m",0,0
"SB82","SB19","SB19_SB82",0,0,0,0,"m","m",0,0.0625
"SB18","SB19","SB18_SB19",0,0,0,2,"m","m",0,0
"SB124","SB19","SB124_SB19",0,0,0,0,"m","m",0,0
"SB26","SB19","SB19_SB26",0,0,0,2,"m","m",0,0
"SB33","SB19","SB19_SB33",0,0,0,0,"m","m",0,0
"SB1","SB19","SB1_SB19",0,0,0,0,"m","m",0,0.25
"SB38","SB19","SB19_SB38",0,2,0,0,"m","m",0,0
"SB10","SB19","SB10_SB19",0,0,0,0,"m","m",0,0
"SB102","SB19","SB102_SB19",0,0,0,0,"m","m",0,0
"SB106","SB19","SB106_SB19",0,0,0,0,"m","m",0,0
"SB116","SB19","SB116_SB19",0,0,0,0,"m","m",0,0
"SB88","SB19","SB19_SB88",0,0,0,0,"m","m",0,0
"SB80","SB19","SB19_SB80",0,0,0,0,"f","m",0,0
"SB79","SB19","SB19_SB79",0,0,0,0,"m","m",0,0
"SB61","SB46","SB46_SB61",0,1,2,0,"m","m",0,0.5
"SB34","SB46","SB34_SB46",0,0,0,0,"f","m",0,0.25
"SB39","SB46","SB39_SB46",0,0,0,0,"f","m",0,0
"SB7","SB46","SB46_SB7",0,0,0,0,"f","m",0,0.5
"SB58","SB46","SB46_SB58",0,1,1,0,"f","m",0,0
"SB37","SB46","SB37_SB46",0,0,0,0,"f","m",0,0
"SB53","SB46","SB46_SB53",0,0,0,0,"f","m",0,0
"SB11","SB46","SB11_SB46",0,0,0,0,"f","m",0,0.25
"SB57","SB46","SB46_SB57",0,0,0,0,"m","m",0,0
"SB146","SB46","SB146_SB46",0,0,0,0,"m","m",0,0
"SB66","SB46","SB46_SB66",0,0,0,0,"m","m",0,0.0625
"SB133","SB46","SB133_SB46",0,0,0,0,"m","m",0,0
"SB52","SB46","SB46_SB52",0,0,0,0,"m","m",0,0
"SB17","SB46","SB17_SB46",0,0,0,0,"f","m",0,0
"SB118","SB46","SB118_SB46",0,0,0,0,"f","m",0,0
"SB114","SB46","SB114_SB46",0,0,0,0,"f","m",0,0
"SB176","SB46","SB176_SB46",0,0,0,0,"m","m",0,0
"SB179","SB46","SB179_SB46",0,0,0,0,"f","m",0,0
"SB178","SB46","SB178_SB46",0,0,0,0,"m","m",0,0
"SB67","SB46","SB46_SB67",0,0,0,0,"f","m",0,0
"SB154","SB46","SB154_SB46",0,0,0,0,"m","m",0,0
"SB68","SB46","SB46_SB68",0,0,0,0,"m","m",0,0.03125
"SB75","SB46","SB46_SB75",0,0,0,0,"f","m",0,0.0625
"SB65","SB46","SB46_SB65",0,0,0,0,"f","m",0,0.125
"SB74","SB46","SB46_SB74",0,0,0,0,"m","m",0,0
"SB82","SB46","SB46_SB82",0,0,0,0,"m","m",0,0.0625
"SB18","SB46","SB18_SB46",0,0,0,0,"m","m",0,0
"SB124","SB46","SB124_SB46",0,0,0,0,"m","m",0,0
"SB26","SB46","SB26_SB46",0,0,0,0,"m","m",0,0
"SB33","SB46","SB33_SB46",0,0,0,0,"m","m",0,0
"SB1","SB46","SB1_SB46",0,0,0,0,"m","m",0,0.25
"SB38","SB46","SB38_SB46",0,2,0,2,"m","m",0,0
"SB10","SB46","SB10_SB46",0,0,0,0,"m","m",0,0
"SB102","SB46","SB102_SB46",0,0,0,0,"m","m",0,0
"SB106","SB46","SB106_SB46",0,0,0,0,"m","m",0,0
"SB116","SB46","SB116_SB46",0,0,0,0,"m","m",0,0
"SB88","SB46","SB46_SB88",0,0,0,0,"m","m",0,0
"SB80","SB46","SB46_SB80",0,0,0,0,"f","m",0,0
"SB79","SB46","SB46_SB79",0,0,0,0,"m","m",0,0
"SB34","SB61","SB34_SB61",0,0,0,0,"f","m",0,0.125
"SB39","SB61","SB39_SB61",0,0,0,0,"f","m",0,0
"SB7","SB61","SB61_SB7",0,0,0,0,"f","m",0,0.25
"SB58","SB61","SB58_SB61",2,1,0,0,"f","m",0,0.25
"SB37","SB61","SB37_SB61",0,0,0,0,"f","m",0,0.0625
"SB53","SB61","SB53_SB61",0,0,0,0,"f","m",0,0
"SB11","SB61","SB11_SB61",0,0,0,0,"f","m",0,0.125
"SB57","SB61","SB57_SB61",0,0,0,0,"m","m",0,0.25
"SB146","SB61","SB146_SB61",0,0,0,0,"m","m",0,0.25
"SB66","SB61","SB61_SB66",0,0,0,0,"m","m",0,0.046875
"SB133","SB61","SB133_SB61",0,0,0,0,"m","m",0,0
"SB52","SB61","SB52_SB61",0,0,0,0,"m","m",0,0.03125
"SB17","SB61","SB17_SB61",0,0,0,0,"f","m",0,0
"SB118","SB61","SB118_SB61",0,0,0,0,"f","m",0,0
"SB114","SB61","SB114_SB61",0,0,0,0,"f","m",0,0
"SB176","SB61","SB176_SB61",0,0,0,0,"m","m",0,0
"SB179","SB61","SB179_SB61",0,0,0,0,"f","m",0,0
"SB178","SB61","SB178_SB61",0,0,0,0,"m","m",0,0
"SB67","SB61","SB61_SB67",0,0,0,0,"f","m",0,0
"SB154","SB61","SB154_SB61",0,0,0,0,"m","m",0,0
"SB68","SB61","SB61_SB68",0,0,0,0,"m","m",0,0.0234375
"SB75","SB61","SB61_SB75",0,0,0,0,"f","m",0,0.03125
"SB65","SB61","SB61_SB65",0,0,0,0,"f","m",0,0.0625
"SB74","SB61","SB61_SB74",0,0,0,0,"m","m",0,0
"SB82","SB61","SB61_SB82",0,0,0,0,"m","m",0,0.046875
"SB18","SB61","SB18_SB61",0,0,0,0,"m","m",0,0
"SB124","SB61","SB124_SB61",0,0,0,0,"m","m",0,0.015625
"SB26","SB61","SB26_SB61",0,0,0,3,"m","m",0,0
"SB33","SB61","SB33_SB61",0,0,0,2,"m","m",0,0.03125
"SB1","SB61","SB1_SB61",0,0,0,1,"m","m",0,0.125
"SB38","SB61","SB38_SB61",0,0,0,0,"m","m",0,0
"SB10","SB61","SB10_SB61",0,0,0,1,"m","m",0,0
"SB102","SB61","SB102_SB61",0,0,0,0,"m","m",0,0
"SB106","SB61","SB106_SB61",0,0,0,0,"m","m",0,0
"SB116","SB61","SB116_SB61",0,0,0,0,"m","m",0,0
"SB88","SB61","SB61_SB88",0,0,0,0,"m","m",0,0
"SB80","SB61","SB61_SB80",0,0,0,0,"f","m",0,0
"SB79","SB61","SB61_SB79",0,0,0,0,"m","m",0,0
"SB39","SB34","SB34_SB39",1,0,0,1,"f","f",0,0
"SB7","SB34","SB34_SB7",3,0,0,0,"f","f",0,0.5
"SB58","SB34","SB34_SB58",0,0,0,0,"f","f",0,0
"SB37","SB34","SB34_SB37",0,0,0,0,"f","f",0,0
"SB53","SB34","SB34_SB53",1,0,0,0,"f","f",0,0
"SB11","SB34","SB11_SB34",2,1,3,3,"f","f",0,0.5
"SB57","SB34","SB34_SB57",0,0,0,0,"m","f",0,0
"SB146","SB34","SB146_SB34",0,0,0,0,"m","f",0,0
"SB66","SB34","SB34_SB66",0,0,0,0,"m","f",0,0.03125
"SB133","SB34","SB133_SB34",0,0,0,0,"m","f",0,0
"SB52","SB34","SB34_SB52",0,0,0,0,"m","f",0,0
"SB17","SB34","SB17_SB34",0,0,0,0,"f","f",0,0
"SB118","SB34","SB118_SB34",0,0,0,0,"f","f",0,0
"SB114","SB34","SB114_SB34",0,0,0,0,"f","f",0,0
"SB176","SB34","SB176_SB34",0,0,0,0,"m","f",0,0
"SB179","SB34","SB179_SB34",0,0,0,0,"f","f",0,0
"SB178","SB34","SB178_SB34",0,0,0,0,"m","f",0,0
"SB67","SB34","SB34_SB67",0,0,0,0,"f","f",0,0
"SB154","SB34","SB154_SB34",0,0,0,0,"m","f",0,0
"SB68","SB34","SB34_SB68",0,0,0,0,"m","f",0,0.015625
"SB75","SB34","SB34_SB75",0,0,0,0,"f","f",0,0.03125
"SB65","SB34","SB34_SB65",0,0,0,0,"f","f",0,0.0625
"SB74","SB34","SB34_SB74",0,0,0,0,"m","f",0,0
"SB82","SB34","SB34_SB82",0,0,0,0,"m","f",0,0.03125
"SB18","SB34","SB18_SB34",0,0,0,0,"m","f",0,0
"SB124","SB34","SB124_SB34",0,0,0,0,"m","f",0,0
"SB26","SB34","SB26_SB34",0,0,0,0,"m","f",0,0
"SB33","SB34","SB33_SB34",2,4,4,0,"m","f",1,0
"SB1","SB34","SB1_SB34",1,0,0,0,"m","f",0,0.5
"SB38","SB34","SB34_SB38",1,0,0,0,"m","f",0,0
"SB10","SB34","SB10_SB34",1,0,0,0,"m","f",0,0
"SB102","SB34","SB102_SB34",0,0,0,0,"m","f",0,0
"SB106","SB34","SB106_SB34",0,0,0,0,"m","f",0,0
"SB116","SB34","SB116_SB34",0,0,0,0,"m","f",0,0
"SB88","SB34","SB34_SB88",0,0,0,0,"m","f",0,0
"SB80","SB34","SB34_SB80",0,0,0,0,"f","f",0,0
"SB79","SB34","SB34_SB79",0,0,0,0,"m","f",0,0
"SB7","SB39","SB39_SB7",0,0,0,0,"f","f",0,0
"SB58","SB39","SB39_SB58",0,0,0,0,"f","f",0,0
"SB37","SB39","SB37_SB39",2,0,0,1,"f","f",0,0.125
"SB53","SB39","SB39_SB53",0,0,0,0,"f","f",0,0
"SB11","SB39","SB11_SB39",0,0,0,0,"f","f",0,0
"SB57","SB39","SB39_SB57",0,0,0,0,"m","f",0,0
"SB146","SB39","SB146_SB39",0,0,0,0,"m","f",0,0
"SB66","SB39","SB39_SB66",0,0,0,0,"m","f",0,0
"SB133","SB39","SB133_SB39",0,0,0,0,"m","f",0,0
"SB52","SB39","SB39_SB52",0,0,0,0,"m","f",0,0.0625
"SB17","SB39","SB17_SB39",0,0,0,0,"f","f",0,0
"SB118","SB39","SB118_SB39",0,0,0,0,"f","f",0,0
"SB114","SB39","SB114_SB39",0,0,0,0,"f","f",0,0
"SB176","SB39","SB176_SB39",0,0,0,0,"m","f",0,0
"SB179","SB39","SB179_SB39",0,0,0,0,"f","f",0,0
"SB178","SB39","SB178_SB39",0,0,0,0,"m","f",0,0
"SB67","SB39","SB39_SB67",0,0,0,0,"f","f",0,0
"SB154","SB39","SB154_SB39",0,0,0,0,"m","f",0,0
"SB68","SB39","SB39_SB68",0,0,0,0,"m","f",0,0
"SB75","SB39","SB39_SB75",0,0,0,0,"f","f",0,0
"SB65","SB39","SB39_SB65",0,0,0,0,"f","f",0,0
"SB74","SB39","SB39_SB74",0,0,0,0,"m","f",0,0
"SB82","SB39","SB39_SB82",0,0,0,0,"m","f",0,0
"SB18","SB39","SB18_SB39",0,0,0,0,"m","f",0,0
"SB124","SB39","SB124_SB39",0,0,0,0,"m","f",0,0
"SB26","SB39","SB26_SB39",0,0,0,0,"m","f",0,0
"SB33","SB39","SB33_SB39",2,2,1,0,"m","f",0,0.0625
"SB1","SB39","SB1_SB39",0,0,0,0,"m","f",0,0
"SB38","SB39","SB38_SB39",2,2,1,0,"m","f",1,0
"SB10","SB39","SB10_SB39",1,0,0,0,"m","f",0,0
"SB102","SB39","SB102_SB39",0,0,0,0,"m","f",0,0
"SB106","SB39","SB106_SB39",0,0,0,0,"m","f",0,0
"SB116","SB39","SB116_SB39",0,0,0,0,"m","f",0,0
"SB88","SB39","SB39_SB88",0,0,0,0,"m","f",0,0
"SB80","SB39","SB39_SB80",0,0,0,0,"f","f",0,0
"SB79","SB39","SB39_SB79",0,0,0,0,"m","f",0,0
"SB58","SB7","SB58_SB7",0,0,0,0,"f","f",0,0
"SB37","SB7","SB37_SB7",0,0,0,0,"f","f",0,0
"SB53","SB7","SB53_SB7",0,0,0,0,"f","f",0,0
"SB11","SB7","SB11_SB7",0,0,0,0,"f","f",0,0.5
"SB57","SB7","SB57_SB7",0,0,0,0,"m","f",0,0
"SB146","SB7","SB146_SB7",0,0,0,0,"m","f",0,0
"SB66","SB7","SB66_SB7",0,0,0,0,"m","f",0,0.0625
"SB133","SB7","SB133_SB7",0,0,0,0,"m","f",0,0
"SB52","SB7","SB52_SB7",0,0,0,0,"m","f",0,0
"SB17","SB7","SB17_SB7",0,0,0,0,"f","f",0,0
"SB118","SB7","SB118_SB7",0,0,0,0,"f","f",0,0
"SB114","SB7","SB114_SB7",0,0,0,0,"f","f",0,0
"SB176","SB7","SB176_SB7",0,0,0,0,"m","f",0,0
"SB179","SB7","SB179_SB7",0,0,0,0,"f","f",0,0
"SB178","SB7","SB178_SB7",0,0,0,0,"m","f",0,0
"SB67","SB7","SB67_SB7",0,0,0,0,"f","f",0,0
"SB154","SB7","SB154_SB7",0,0,0,0,"m","f",0,0
"SB68","SB7","SB68_SB7",0,0,0,0,"m","f",0,0.03125
"SB75","SB7","SB7_SB75",0,0,0,0,"f","f",0,0.0625
"SB65","SB7","SB65_SB7",0,0,0,0,"f","f",0,0.125
"SB74","SB7","SB7_SB74",0,0,0,0,"m","f",0,0
"SB82","SB7","SB7_SB82",0,0,0,0,"m","f",0,0.0625
"SB18","SB7","SB18_SB7",0,0,0,0,"m","f",0,0
"SB124","SB7","SB124_SB7",0,0,0,0,"m","f",0,0
"SB26","SB7","SB26_SB7",0,0,0,0,"m","f",0,0
"SB33","SB7","SB33_SB7",0,0,0,0,"m","f",0,0
"SB1","SB7","SB1_SB7",0,0,0,0,"m","f",0,0.5
"SB38","SB7","SB38_SB7",0,0,0,0,"m","f",0,0
"SB10","SB7","SB10_SB7",1,1,0,0,"m","f",0,0
"SB102","SB7","SB102_SB7",0,0,0,0,"m","f",0,0
"SB106","SB7","SB106_SB7",0,0,0,0,"m","f",0,0
"SB116","SB7","SB116_SB7",0,0,0,0,"m","f",0,0
"SB88","SB7","SB7_SB88",0,0,0,0,"m","f",0,0
"SB80","SB7","SB7_SB80",0,0,0,0,"f","f",0,0
"SB79","SB7","SB7_SB79",0,0,0,0,"m","f",0,0
"SB37","SB58","SB37_SB58",1,0,0,1,"f","f",0,0
"SB53","SB58","SB53_SB58",2,0,0,0,"f","f",0,0
"SB11","SB58","SB11_SB58",0,0,0,0,"f","f",0,0
"SB57","SB58","SB57_SB58",2,3,0,0,"m","f",1,0
"SB146","SB58","SB146_SB58",0,1,1,0,"m","f",0,0.5
"SB66","SB58","SB58_SB66",0,0,0,0,"m","f",0,0
"SB133","SB58","SB133_SB58",0,0,0,0,"m","f",0,0
"SB52","SB58","SB52_SB58",0,0,0,0,"m","f",0,0
"SB17","SB58","SB17_SB58",0,0,0,0,"f","f",0,0
"SB118","SB58","SB118_SB58",0,0,0,0,"f","f",0,0
"SB114","SB58","SB114_SB58",0,0,0,0,"f","f",0,0
"SB176","SB58","SB176_SB58",0,0,0,0,"m","f",0,0
"SB179","SB58","SB179_SB58",0,0,0,0,"f","f",0,0
"SB178","SB58","SB178_SB58",0,0,0,0,"m","f",0,0
"SB67","SB58","SB58_SB67",0,0,0,0,"f","f",0,0
"SB154","SB58","SB154_SB58",0,0,0,0,"m","f",0,0
"SB68","SB58","SB58_SB68",0,0,0,0,"m","f",0,0
"SB75","SB58","SB58_SB75",0,0,0,0,"f","f",0,0
"SB65","SB58","SB58_SB65",0,0,0,0,"f","f",0,0
"SB74","SB58","SB58_SB74",0,0,0,0,"m","f",0,0
"SB82","SB58","SB58_SB82",0,0,0,0,"m","f",0,0
"SB18","SB58","SB18_SB58",0,0,0,0,"m","f",0,0
"SB124","SB58","SB124_SB58",0,0,0,0,"m","f",0,0
"SB26","SB58","SB26_SB58",0,0,0,0,"m","f",0,0
"SB33","SB58","SB33_SB58",0,0,0,0,"m","f",0,0
"SB1","SB58","SB1_SB58",0,0,0,0,"m","f",0,0
"SB38","SB58","SB38_SB58",0,0,0,0,"m","f",0,0
"SB10","SB58","SB10_SB58",1,0,0,0,"m","f",0,0
"SB102","SB58","SB102_SB58",0,0,0,0,"m","f",0,0
"SB106","SB58","SB106_SB58",0,0,0,0,"m","f",0,0
"SB116","SB58","SB116_SB58",0,0,0,0,"m","f",0,0
"SB88","SB58","SB58_SB88",0,0,0,0,"m","f",0,0
"SB80","SB58","SB58_SB80",0,0,0,0,"f","f",0,0
"SB79","SB58","SB58_SB79",0,0,0,0,"m","f",0,0
"SB53","SB37","SB37_SB53",0,0,0,0,"f","f",0,0
"SB11","SB37","SB11_SB37",0,0,0,0,"f","f",0,0
"SB57","SB37","SB37_SB57",0,0,0,0,"m","f",0,0.25
"SB146","SB37","SB146_SB37",0,0,0,0,"m","f",0,0.125
"SB66","SB37","SB37_SB66",0,0,0,0,"m","f",0,0.0625
"SB133","SB37","SB133_SB37",0,0,0,0,"m","f",0,0
"SB52","SB37","SB37_SB52",2,1,1,0,"m","f",0,0.5
"SB17","SB37","SB17_SB37",0,0,0,2,"f","f",0,0
"SB118","SB37","SB118_SB37",0,0,0,0,"f","f",0,0
"SB114","SB37","SB114_SB37",0,0,0,0,"f","f",0,0
"SB176","SB37","SB176_SB37",0,0,0,0,"m","f",0,0
"SB179","SB37","SB179_SB37",0,0,0,0,"f","f",0,0
"SB178","SB37","SB178_SB37",0,0,0,0,"m","f",0,0
"SB67","SB37","SB37_SB67",0,0,0,0,"f","f",0,0
"SB154","SB37","SB154_SB37",0,0,0,0,"m","f",0,0
"SB68","SB37","SB37_SB68",0,0,0,0,"m","f",0,0.03125
"SB75","SB37","SB37_SB75",0,0,0,0,"f","f",0,0
"SB65","SB37","SB37_SB65",0,0,0,0,"f","f",0,0
"SB74","SB37","SB37_SB74",0,0,0,0,"m","f",0,0
"SB82","SB37","SB37_SB82",0,0,0,0,"m","f",0,0.0625
"SB18","SB37","SB18_SB37",0,0,0,0,"m","f",0,0
"SB124","SB37","SB124_SB37",0,0,0,0,"m","f",0,0.0625
"SB26","SB37","SB26_SB37",0,0,0,0,"m","f",0,0
"SB33","SB37","SB33_SB37",1,2,2,0,"m","f",0,0.5
"SB1","SB37","SB1_SB37",0,0,0,0,"m","f",0,0
"SB38","SB37","SB37_SB38",0,0,0,0,"m","f",0,0
"SB10","SB37","SB10_SB37",1,0,0,0,"m","f",0,0
"SB102","SB37","SB102_SB37",0,0,0,0,"m","f",0,0
"SB106","SB37","SB106_SB37",0,0,0,0,"m","f",0,0
"SB116","SB37","SB116_SB37",0,0,0,0,"m","f",0,0
"SB88","SB37","SB37_SB88",0,0,0,0,"m","f",0,0
"SB80","SB37","SB37_SB80",0,0,0,0,"f","f",0,0
"SB79","SB37","SB37_SB79",0,0,0,0,"m","f",0,0
"SB11","SB53","SB11_SB53",0,0,0,0,"f","f",0,0
"SB57","SB53","SB53_SB57",0,0,0,0,"m","f",0,0
"SB146","SB53","SB146_SB53",0,0,0,0,"m","f",0,0
"SB66","SB53","SB53_SB66",0,0,0,0,"m","f",0,0
"SB133","SB53","SB133_SB53",0,0,0,0,"m","f",0,0
"SB52","SB53","SB52_SB53",2,2,2,0,"m","f",1,0
"SB17","SB53","SB17_SB53",0,0,0,0,"f","f",0,0
"SB118","SB53","SB118_SB53",0,0,0,0,"f","f",0,0
"SB114","SB53","SB114_SB53",0,0,0,0,"f","f",0,0
"SB176","SB53","SB176_SB53",0,0,0,0,"m","f",0,0
"SB179","SB53","SB179_SB53",0,0,0,0,"f","f",0,0
"SB178","SB53","SB178_SB53",0,0,0,0,"m","f",0,0
"SB67","SB53","SB53_SB67",0,0,0,0,"f","f",0,0
"SB154","SB53","SB154_SB53",0,0,0,0,"m","f",0,0
"SB68","SB53","SB53_SB68",0,0,0,0,"m","f",0,0
"SB75","SB53","SB53_SB75",0,0,0,0,"f","f",0,0
"SB65","SB53","SB53_SB65",0,0,0,0,"f","f",0,0
"SB74","SB53","SB53_SB74",0,0,0,0,"m","f",0,0
"SB82","SB53","SB53_SB82",0,0,0,0,"m","f",0,0
"SB18","SB53","SB18_SB53",0,0,0,0,"m","f",0,0
"SB124","SB53","SB124_SB53",0,0,0,0,"m","f",0,0
"SB26","SB53","SB26_SB53",0,0,0,0,"m","f",0,0
"SB33","SB53","SB33_SB53",2,2,2,0,"m","f",0,0
"SB1","SB53","SB1_SB53",0,0,0,0,"m","f",0,0
"SB38","SB53","SB38_SB53",0,0,0,0,"m","f",0,0
"SB10","SB53","SB10_SB53",1,0,0,0,"m","f",0,0
"SB102","SB53","SB102_SB53",0,0,0,0,"m","f",0,0
"SB106","SB53","SB106_SB53",0,0,0,0,"m","f",0,0
"SB116","SB53","SB116_SB53",0,0,0,0,"m","f",0,0
"SB88","SB53","SB53_SB88",0,0,0,0,"m","f",0,0
"SB80","SB53","SB53_SB80",0,0,0,0,"f","f",0,0
"SB79","SB53","SB53_SB79",0,0,0,0,"m","f",0,0
"SB57","SB11","SB11_SB57",0,0,0,0,"m","f",0,0
"SB146","SB11","SB11_SB146",0,0,0,0,"m","f",0,0
"SB66","SB11","SB11_SB66",0,0,0,0,"m","f",0,0.03125
"SB133","SB11","SB11_SB133",0,0,0,0,"m","f",0,0
"SB52","SB11","SB11_SB52",0,0,0,0,"m","f",0,0
"SB17","SB11","SB11_SB17",0,0,0,0,"f","f",0,0
"SB118","SB11","SB11_SB118",0,0,0,0,"f","f",0,0
"SB114","SB11","SB11_SB114",0,0,0,0,"f","f",0,0
"SB176","SB11","SB11_SB176",0,0,0,0,"m","f",0,0
"SB179","SB11","SB11_SB179",0,0,0,0,"f","f",0,0
"SB178","SB11","SB11_SB178",0,0,0,0,"m","f",0,0
"SB67","SB11","SB11_SB67",0,0,0,0,"f","f",0,0
"SB154","SB11","SB11_SB154",0,0,0,0,"m","f",0,0
"SB68","SB11","SB11_SB68",0,0,0,0,"m","f",0,0.015625
"SB75","SB11","SB11_SB75",0,0,0,0,"f","f",0,0.03125
"SB65","SB11","SB11_SB65",0,0,0,0,"f","f",0,0.0625
"SB74","SB11","SB11_SB74",0,0,0,0,"m","f",0,0
"SB82","SB11","SB11_SB82",0,0,0,0,"m","f",0,0.03125
"SB18","SB11","SB11_SB18",0,0,0,0,"m","f",0,0
"SB124","SB11","SB11_SB124",0,0,0,0,"m","f",0,0
"SB26","SB11","SB11_SB26",0,0,0,0,"m","f",0,0
"SB33","SB11","SB11_SB33",0,0,0,0,"m","f",0,0
"SB1","SB11","SB1_SB11",0,0,0,0,"m","f",0,0.5
"SB38","SB11","SB11_SB38",0,0,0,0,"m","f",0,0
"SB10","SB11","SB10_SB11",1,2,4,0,"m","f",1,0
"SB102","SB11","SB102_SB11",0,0,0,0,"m","f",0,0
"SB106","SB11","SB106_SB11",0,0,0,0,"m","f",0,0
"SB116","SB11","SB11_SB116",0,0,0,0,"m","f",0,0
"SB88","SB11","SB11_SB88",0,0,0,0,"m","f",0,0
"SB80","SB11","SB11_SB80",0,0,0,0,"f","f",0,0
"SB79","SB11","SB11_SB79",0,0,0,0,"m","f",0,0
"SB146","SB57","SB146_SB57",0,0,0,0,"m","m",0,0.5
"SB66","SB57","SB57_SB66",0,0,0,0,"m","m",0,0.0625
"SB133","SB57","SB133_SB57",0,0,0,0,"m","m",0,0
"SB52","SB57","SB52_SB57",0,0,0,0,"m","m",0,0.125
"SB17","SB57","SB17_SB57",0,0,0,0,"f","m",0,0
"SB118","SB57","SB118_SB57",0,0,0,0,"f","m",0,0
"SB114","SB57","SB114_SB57",0,0,0,0,"f","m",0,0
"SB176","SB57","SB176_SB57",0,0,0,0,"m","m",0,0
"SB179","SB57","SB179_SB57",0,0,0,0,"f","m",0,0
"SB178","SB57","SB178_SB57",0,0,0,0,"m","m",0,0
"SB67","SB57","SB57_SB67",0,0,0,0,"f","m",0,0
"SB154","SB57","SB154_SB57",0,0,0,0,"m","m",0,0
"SB68","SB57","SB57_SB68",0,0,0,0,"m","m",0,0.03125
"SB75","SB57","SB57_SB75",0,0,0,0,"f","m",0,0
"SB65","SB57","SB57_SB65",0,0,0,0,"f","m",0,0
"SB74","SB57","SB57_SB74",0,0,0,0,"m","m",0,0
"SB82","SB57","SB57_SB82",0,0,0,0,"m","m",0,0.0625
"SB18","SB57","SB18_SB57",0,0,0,0,"m","m",0,0
"SB124","SB57","SB124_SB57",0,0,0,0,"m","m",0,0.0625
"SB26","SB57","SB26_SB57",0,0,0,0,"m","m",0,0
"SB33","SB57","SB33_SB57",0,0,0,0,"m","m",0,0.125
"SB1","SB57","SB1_SB57",0,0,0,0,"m","m",0,0
"SB38","SB57","SB38_SB57",0,0,0,0,"m","m",0,0
"SB10","SB57","SB10_SB57",0,0,0,0,"m","m",0,0
"SB102","SB57","SB102_SB57",0,0,0,0,"m","m",0,0
"SB106","SB57","SB106_SB57",0,0,0,0,"m","m",0,0
"SB116","SB57","SB116_SB57",0,0,0,0,"m","m",0,0
"SB88","SB57","SB57_SB88",0,0,0,0,"m","m",0,0
"SB80","SB57","SB57_SB80",0,0,0,0,"f","m",0,0
"SB79","SB57","SB57_SB79",0,0,0,0,"m","m",0,0
"SB66","SB146","SB146_SB66",0,0,0,0,"m","m",0,0.03125
"SB133","SB146","SB133_SB146",0,0,0,0,"m","m",0,0
"SB52","SB146","SB146_SB52",0,0,0,0,"m","m",0,0.0625
"SB17","SB146","SB146_SB17",0,0,0,0,"f","m",0,0
"SB118","SB146","SB118_SB146",0,0,0,0,"f","m",0,0
"SB114","SB146","SB114_SB146",0,0,0,0,"f","m",0,0
"SB176","SB146","SB146_SB176",0,0,0,0,"m","m",0,0
"SB179","SB146","SB146_SB179",0,0,0,0,"f","m",0,0
"SB178","SB146","SB146_SB178",0,0,0,0,"m","m",0,0
"SB67","SB146","SB146_SB67",0,0,0,0,"f","m",0,0
"SB154","SB146","SB146_SB154",0,0,0,0,"m","m",0,0
"SB68","SB146","SB146_SB68",0,0,0,0,"m","m",0,0.015625
"SB75","SB146","SB146_SB75",0,0,0,0,"f","m",0,0
"SB65","SB146","SB146_SB65",0,0,0,0,"f","m",0,0
"SB74","SB146","SB146_SB74",0,0,0,0,"m","m",0,0
"SB82","SB146","SB146_SB82",0,0,0,0,"m","m",0,0.03125
"SB18","SB146","SB146_SB18",0,0,0,0,"m","m",0,0
"SB124","SB146","SB124_SB146",0,0,0,0,"m","m",0,0.03125
"SB26","SB146","SB146_SB26",0,0,0,1,"m","m",0,0
"SB33","SB146","SB146_SB33",0,0,0,2,"m","m",0,0.0625
"SB1","SB146","SB1_SB146",0,1,0,1,"m","m",0,0
"SB38","SB146","SB146_SB38",0,0,0,0,"m","m",0,0
"SB10","SB146","SB10_SB146",0,0,0,2,"m","m",0,0
"SB102","SB146","SB102_SB146",0,0,0,0,"m","m",0,0
"SB106","SB146","SB106_SB146",0,0,0,0,"m","m",0,0
"SB116","SB146","SB116_SB146",0,0,0,0,"m","m",0,0
"SB88","SB146","SB146_SB88",0,0,0,0,"m","m",0,0
"SB80","SB146","SB146_SB80",0,0,0,0,"f","m",0,0
"SB79","SB146","SB146_SB79",0,0,0,0,"m","m",0,0
"SB133","SB66","SB133_SB66",0,0,0,0,"m","m",0,0
"SB52","SB66","SB52_SB66",0,0,0,0,"m","m",0,0.03125
"SB17","SB66","SB17_SB66",0,0,0,0,"f","m",0,0
"SB118","SB66","SB118_SB66",0,0,0,0,"f","m",0,0
"SB114","SB66","SB114_SB66",0,0,0,0,"f","m",0,0
"SB176","SB66","SB176_SB66",0,0,0,0,"m","m",0,0
"SB179","SB66","SB179_SB66",0,0,0,0,"f","m",0,0
"SB178","SB66","SB178_SB66",0,0,0,0,"m","m",0,0
"SB67","SB66","SB66_SB67",0,1,0,0,"f","m",1,0
"SB154","SB66","SB154_SB66",0,0,0,0,"m","m",0,0
"SB68","SB66","SB66_SB68",0,1,0,0,"m","m",0,0.5
"SB75","SB66","SB66_SB75",0,0,0,0,"f","m",0,0.0625
"SB65","SB66","SB65_SB66",0,0,0,0,"f","m",0,0.5
"SB74","SB66","SB66_SB74",0,0,0,0,"m","m",0,0
"SB82","SB66","SB66_SB82",0,0,0,0,"m","m",0,0.5
"SB18","SB66","SB18_SB66",0,0,0,0,"m","m",0,0
"SB124","SB66","SB124_SB66",0,0,0,0,"m","m",0,0.03125
"SB26","SB66","SB26_SB66",0,0,0,0,"m","m",0,0
"SB33","SB66","SB33_SB66",0,0,0,0,"m","m",0,0.03125
"SB1","SB66","SB1_SB66",0,0,0,0,"m","m",0,0.03125
"SB38","SB66","SB38_SB66",0,0,0,0,"m","m",0,0
"SB10","SB66","SB10_SB66",0,0,0,0,"m","m",0,0
"SB102","SB66","SB102_SB66",0,0,0,0,"m","m",0,0
"SB106","SB66","SB106_SB66",0,0,0,0,"m","m",0,0
"SB116","SB66","SB116_SB66",0,0,0,0,"m","m",0,0
"SB88","SB66","SB66_SB88",0,0,0,0,"m","m",0,0
"SB80","SB66","SB66_SB80",1,0,0,0,"f","m",0,0
"SB79","SB66","SB66_SB79",0,0,0,0,"m","m",0,0
"SB52","SB133","SB133_SB52",0,0,0,0,"m","m",0,0
"SB17","SB133","SB133_SB17",0,0,0,0,"f","m",0,0
"SB118","SB133","SB118_SB133",0,0,0,0,"f","m",0,0
"SB114","SB133","SB114_SB133",0,0,0,0,"f","m",0,0
"SB176","SB133","SB133_SB176",0,0,0,0,"m","m",0,0
"SB179","SB133","SB133_SB179",0,0,0,0,"f","m",0,0
"SB178","SB133","SB133_SB178",0,0,0,0,"m","m",0,0.25
"SB67","SB133","SB133_SB67",0,0,0,0,"f","m",0,0
"SB154","SB133","SB133_SB154",0,3,2,1,"m","m",0,0.5
"SB68","SB133","SB133_SB68",0,0,0,0,"m","m",0,0
"SB75","SB133","SB133_SB75",0,0,0,0,"f","m",0,0
"SB65","SB133","SB133_SB65",0,0,0,0,"f","m",0,0
"SB74","SB133","SB133_SB74",0,0,0,0,"m","m",0,0
"SB82","SB133","SB133_SB82",0,0,0,0,"m","m",0,0
"SB18","SB133","SB133_SB18",0,0,0,0,"m","m",0,0
"SB124","SB133","SB124_SB133",0,0,0,0,"m","m",0,0
"SB26","SB133","SB133_SB26",0,0,0,0,"m","m",0,0
"SB33","SB133","SB133_SB33",0,0,0,0,"m","m",0,0
"SB1","SB133","SB1_SB133",0,0,0,0,"m","m",0,0
"SB38","SB133","SB133_SB38",0,0,0,0,"m","m",0,0
"SB10","SB133","SB10_SB133",0,0,0,0,"m","m",0,0
"SB102","SB133","SB102_SB133",0,0,0,0,"m","m",0,0.03125
"SB106","SB133","SB106_SB133",0,0,0,0,"m","m",0,0
"SB116","SB133","SB116_SB133",0,0,0,0,"m","m",0,0
"SB88","SB133","SB133_SB88",0,0,0,0,"m","m",0,0
"SB80","SB133","SB133_SB80",0,0,0,0,"f","m",0,0
"SB79","SB133","SB133_SB79",0,0,0,0,"m","m",0,0
"SB17","SB52","SB17_SB52",0,0,0,0,"f","m",0,0
"SB118","SB52","SB118_SB52",0,0,0,0,"f","m",0,0
"SB114","SB52","SB114_SB52",0,0,0,0,"f","m",0,0
"SB176","SB52","SB176_SB52",0,0,0,0,"m","m",0,0
"SB179","SB52","SB179_SB52",0,0,0,0,"f","m",0,0
"SB178","SB52","SB178_SB52",0,0,0,0,"m","m",0,0
"SB67","SB52","SB52_SB67",0,0,0,0,"f","m",0,0
"SB154","SB52","SB154_SB52",0,0,0,0,"m","m",0,0
"SB68","SB52","SB52_SB68",0,0,0,0,"m","m",0,0.015625
"SB75","SB52","SB52_SB75",0,0,0,0,"f","m",0,0
"SB65","SB52","SB52_SB65",0,0,0,0,"f","m",0,0
"SB74","SB52","SB52_SB74",0,0,0,0,"m","m",0,0
"SB82","SB52","SB52_SB82",0,0,0,0,"m","m",0,0.03125
"SB18","SB52","SB18_SB52",0,0,0,0,"m","m",0,0
"SB124","SB52","SB124_SB52",0,0,0,0,"m","m",0,0.03125
"SB26","SB52","SB26_SB52",0,0,0,0,"m","m",0,0
"SB33","SB52","SB33_SB52",1,4,4,2,"m","m",0,0.5
"SB1","SB52","SB1_SB52",0,0,0,0,"m","m",0,0
"SB38","SB52","SB38_SB52",0,2,0,2,"m","m",0,0
"SB10","SB52","SB10_SB52",0,0,0,1,"m","m",0,0
"SB102","SB52","SB102_SB52",0,0,0,0,"m","m",0,0
"SB106","SB52","SB106_SB52",0,0,0,0,"m","m",0,0
"SB116","SB52","SB116_SB52",0,0,0,0,"m","m",0,0
"SB88","SB52","SB52_SB88",0,0,0,0,"m","m",0,0
"SB80","SB52","SB52_SB80",0,0,0,0,"f","m",0,0
"SB79","SB52","SB52_SB79",0,0,0,0,"m","m",0,0
"SB118","SB17","SB118_SB17",0,0,0,0,"f","f",0,0
"SB114","SB17","SB114_SB17",0,0,0,0,"f","f",0,0
"SB176","SB17","SB17_SB176",0,0,0,0,"m","f",0,0
"SB179","SB17","SB17_SB179",0,0,0,0,"f","f",0,0
"SB178","SB17","SB17_SB178",0,0,0,0,"m","f",0,0
"SB67","SB17","SB17_SB67",0,0,0,0,"f","f",0,0
"SB154","SB17","SB154_SB17",0,0,0,0,"m","f",0,0
"SB68","SB17","SB17_SB68",0,0,0,0,"m","f",0,0
"SB75","SB17","SB17_SB75",0,0,0,0,"f","f",0,0
"SB65","SB17","SB17_SB65",0,0,0,0,"f","f",0,0
"SB74","SB17","SB17_SB74",0,0,0,0,"m","f",0,0
"SB82","SB17","SB17_SB82",0,0,0,0,"m","f",0,0
"SB18","SB17","SB17_SB18",0,0,0,0,"m","f",0,0.5
"SB124","SB17","SB124_SB17",0,0,0,0,"m","f",0,0
"SB26","SB17","SB17_SB26",1,0,0,0,"m","f",0,0.5
"SB33","SB17","SB17_SB33",0,0,0,0,"m","f",0,0
"SB1","SB17","SB1_SB17",0,0,0,0,"m","f",0,0
"SB38","SB17","SB17_SB38",0,0,0,0,"m","f",0,0
"SB10","SB17","SB10_SB17",0,0,0,0,"m","f",0,0
"SB102","SB17","SB102_SB17",0,0,0,0,"m","f",0,0
"SB106","SB17","SB106_SB17",0,0,0,0,"m","f",0,0
"SB116","SB17","SB116_SB17",0,0,0,0,"m","f",0,0
"SB88","SB17","SB17_SB88",0,0,0,0,"m","f",0,0
"SB80","SB17","SB17_SB80",0,0,0,0,"f","f",0,0
"SB79","SB17","SB17_SB79",0,0,0,0,"m","f",0,0
"SB114","SB118","SB114_SB118",1,1,2,1,"f","f",0,0
"SB176","SB118","SB118_SB176",0,0,0,0,"m","f",0,0
"SB179","SB118","SB118_SB179",0,0,0,0,"f","f",0,0
"SB178","SB118","SB118_SB178",0,0,0,0,"m","f",0,0
"SB67","SB118","SB118_SB67",0,0,0,0,"f","f",0,0
"SB154","SB118","SB118_SB154",0,0,0,0,"m","f",0,0
"SB68","SB118","SB118_SB68",0,0,0,0,"m","f",0,0
"SB75","SB118","SB118_SB75",0,0,0,0,"f","f",0,0
"SB65","SB118","SB118_SB65",0,0,0,0,"f","f",0,0
"SB74","SB118","SB118_SB74",0,0,0,0,"m","f",0,0
"SB82","SB118","SB118_SB82",0,0,0,0,"m","f",0,0
"SB18","SB118","SB118_SB18",0,0,0,0,"m","f",0,0
"SB124","SB118","SB118_SB124",0,0,0,0,"m","f",0,0
"SB26","SB118","SB118_SB26",0,0,0,0,"m","f",0,0
"SB33","SB118","SB118_SB33",0,0,0,0,"m","f",0,0
"SB1","SB118","SB1_SB118",0,0,0,0,"m","f",0,0
"SB38","SB118","SB118_SB38",0,0,0,0,"m","f",0,0
"SB10","SB118","SB10_SB118",0,0,0,0,"m","f",0,0
"SB102","SB118","SB102_SB118",0,0,0,0,"m","f",0,0
"SB106","SB118","SB106_SB118",0,0,0,0,"m","f",0,0
"SB116","SB118","SB116_SB118",0,0,0,0,"m","f",0,0
"SB88","SB118","SB118_SB88",1,1,0,0,"m","f",0,0
"SB80","SB118","SB118_SB80",0,0,0,0,"f","f",0,0
"SB79","SB118","SB118_SB79",0,0,0,0,"m","f",0,0
"SB176","SB114","SB114_SB176",0,0,0,0,"m","f",0,0
"SB179","SB114","SB114_SB179",0,0,0,0,"f","f",0,0
"SB178","SB114","SB114_SB178",0,0,0,0,"m","f",0,0
"SB67","SB114","SB114_SB67",0,0,0,0,"f","f",0,0
"SB154","SB114","SB114_SB154",0,0,0,0,"m","f",0,0
"SB68","SB114","SB114_SB68",0,0,0,0,"m","f",0,0
"SB75","SB114","SB114_SB75",0,0,0,0,"f","f",0,0
"SB65","SB114","SB114_SB65",0,0,0,0,"f","f",0,0
"SB74","SB114","SB114_SB74",0,0,0,0,"m","f",0,0
"SB82","SB114","SB114_SB82",0,0,0,0,"m","f",0,0
"SB18","SB114","SB114_SB18",0,0,0,0,"m","f",0,0
"SB124","SB114","SB114_SB124",0,0,0,0,"m","f",0,0
"SB26","SB114","SB114_SB26",0,0,0,0,"m","f",0,0
"SB33","SB114","SB114_SB33",0,0,0,0,"m","f",0,0
"SB1","SB114","SB1_SB114",0,0,0,0,"m","f",0,0
"SB38","SB114","SB114_SB38",0,0,0,0,"m","f",0,0
"SB10","SB114","SB10_SB114",0,0,0,0,"m","f",0,0
"SB102","SB114","SB102_SB114",0,0,0,0,"m","f",0,0
"SB106","SB114","SB106_SB114",1,0,0,0,"m","f",0,0.5
"SB116","SB114","SB114_SB116",0,0,1,1,"m","f",0,0.5
"SB88","SB114","SB114_SB88",0,0,0,1,"m","f",0,0.5
"SB80","SB114","SB114_SB80",0,0,0,0,"f","f",0,0
"SB79","SB114","SB114_SB79",0,0,0,0,"m","f",0,0
"SB179","SB176","SB176_SB179",1,0,0,0,"f","m",0,0
"SB178","SB176","SB176_SB178",0,0,0,0,"m","m",0,0.5
"SB67","SB176","SB176_SB67",0,0,0,0,"f","m",0,0
"SB154","SB176","SB154_SB176",0,0,0,0,"m","m",0,0
"SB68","SB176","SB176_SB68",0,0,0,0,"m","m",0,0
"SB75","SB176","SB176_SB75",0,0,0,0,"f","m",0,0
"SB65","SB176","SB176_SB65",0,0,0,0,"f","m",0,0
"SB74","SB176","SB176_SB74",0,0,0,0,"m","m",0,0
"SB82","SB176","SB176_SB82",0,0,0,0,"m","m",0,0
"SB18","SB176","SB176_SB18",0,0,0,0,"m","m",0,0
"SB124","SB176","SB124_SB176",0,0,0,0,"m","m",0,0
"SB26","SB176","SB176_SB26",0,0,0,0,"m","m",0,0
"SB33","SB176","SB176_SB33",0,0,0,0,"m","m",0,0
"SB1","SB176","SB1_SB176",0,0,0,0,"m","m",0,0
"SB38","SB176","SB176_SB38",0,0,0,0,"m","m",0,0
"SB10","SB176","SB10_SB176",0,0,0,0,"m","m",0,0
"SB102","SB176","SB102_SB176",0,0,0,0,"m","m",0,0
"SB106","SB176","SB106_SB176",0,0,0,0,"m","m",0,0
"SB116","SB176","SB116_SB176",0,0,0,0,"m","m",0,0
"SB88","SB176","SB176_SB88",0,0,0,0,"m","m",0,0
"SB80","SB176","SB176_SB80",0,0,0,0,"f","m",0,0
"SB79","SB176","SB176_SB79",0,0,0,0,"m","m",0,0
"SB178","SB179","SB178_SB179",1,1,0,0,"m","f",1,0
"SB67","SB179","SB179_SB67",0,0,0,0,"f","f",0,0
"SB154","SB179","SB154_SB179",0,0,0,0,"m","f",0,0
"SB68","SB179","SB179_SB68",0,0,0,0,"m","f",0,0
"SB75","SB179","SB179_SB75",0,0,0,0,"f","f",0,0
"SB65","SB179","SB179_SB65",0,0,0,0,"f","f",0,0
"SB74","SB179","SB179_SB74",0,0,0,0,"m","f",0,0
"SB82","SB179","SB179_SB82",0,0,0,0,"m","f",0,0
"SB18","SB179","SB179_SB18",0,0,0,0,"m","f",0,0
"SB124","SB179","SB124_SB179",0,0,0,0,"m","f",0,0
"SB26","SB179","SB179_SB26",0,0,0,0,"m","f",0,0
"SB33","SB179","SB179_SB33",0,0,0,0,"m","f",0,0
"SB1","SB179","SB1_SB179",0,0,0,0,"m","f",0,0
"SB38","SB179","SB179_SB38",0,0,0,0,"m","f",0,0
"SB10","SB179","SB10_SB179",0,0,0,0,"m","f",0,0
"SB102","SB179","SB102_SB179",0,0,0,0,"m","f",0,0
"SB106","SB179","SB106_SB179",0,0,0,0,"m","f",0,0
"SB116","SB179","SB116_SB179",0,0,0,0,"m","f",0,0
"SB88","SB179","SB179_SB88",0,0,0,0,"m","f",0,0
"SB80","SB179","SB179_SB80",0,0,0,0,"f","f",0,0
"SB79","SB179","SB179_SB79",0,0,0,0,"m","f",0,0
"SB67","SB178","SB178_SB67",0,0,0,0,"f","m",0,0
"SB154","SB178","SB154_SB178",0,0,0,1,"m","m",0,0.125
"SB68","SB178","SB178_SB68",0,0,0,0,"m","m",0,0
"SB75","SB178","SB178_SB75",0,0,0,0,"f","m",0,0
"SB65","SB178","SB178_SB65",0,0,0,0,"f","m",0,0
"SB74","SB178","SB178_SB74",0,0,0,0,"m","m",0,0
"SB82","SB178","SB178_SB82",0,0,0,0,"m","m",0,0
"SB18","SB178","SB178_SB18",0,0,0,0,"m","m",0,0
"SB124","SB178","SB124_SB178",0,0,0,0,"m","m",0,0
"SB26","SB178","SB178_SB26",0,0,0,0,"m","m",0,0
"SB33","SB178","SB178_SB33",0,0,0,0,"m","m",0,0
"SB1","SB178","SB1_SB178",0,0,0,0,"m","m",0,0
"SB38","SB178","SB178_SB38",0,0,0,0,"m","m",0,0
"SB10","SB178","SB10_SB178",0,0,0,0,"m","m",0,0
"SB102","SB178","SB102_SB178",0,0,0,0,"m","m",0,0.015625
"SB106","SB178","SB106_SB178",0,0,0,0,"m","m",0,0
"SB116","SB178","SB116_SB178",0,0,0,0,"m","m",0,0
"SB88","SB178","SB178_SB88",0,0,0,0,"m","m",0,0
"SB80","SB178","SB178_SB80",0,0,0,0,"f","m",0,0
"SB79","SB178","SB178_SB79",0,0,0,0,"m","m",0,0
"SB154","SB67","SB154_SB67",0,0,0,0,"m","f",0,0
"SB68","SB67","SB67_SB68",2,1,0,0,"m","f",0,0.5
"SB75","SB67","SB67_SB75",3,3,1,1,"f","f",0,0
"SB65","SB67","SB65_SB67",0,0,0,0,"f","f",0,0
"SB74","SB67","SB67_SB74",0,0,0,0,"m","f",0,0
"SB82","SB67","SB67_SB82",0,0,0,0,"m","f",0,0
"SB18","SB67","SB18_SB67",0,0,0,0,"m","f",0,0
"SB124","SB67","SB124_SB67",0,0,0,0,"m","f",0,0
"SB26","SB67","SB26_SB67",0,0,0,0,"m","f",0,0
"SB33","SB67","SB33_SB67",0,0,0,0,"m","f",0,0
"SB1","SB67","SB1_SB67",0,0,0,0,"m","f",0,0
"SB38","SB67","SB38_SB67",0,0,0,0,"m","f",0,0
"SB10","SB67","SB10_SB67",0,0,0,0,"m","f",0,0
"SB102","SB67","SB102_SB67",0,0,0,0,"m","f",0,0
"SB106","SB67","SB106_SB67",0,0,0,0,"m","f",0,0
"SB116","SB67","SB116_SB67",0,0,0,0,"m","f",0,0
"SB88","SB67","SB67_SB88",0,0,0,0,"m","f",0,0
"SB80","SB67","SB67_SB80",4,0,0,3,"f","f",0,0
"SB79","SB67","SB67_SB79",0,0,0,0,"m","f",0,0
"SB68","SB154","SB154_SB68",0,0,0,2,"m","m",0,0
"SB75","SB154","SB154_SB75",0,0,0,0,"f","m",0,0
"SB65","SB154","SB154_SB65",0,0,0,0,"f","m",0,0
"SB74","SB154","SB154_SB74",0,0,0,0,"m","m",0,0
"SB82","SB154","SB154_SB82",0,0,0,0,"m","m",0,0
"SB18","SB154","SB154_SB18",0,0,0,0,"m","m",0,0
"SB124","SB154","SB124_SB154",0,0,0,0,"m","m",0,0
"SB26","SB154","SB154_SB26",0,0,0,0,"m","m",0,0
"SB33","SB154","SB154_SB33",0,0,0,0,"m","m",0,0
"SB1","SB154","SB1_SB154",0,0,0,0,"m","m",0,0
"SB38","SB154","SB154_SB38",0,0,0,0,"m","m",0,0
"SB10","SB154","SB10_SB154",0,0,0,0,"m","m",0,0
"SB102","SB154","SB102_SB154",0,0,0,0,"m","m",0,0.015625
"SB106","SB154","SB106_SB154",0,0,0,0,"m","m",0,0
"SB116","SB154","SB116_SB154",0,0,0,0,"m","m",0,0
"SB88","SB154","SB154_SB88",0,0,0,0,"m","m",0,0
"SB80","SB154","SB154_SB80",0,0,0,0,"f","m",0,0
"SB79","SB154","SB154_SB79",0,0,0,0,"m","m",0,0
"SB75","SB68","SB68_SB75",1,0,0,0,"f","m",0,0.03125
"SB65","SB68","SB65_SB68",2,0,0,0,"f","m",0,0.25
"SB74","SB68","SB68_SB74",0,2,2,2,"m","m",0,0
"SB82","SB68","SB68_SB82",0,1,0,0,"m","m",0,0.25
"SB18","SB68","SB18_SB68",0,1,0,2,"m","m",0,0
"SB124","SB68","SB124_SB68",0,0,0,0,"m","m",0,0.015625
"SB26","SB68","SB26_SB68",0,0,0,0,"m","m",0,0
"SB33","SB68","SB33_SB68",0,0,0,0,"m","m",0,0.015625
"SB1","SB68","SB1_SB68",0,0,0,0,"m","m",0,0.015625
"SB38","SB68","SB38_SB68",0,0,0,0,"m","m",0,0
"SB10","SB68","SB10_SB68",0,0,0,0,"m","m",0,0
"SB102","SB68","SB102_SB68",0,0,0,0,"m","m",0,0
"SB106","SB68","SB106_SB68",0,0,0,0,"m","m",0,0
"SB116","SB68","SB116_SB68",0,0,0,0,"m","m",0,0
"SB88","SB68","SB68_SB88",0,0,0,0,"m","m",0,0
"SB80","SB68","SB68_SB80",0,0,0,0,"f","m",0,0
"SB79","SB68","SB68_SB79",0,0,0,0,"m","m",0,0
"SB65","SB75","SB65_SB75",0,0,0,0,"f","f",0,0.125
"SB74","SB75","SB74_SB75",0,1,0,0,"m","f",1,0
"SB82","SB75","SB75_SB82",0,0,0,0,"m","f",0,0.0625
"SB18","SB75","SB18_SB75",0,0,0,0,"m","f",0,0
"SB124","SB75","SB124_SB75",0,0,0,0,"m","f",0,0
"SB26","SB75","SB26_SB75",0,0,0,0,"m","f",0,0
"SB33","SB75","SB33_SB75",0,0,0,0,"m","f",0,0
"SB1","SB75","SB1_SB75",0,0,0,0,"m","f",0,0.03125
"SB38","SB75","SB38_SB75",0,0,0,0,"m","f",0,0
"SB10","SB75","SB10_SB75",0,0,0,0,"m","f",0,0
"SB102","SB75","SB102_SB75",0,0,0,0,"m","f",0,0
"SB106","SB75","SB106_SB75",0,0,0,0,"m","f",0,0
"SB116","SB75","SB116_SB75",0,0,0,0,"m","f",0,0
"SB88","SB75","SB75_SB88",0,0,0,0,"m","f",0,0
"SB80","SB75","SB75_SB80",3,2,0,4,"f","f",0,0
"SB79","SB75","SB75_SB79",0,0,0,0,"m","f",0,0
"SB74","SB65","SB65_SB74",0,0,0,0,"m","f",0,0
"SB82","SB65","SB65_SB82",0,0,0,0,"m","f",0,0.5
"SB18","SB65","SB18_SB65",0,0,0,0,"m","f",0,0
"SB124","SB65","SB124_SB65",0,0,0,0,"m","f",0,0
"SB26","SB65","SB26_SB65",0,0,0,0,"m","f",0,0
"SB33","SB65","SB33_SB65",0,0,0,0,"m","f",0,0
"SB1","SB65","SB1_SB65",0,0,0,0,"m","f",0,0.0625
"SB38","SB65","SB38_SB65",0,0,0,0,"m","f",0,0
"SB10","SB65","SB10_SB65",0,0,0,0,"m","f",0,0
"SB102","SB65","SB102_SB65",0,0,0,0,"m","f",0,0
"SB106","SB65","SB106_SB65",0,0,0,0,"m","f",0,0
"SB116","SB65","SB116_SB65",0,0,0,0,"m","f",0,0
"SB88","SB65","SB65_SB88",0,0,0,0,"m","f",0,0
"SB80","SB65","SB65_SB80",1,0,0,0,"f","f",0,0
"SB79","SB65","SB65_SB79",0,0,0,0,"m","f",0,0
"SB82","SB74","SB74_SB82",0,0,0,0,"m","m",0,0
"SB18","SB74","SB18_SB74",0,0,0,0,"m","m",0,0
"SB124","SB74","SB124_SB74",0,0,0,0,"m","m",0,0
"SB26","SB74","SB26_SB74",0,0,0,0,"m","m",0,0
"SB33","SB74","SB33_SB74",0,0,0,0,"m","m",0,0
"SB1","SB74","SB1_SB74",0,0,0,0,"m","m",0,0
"SB38","SB74","SB38_SB74",0,0,0,0,"m","m",0,0
"SB10","SB74","SB10_SB74",0,0,0,0,"m","m",0,0
"SB102","SB74","SB102_SB74",0,0,0,0,"m","m",0,0
"SB106","SB74","SB106_SB74",0,0,0,0,"m","m",0,0
"SB116","SB74","SB116_SB74",0,0,0,0,"m","m",0,0
"SB88","SB74","SB74_SB88",0,0,0,0,"m","m",0,0
"SB80","SB74","SB74_SB80",0,0,0,0,"f","m",0,0
"SB79","SB74","SB74_SB79",0,0,0,0,"m","m",0,0
"SB18","SB82","SB18_SB82",0,0,0,0,"m","m",0,0
"SB124","SB82","SB124_SB82",0,0,0,0,"m","m",0,0.03125
"SB26","SB82","SB26_SB82",0,0,0,0,"m","m",0,0
"SB33","SB82","SB33_SB82",0,0,0,0,"m","m",0,0.03125
"SB1","SB82","SB1_SB82",0,0,0,0,"m","m",0,0.03125
"SB38","SB82","SB38_SB82",0,0,0,0,"m","m",0,0
"SB10","SB82","SB10_SB82",0,0,0,0,"m","m",0,0
"SB102","SB82","SB102_SB82",0,0,0,0,"m","m",0,0
"SB106","SB82","SB106_SB82",0,0,0,0,"m","m",0,0
"SB116","SB82","SB116_SB82",0,0,0,0,"m","m",0,0
"SB88","SB82","SB82_SB88",0,0,0,0,"m","m",0,0
"SB80","SB82","SB80_SB82",0,0,0,0,"f","m",0,0
"SB79","SB82","SB79_SB82",0,0,0,0,"m","m",0,0
"SB124","SB18","SB124_SB18",0,0,0,0,"m","m",0,0
"SB26","SB18","SB18_SB26",0,0,0,2,"m","m",0,0.5
"SB33","SB18","SB18_SB33",0,0,0,2,"m","m",0,0
"SB1","SB18","SB1_SB18",0,0,0,0,"m","m",0,0
"SB38","SB18","SB18_SB38",0,0,0,0,"m","m",0,0
"SB10","SB18","SB10_SB18",0,0,0,1,"m","m",0,0
"SB102","SB18","SB102_SB18",0,0,0,0,"m","m",0,0
"SB106","SB18","SB106_SB18",0,0,0,0,"m","m",0,0
"SB116","SB18","SB116_SB18",0,0,0,0,"m","m",0,0
"SB88","SB18","SB18_SB88",0,0,0,0,"m","m",0,0
"SB80","SB18","SB18_SB80",0,0,0,0,"f","m",0,0
"SB79","SB18","SB18_SB79",0,0,0,0,"m","m",0,0
"SB26","SB124","SB124_SB26",0,0,0,0,"m","m",0,0
"SB33","SB124","SB124_SB33",0,0,0,0,"m","m",0,0.03125
"SB1","SB124","SB1_SB124",0,0,0,0,"m","m",0,0
"SB38","SB124","SB124_SB38",0,0,0,0,"m","m",0,0
"SB10","SB124","SB10_SB124",0,0,0,0,"m","m",0,0
"SB102","SB124","SB102_SB124",0,0,0,0,"m","m",0,0
"SB106","SB124","SB106_SB124",0,0,0,0,"m","m",0,0
"SB116","SB124","SB116_SB124",0,0,0,0,"m","m",0,0
"SB88","SB124","SB124_SB88",0,0,0,0,"m","m",0,0
"SB80","SB124","SB124_SB80",0,0,0,0,"f","m",0,0
"SB79","SB124","SB124_SB79",0,0,0,0,"m","m",0,0
"SB33","SB26","SB26_SB33",0,0,0,0,"m","m",0,0
"SB1","SB26","SB1_SB26",0,0,0,2,"m","m",0,0
"SB38","SB26","SB26_SB38",0,0,0,1,"m","m",0,0
"SB10","SB26","SB10_SB26",0,0,0,0,"m","m",0,0
"SB102","SB26","SB102_SB26",0,0,0,0,"m","m",0,0
"SB106","SB26","SB106_SB26",0,0,0,0,"m","m",0,0
"SB116","SB26","SB116_SB26",0,0,0,0,"m","m",0,0
"SB88","SB26","SB26_SB88",0,0,0,0,"m","m",0,0
"SB80","SB26","SB26_SB80",0,0,0,0,"f","m",0,0
"SB79","SB26","SB26_SB79",0,0,0,0,"m","m",0,0
"SB1","SB33","SB1_SB33",0,0,0,2,"m","m",0,0
"SB38","SB33","SB33_SB38",0,0,0,2,"m","m",0,0
"SB10","SB33","SB10_SB33",0,0,0,0,"m","m",0,0
"SB102","SB33","SB102_SB33",0,0,0,0,"m","m",0,0
"SB106","SB33","SB106_SB33",0,0,0,0,"m","m",0,0
"SB116","SB33","SB116_SB33",0,0,0,0,"m","m",0,0
"SB88","SB33","SB33_SB88",0,0,0,0,"m","m",0,0
"SB80","SB33","SB33_SB80",0,0,0,0,"f","m",0,0
"SB79","SB33","SB33_SB79",0,0,0,0,"m","m",0,0
"SB38","SB1","SB1_SB38",0,2,0,1,"m","m",0,0
"SB10","SB1","SB1_SB10",0,1,0,2,"m","m",0,0
"SB102","SB1","SB1_SB102",0,0,0,0,"m","m",0,0
"SB106","SB1","SB1_SB106",0,0,0,0,"m","m",0,0
"SB116","SB1","SB1_SB116",0,0,0,0,"m","m",0,0
"SB88","SB1","SB1_SB88",0,0,0,0,"m","m",0,0
"SB80","SB1","SB1_SB80",0,0,0,0,"f","m",0,0
"SB79","SB1","SB1_SB79",0,0,0,0,"m","m",0,0
"SB10","SB38","SB10_SB38",0,0,0,0,"m","m",0,0
"SB102","SB38","SB102_SB38",0,0,0,0,"m","m",0,0
"SB106","SB38","SB106_SB38",0,0,0,0,"m","m",0,0
"SB116","SB38","SB116_SB38",0,0,0,0,"m","m",0,0
"SB88","SB38","SB38_SB88",0,0,0,0,"m","m",0,0
"SB80","SB38","SB38_SB80",0,0,0,0,"f","m",0,0
"SB79","SB38","SB38_SB79",0,0,0,0,"m","m",0,0
"SB102","SB10","SB10_SB102",0,0,0,0,"m","m",0,0
"SB106","SB10","SB10_SB106",0,0,0,0,"m","m",0,0
"SB116","SB10","SB10_SB116",0,0,0,0,"m","m",0,0
"SB88","SB10","SB10_SB88",0,0,0,0,"m","m",0,0
"SB80","SB10","SB10_SB80",0,0,0,0,"f","m",0,0
"SB79","SB10","SB10_SB79",0,0,0,0,"m","m",0,0
"SB106","SB102","SB102_SB106",0,0,0,0,"m","m",0,0
"SB116","SB102","SB102_SB116",0,0,0,0,"m","m",0,0
"SB88","SB102","SB102_SB88",0,0,0,0,"m","m",0,0
"SB80","SB102","SB102_SB80",0,0,0,0,"f","m",0,0
"SB79","SB102","SB102_SB79",0,0,0,0,"m","m",0,0
"SB116","SB106","SB106_SB116",0,0,0,0,"m","m",0,0.5
"SB88","SB106","SB106_SB88",0,0,0,0,"m","m",0,0.5
"SB80","SB106","SB106_SB80",0,0,0,0,"f","m",0,0
"SB79","SB106","SB106_SB79",0,0,0,0,"m","m",0,0
"SB88","SB116","SB116_SB88",0,0,0,0,"m","m",0,0.5
"SB80","SB116","SB116_SB80",0,0,0,0,"f","m",0,0
"SB79","SB116","SB116_SB79",0,0,0,0,"m","m",0,0
"SB80","SB88","SB80_SB88",0,0,0,0,"f","m",0,0
"SB79","SB88","SB79_SB88",0,0,0,0,"m","m",0,0
"SB79","SB80","SB79_SB80",1,1,1,0,"m","f",1,0
