ind1_ano,ind2_ano,species,group_num,group,year,groupyear,kin,obs_hours,grooming,aggression,association2,association.total,coalition,sharing,sex1,sex2,population,demo1,demo2
i138,i105,bonobo,3,Ekalakala,2019,Ekalakala__2019,0,273.948333333333,0,6,1127,2577,1,5,F,F,2,FALSE,FALSE
i099,i105,bonobo,3,Ekalakala,2019,Ekalakala__2019,0,251.695,241,0,653,2102,0,0,M,F,2,FALSE,TRUE
i034,i105,bonobo,3,Ekalakala,2019,Ekalakala__2019,0,263.317777777778,992,15,1130,2658,1,0,F,F,2,FALSE,TRUE
i007,i105,bonobo,3,Ekalakala,2019,Ekalakala__2019,0,274.713055555556,6807,5,1138,2648,2,2,M,F,2,FALSE,TRUE
i016,i105,bonobo,3,Ekalakala,2019,Ekalakala__2019,0,292.192222222222,7278,1,1074,2302,0,0,F,F,2,FALSE,FALSE
i122,i105,bonobo,3,Ekalakala,2019,Ekalakala__2019,0,276.013611111111,0,1,1010,2496,1,4,M,F,2,FALSE,FALSE
i074,i105,bonobo,3,Ekalakala,2019,Ekalakala__2019,0,316.666388888889,5513,1,1251,2702,0,1,F,F,2,FALSE,TRUE
i109,i105,bonobo,3,Ekalakala,2019,Ekalakala__2019,0,318.480833333333,1553,0,957,2633,1,3,F,F,2,FALSE,TRUE
i118,i105,bonobo,3,Ekalakala,2019,Ekalakala__2019,0,249.291944444444,701,3,712,2099,0,6,F,F,2,FALSE,FALSE
i031,i105,bonobo,3,Ekalakala,2019,Ekalakala__2019,0,213.454722222222,300,7,611,2112,0,3,F,F,2,FALSE,TRUE
i099,i138,bonobo,3,Ekalakala,2019,Ekalakala__2019,0,248.771666666667,0,2,735,2472,0,0,M,F,2,TRUE,FALSE
i034,i138,bonobo,3,Ekalakala,2019,Ekalakala__2019,0,260.394444444444,8120,9,1507,2733,1,11,F,F,2,TRUE,FALSE
i007,i138,bonobo,3,Ekalakala,2019,Ekalakala__2019,0,271.789722222222,5753,0,1502,2736,1,1,M,F,2,TRUE,FALSE
i016,i138,bonobo,3,Ekalakala,2019,Ekalakala__2019,0,289.268888888889,1030,6,1208,2620,1,0,F,F,2,FALSE,FALSE
i122,i138,bonobo,3,Ekalakala,2019,Ekalakala__2019,0,273.090277777778,0,6,1362,2596,1,1,M,F,2,TRUE,FALSE
i074,i138,bonobo,3,Ekalakala,2019,Ekalakala__2019,0,313.743055555556,29216,3,1595,2810,3,2,F,F,2,FALSE,FALSE
i109,i138,bonobo,3,Ekalakala,2019,Ekalakala__2019,0,315.5575,7978,1,1257,2785,2,3,F,F,2,TRUE,FALSE
i118,i138,bonobo,3,Ekalakala,2019,Ekalakala__2019,0,246.368611111111,0,2,854,2409,0,3,F,F,2,FALSE,FALSE
i031,i138,bonobo,3,Ekalakala,2019,Ekalakala__2019,0,210.531388888889,993,5,725,2450,0,12,F,F,2,FALSE,FALSE
i034,i099,bonobo,3,Ekalakala,2019,Ekalakala__2019,0,238.141111111111,2999,3,759,2532,0,1,F,M,2,TRUE,TRUE
i007,i099,bonobo,3,Ekalakala,2019,Ekalakala__2019,0,249.536388888889,7796,82,677,2612,1,0,M,M,2,TRUE,TRUE
i016,i099,bonobo,3,Ekalakala,2019,Ekalakala__2019,0,267.015555555556,6726,4,658,2221,0,0,F,M,2,FALSE,FALSE
i122,i099,bonobo,3,Ekalakala,2019,Ekalakala__2019,0,250.836944444444,0,15,606,2403,0,0,M,M,2,TRUE,FALSE
i074,i099,bonobo,3,Ekalakala,2019,Ekalakala__2019,0,291.489722222222,4303,4,808,2648,0,0,F,M,2,FALSE,TRUE
i109,i099,bonobo,3,Ekalakala,2019,Ekalakala__2019,0,293.304166666667,0,0,659,2434,0,0,F,M,2,TRUE,TRUE
i118,i099,bonobo,3,Ekalakala,2019,Ekalakala__2019,0,224.115277777778,221,0,466,1848,0,1,F,M,2,FALSE,FALSE
i031,i099,bonobo,3,Ekalakala,2019,Ekalakala__2019,0,188.278055555556,0,0,425,1801,0,0,F,M,2,FALSE,TRUE
i007,i034,bonobo,3,Ekalakala,2019,Ekalakala__2019,0,261.159166666667,2466,3,1526,2796,0,4,M,F,2,TRUE,TRUE
i016,i034,bonobo,3,Ekalakala,2019,Ekalakala__2019,0,278.638333333333,9642,11,1290,2622,0,1,F,F,2,FALSE,FALSE
i122,i034,bonobo,3,Ekalakala,2019,Ekalakala__2019,0,262.459722222222,177,4,1349,2693,0,2,M,F,2,TRUE,FALSE
i074,i034,bonobo,3,Ekalakala,2019,Ekalakala__2019,0,303.1125,15546,6,1657,2832,0,8,F,F,2,FALSE,TRUE
i109,i034,bonobo,3,Ekalakala,2019,Ekalakala__2019,0,304.926944444444,4279,5,1308,2818,1,1,F,F,2,TRUE,TRUE
i118,i034,bonobo,3,Ekalakala,2019,Ekalakala__2019,0,235.738055555556,13526,28,877,2470,0,10,F,F,2,FALSE,FALSE
i031,i034,bonobo,3,Ekalakala,2019,Ekalakala__2019,0,199.900833333333,4926,3,784,2475,0,6,F,F,2,FALSE,TRUE
i016,i007,bonobo,3,Ekalakala,2019,Ekalakala__2019,0,290.033611111111,20569,1,1257,2653,0,2,F,M,2,FALSE,FALSE
i122,i007,bonobo,3,Ekalakala,2019,Ekalakala__2019,0,273.855,13421,12,1371,2669,13,3,M,M,2,TRUE,FALSE
i074,i007,bonobo,3,Ekalakala,2019,Ekalakala__2019,0,314.507777777778,4358,2,1654,2833,0,4,F,M,2,FALSE,TRUE
i109,i007,bonobo,3,Ekalakala,2019,Ekalakala__2019,1,316.322222222222,12017,1,1505,2619,2,3,F,M,2,TRUE,TRUE
i118,i007,bonobo,3,Ekalakala,2019,Ekalakala__2019,0,247.133333333333,3254,4,841,2504,0,1,F,M,2,FALSE,FALSE
i031,i007,bonobo,3,Ekalakala,2019,Ekalakala__2019,0,211.296111111111,0,2,721,2536,0,0,F,M,2,FALSE,TRUE
i122,i016,bonobo,3,Ekalakala,2019,Ekalakala__2019,0,291.334166666667,14160,2,1125,2505,3,1,M,F,2,FALSE,FALSE
i074,i016,bonobo,3,Ekalakala,2019,Ekalakala__2019,0,331.986944444444,12949,1,1383,2694,2,4,F,F,2,FALSE,FALSE
i109,i016,bonobo,3,Ekalakala,2019,Ekalakala__2019,0,333.801388888889,14153,0,1020,2694,2,1,F,F,2,FALSE,FALSE
i118,i016,bonobo,3,Ekalakala,2019,Ekalakala__2019,0,264.6125,601,0,773,2162,0,1,F,F,2,FALSE,FALSE
i031,i016,bonobo,3,Ekalakala,2019,Ekalakala__2019,0,228.775277777778,0,5,652,2195,0,0,F,F,2,FALSE,FALSE
i074,i122,bonobo,3,Ekalakala,2019,Ekalakala__2019,0,315.808333333333,16616,6,1467,2740,1,0,F,M,2,FALSE,FALSE
i109,i122,bonobo,3,Ekalakala,2019,Ekalakala__2019,0,317.622777777778,11874,3,1238,2606,5,1,F,M,2,TRUE,FALSE
i118,i122,bonobo,3,Ekalakala,2019,Ekalakala__2019,0,248.433888888889,4760,3,822,2243,0,0,F,M,2,FALSE,FALSE
i031,i122,bonobo,3,Ekalakala,2019,Ekalakala__2019,0,212.596666666667,6731,3,756,2221,0,0,F,M,2,FALSE,FALSE
i109,i074,bonobo,3,Ekalakala,2019,Ekalakala__2019,0,358.275555555556,4322,0,1447,2844,1,2,F,F,2,FALSE,TRUE
i118,i074,bonobo,3,Ekalakala,2019,Ekalakala__2019,0,289.086666666667,1874,0,935,2577,0,4,F,F,2,FALSE,FALSE
i031,i074,bonobo,3,Ekalakala,2019,Ekalakala__2019,0,253.249444444444,8950,1,829,2595,1,11,F,F,2,FALSE,TRUE
i118,i109,bonobo,3,Ekalakala,2019,Ekalakala__2019,0,290.901111111111,3374,0,735,2414,0,0,F,F,2,FALSE,FALSE
i031,i109,bonobo,3,Ekalakala,2019,Ekalakala__2019,0,255.063888888889,6160,2,661,2400,0,2,F,F,2,FALSE,TRUE
i031,i118,bonobo,3,Ekalakala,2019,Ekalakala__2019,0,185.875,2484,5,538,1744,0,0,F,F,2,FALSE,FALSE
i095,i113,bonobo,2,Kokoalongo,2019,Kokoalongo__2019,0,253.966666666667,0,2,518,3133,1,0,F,M,2,FALSE,FALSE
i061,i113,bonobo,2,Kokoalongo,2019,Kokoalongo__2019,0,277.319722222222,0,4,539,3148,0,0,F,M,2,FALSE,FALSE
i057,i113,bonobo,2,Kokoalongo,2019,Kokoalongo__2019,0,257.083611111111,0,2,600,3039,0,0,F,M,2,FALSE,FALSE
i080,i113,bonobo,2,Kokoalongo,2019,Kokoalongo__2019,0,191.311666666667,0,0,236,2506,0,0,M,M,2,FALSE,FALSE
i071,i113,bonobo,2,Kokoalongo,2019,Kokoalongo__2019,0,258.5175,0,7,408,2832,0,1,M,M,2,FALSE,FALSE
i033,i113,bonobo,2,Kokoalongo,2019,Kokoalongo__2019,0,245.504444444444,12746,4,1180,2544,1,0,M,M,2,FALSE,FALSE
i121,i113,bonobo,2,Kokoalongo,2019,Kokoalongo__2019,0,203.152777777778,0,0,574,2358,0,0,M,M,2,FALSE,FALSE
i037,i113,bonobo,2,Kokoalongo,2019,Kokoalongo__2019,0,239.3675,0,0,700,3173,0,0,F,M,2,FALSE,FALSE
i044,i113,bonobo,2,Kokoalongo,2019,Kokoalongo__2019,0,272.811111111111,3469,1,827,3361,2,0,F,M,2,FALSE,FALSE
i079,i113,bonobo,2,Kokoalongo,2019,Kokoalongo__2019,0,48.1413888888889,0,0,113,2324,0,0,F,M,2,FALSE,FALSE
i042,i113,bonobo,2,Kokoalongo,2019,Kokoalongo__2019,0,253.625277777778,1559,33,831,3140,0,0,M,M,2,FALSE,FALSE
i041,i113,bonobo,2,Kokoalongo,2019,Kokoalongo__2019,0,266.226944444444,0,0,609,3161,0,0,F,M,2,FALSE,FALSE
i087,i113,bonobo,2,Kokoalongo,2019,Kokoalongo__2019,0,283.532777777778,1568,4,676,3172,0,1,F,M,2,FALSE,FALSE
i015,i113,bonobo,2,Kokoalongo,2019,Kokoalongo__2019,0,258.2975,4016,0,1096,2562,2,1,F,M,2,FALSE,FALSE
i005,i113,bonobo,2,Kokoalongo,2019,Kokoalongo__2019,0,253.7225,2398,0,1144,2581,2,0,F,M,2,FALSE,FALSE
i126,i113,bonobo,2,Kokoalongo,2019,Kokoalongo__2019,0,282.131944444444,0,6,721,3374,0,0,F,M,2,FALSE,FALSE
i012,i113,bonobo,2,Kokoalongo,2019,Kokoalongo__2019,0,314.366388888889,10821,0,1323,2664,0,0,F,M,2,FALSE,FALSE
i008,i113,bonobo,2,Kokoalongo,2019,Kokoalongo__2019,0,235.406666666667,1366,15,782,2479,0,1,M,M,2,FALSE,FALSE
i134,i113,bonobo,2,Kokoalongo,2019,Kokoalongo__2019,0,268.268888888889,2900,2,1384,2708,2,0,F,M,2,FALSE,FALSE
i061,i095,bonobo,2,Kokoalongo,2019,Kokoalongo__2019,0,260.431944444444,0,2,721,2369,5,7,F,F,2,FALSE,FALSE
i057,i095,bonobo,2,Kokoalongo,2019,Kokoalongo__2019,0,240.195833333333,0,0,712,2330,2,5,F,F,2,FALSE,FALSE
i080,i095,bonobo,2,Kokoalongo,2019,Kokoalongo__2019,0,174.423888888889,0,5,266,1879,0,0,M,F,2,FALSE,FALSE
i071,i095,bonobo,2,Kokoalongo,2019,Kokoalongo__2019,0,241.629722222222,0,4,515,2128,0,1,M,F,2,FALSE,FALSE
i033,i095,bonobo,2,Kokoalongo,2019,Kokoalongo__2019,0,228.616666666667,944,1,395,2732,0,0,M,F,2,FALSE,FALSE
i121,i095,bonobo,2,Kokoalongo,2019,Kokoalongo__2019,0,186.265,0,0,165,2170,0,0,M,F,2,FALSE,FALSE
i037,i095,bonobo,2,Kokoalongo,2019,Kokoalongo__2019,0,222.479722222222,928,1,773,2503,3,1,F,F,2,FALSE,FALSE
i044,i095,bonobo,2,Kokoalongo,2019,Kokoalongo__2019,0,255.923333333333,0,2,824,2767,6,4,F,F,2,FALSE,FALSE
i079,i095,bonobo,2,Kokoalongo,2019,Kokoalongo__2019,0,55.2563888888889,0,0,77,1763,0,0,F,F,2,FALSE,FALSE
i042,i095,bonobo,2,Kokoalongo,2019,Kokoalongo__2019,0,236.7375,0,0,762,2612,0,0,M,F,2,FALSE,FALSE
i041,i095,bonobo,2,Kokoalongo,2019,Kokoalongo__2019,0,249.339166666667,64,0,753,2420,1,9,F,F,2,FALSE,FALSE
i087,i095,bonobo,2,Kokoalongo,2019,Kokoalongo__2019,0,266.645,3784,1,777,2474,4,3,F,F,2,FALSE,FALSE
i015,i095,bonobo,2,Kokoalongo,2019,Kokoalongo__2019,0,241.409722222222,529,0,342,2719,4,0,F,F,2,FALSE,FALSE
i005,i095,bonobo,2,Kokoalongo,2019,Kokoalongo__2019,0,236.834722222222,219,0,353,2775,1,0,F,F,2,FALSE,FALSE
i126,i095,bonobo,2,Kokoalongo,2019,Kokoalongo__2019,0,265.244166666667,0,0,923,2575,4,6,F,F,2,FALSE,FALSE
i012,i095,bonobo,2,Kokoalongo,2019,Kokoalongo__2019,0,297.478611111111,0,1,394,2996,2,0,F,F,2,FALSE,FALSE
i008,i095,bonobo,2,Kokoalongo,2019,Kokoalongo__2019,0,218.518888888889,0,0,249,2415,0,1,M,F,2,FALSE,FALSE
i134,i095,bonobo,2,Kokoalongo,2019,Kokoalongo__2019,0,251.381111111111,0,0,399,3096,0,0,F,F,2,FALSE,FALSE
i057,i061,bonobo,2,Kokoalongo,2019,Kokoalongo__2019,0,263.548888888889,0,3,789,2289,4,1,F,F,2,FALSE,FALSE
i080,i061,bonobo,2,Kokoalongo,2019,Kokoalongo__2019,0,197.776944444444,0,4,283,1898,0,0,M,F,2,FALSE,FALSE
i071,i061,bonobo,2,Kokoalongo,2019,Kokoalongo__2019,0,264.982777777778,3021,5,500,2179,0,0,M,F,2,FALSE,FALSE
i033,i061,bonobo,2,Kokoalongo,2019,Kokoalongo__2019,0,251.969722222222,0,0,404,2759,0,0,M,F,2,FALSE,FALSE
i121,i061,bonobo,2,Kokoalongo,2019,Kokoalongo__2019,0,209.618055555556,0,1,141,2230,0,0,M,F,2,FALSE,FALSE
i037,i061,bonobo,2,Kokoalongo,2019,Kokoalongo__2019,0,245.832777777778,0,1,869,2443,2,2,F,F,2,FALSE,FALSE
i044,i061,bonobo,2,Kokoalongo,2019,Kokoalongo__2019,0,279.276388888889,0,3,980,2647,7,6,F,F,2,FALSE,FALSE
i079,i061,bonobo,2,Kokoalongo,2019,Kokoalongo__2019,0,64.8425,0,0,116,1760,0,0,F,F,2,FALSE,FALSE
i042,i061,bonobo,2,Kokoalongo,2019,Kokoalongo__2019,0,260.090555555556,5509,6,846,2564,2,0,M,F,2,FALSE,FALSE
i041,i061,bonobo,2,Kokoalongo,2019,Kokoalongo__2019,0,272.692222222222,0,5,864,2345,7,5,F,F,2,FALSE,FALSE
i087,i061,bonobo,2,Kokoalongo,2019,Kokoalongo__2019,0,289.998055555556,0,5,768,2519,5,2,F,F,2,FALSE,FALSE
i015,i061,bonobo,2,Kokoalongo,2019,Kokoalongo__2019,0,264.762777777778,0,1,364,2733,1,0,F,F,2,FALSE,FALSE
i005,i061,bonobo,2,Kokoalongo,2019,Kokoalongo__2019,0,260.187777777778,0,0,344,2820,1,0,F,F,2,FALSE,FALSE
i126,i061,bonobo,2,Kokoalongo,2019,Kokoalongo__2019,0,288.597222222222,1034,1,994,2540,4,8,F,F,2,FALSE,FALSE
i012,i061,bonobo,2,Kokoalongo,2019,Kokoalongo__2019,0,320.831666666667,0,2,378,3048,1,1,F,F,2,FALSE,FALSE
i008,i061,bonobo,2,Kokoalongo,2019,Kokoalongo__2019,0,241.871944444444,0,3,291,2409,1,0,M,F,2,FALSE,FALSE
i134,i061,bonobo,2,Kokoalongo,2019,Kokoalongo__2019,0,274.734166666667,0,0,445,3086,3,2,F,F,2,FALSE,FALSE
i080,i057,bonobo,2,Kokoalongo,2019,Kokoalongo__2019,1,177.540833333333,10964,0,472,1661,0,0,M,F,2,FALSE,TRUE
i071,i057,bonobo,2,Kokoalongo,2019,Kokoalongo__2019,0,244.746666666667,0,2,512,2119,0,0,M,F,2,FALSE,FALSE
i033,i057,bonobo,2,Kokoalongo,2019,Kokoalongo__2019,0,231.733611111111,0,2,414,2701,0,0,M,F,2,FALSE,FALSE
i121,i057,bonobo,2,Kokoalongo,2019,Kokoalongo__2019,0,189.381944444444,0,1,175,2148,0,0,M,F,2,FALSE,FALSE
i037,i057,bonobo,2,Kokoalongo,2019,Kokoalongo__2019,0,225.596666666667,0,1,775,2489,3,0,F,F,2,FALSE,TRUE
i044,i057,bonobo,2,Kokoalongo,2019,Kokoalongo__2019,0,259.040277777778,0,0,875,2704,3,1,F,F,2,FALSE,FALSE
i079,i057,bonobo,2,Kokoalongo,2019,Kokoalongo__2019,0,66.1194444444444,0,0,51,1777,0,0,F,F,2,FALSE,FALSE
i042,i057,bonobo,2,Kokoalongo,2019,Kokoalongo__2019,0,239.854444444444,0,3,764,2598,1,0,M,F,2,FALSE,FALSE
i041,i057,bonobo,2,Kokoalongo,2019,Kokoalongo__2019,0,252.456111111111,0,3,696,2465,5,0,F,F,2,FALSE,TRUE
i087,i057,bonobo,2,Kokoalongo,2019,Kokoalongo__2019,0,269.761944444444,0,0,716,2523,4,1,F,F,2,FALSE,FALSE
i015,i057,bonobo,2,Kokoalongo,2019,Kokoalongo__2019,0,244.526666666667,0,1,400,2649,3,0,F,F,2,FALSE,TRUE
i005,i057,bonobo,2,Kokoalongo,2019,Kokoalongo__2019,0,239.951666666667,0,0,389,2727,3,0,F,F,2,FALSE,FALSE
i126,i057,bonobo,2,Kokoalongo,2019,Kokoalongo__2019,0,268.361111111111,107,1,942,2544,1,3,F,F,2,FALSE,FALSE
i012,i057,bonobo,2,Kokoalongo,2019,Kokoalongo__2019,0,300.595555555556,0,1,428,2950,0,0,F,F,2,FALSE,TRUE
i008,i057,bonobo,2,Kokoalongo,2019,Kokoalongo__2019,0,221.635833333333,0,0,274,2378,0,0,M,F,2,FALSE,TRUE
i134,i057,bonobo,2,Kokoalongo,2019,Kokoalongo__2019,0,254.498055555556,0,0,480,3003,4,0,F,F,2,FALSE,FALSE
i071,i080,bonobo,2,Kokoalongo,2019,Kokoalongo__2019,0,178.974722222222,0,2,198,1536,0,0,M,M,2,FALSE,FALSE
i033,i080,bonobo,2,Kokoalongo,2019,Kokoalongo__2019,0,165.961666666667,0,1,116,2102,0,0,M,M,2,TRUE,FALSE
i121,i080,bonobo,2,Kokoalongo,2019,Kokoalongo__2019,0,123.61,0,0,79,1347,0,0,M,M,2,TRUE,FALSE
i037,i080,bonobo,2,Kokoalongo,2019,Kokoalongo__2019,0,159.824722222222,0,1,252,2115,0,0,F,M,2,FALSE,TRUE
i044,i080,bonobo,2,Kokoalongo,2019,Kokoalongo__2019,0,193.268333333333,0,1,263,2419,0,0,F,M,2,FALSE,FALSE
i079,i080,bonobo,2,Kokoalongo,2019,Kokoalongo__2019,0,57.1930555555556,0,0,38,893,0,0,F,M,2,TRUE,FALSE
i042,i080,bonobo,2,Kokoalongo,2019,Kokoalongo__2019,0,174.0825,0,8,236,2229,0,0,M,M,2,FALSE,FALSE
i041,i080,bonobo,2,Kokoalongo,2019,Kokoalongo__2019,0,186.684166666667,0,0,236,2028,0,0,F,M,2,TRUE,TRUE
i087,i080,bonobo,2,Kokoalongo,2019,Kokoalongo__2019,0,203.99,0,2,237,2105,0,0,F,M,2,FALSE,FALSE
i015,i080,bonobo,2,Kokoalongo,2019,Kokoalongo__2019,0,178.754722222222,0,0,159,1993,0,0,F,M,2,FALSE,TRUE
i005,i080,bonobo,2,Kokoalongo,2019,Kokoalongo__2019,0,174.179722222222,0,0,152,2067,0,0,F,M,2,FALSE,FALSE
i126,i080,bonobo,2,Kokoalongo,2019,Kokoalongo__2019,0,202.589166666667,0,9,300,2289,0,0,F,M,2,TRUE,FALSE
i012,i080,bonobo,2,Kokoalongo,2019,Kokoalongo__2019,0,234.823611111111,0,1,190,2291,0,0,F,M,2,FALSE,TRUE
i008,i080,bonobo,2,Kokoalongo,2019,Kokoalongo__2019,0,155.863888888889,0,2,123,1632,0,0,M,M,2,FALSE,TRUE
i134,i080,bonobo,2,Kokoalongo,2019,Kokoalongo__2019,0,188.726111111111,0,0,184,2402,0,0,F,M,2,FALSE,FALSE
i033,i071,bonobo,2,Kokoalongo,2019,Kokoalongo__2019,0,233.1675,0,7,302,2414,0,2,M,M,2,FALSE,FALSE
i121,i071,bonobo,2,Kokoalongo,2019,Kokoalongo__2019,0,190.815833333333,0,0,132,1792,0,0,M,M,2,FALSE,FALSE
i037,i071,bonobo,2,Kokoalongo,2019,Kokoalongo__2019,0,227.030555555556,10,1,511,2354,0,0,F,M,2,FALSE,FALSE
i044,i071,bonobo,2,Kokoalongo,2019,Kokoalongo__2019,0,260.474166666667,0,7,642,2538,0,0,F,M,2,FALSE,FALSE
i079,i071,bonobo,2,Kokoalongo,2019,Kokoalongo__2019,0,57.6377777777778,0,0,25,1404,0,0,F,M,2,FALSE,FALSE
i042,i071,bonobo,2,Kokoalongo,2019,Kokoalongo__2019,0,241.288333333333,0,34,525,2438,0,0,M,M,2,FALSE,FALSE
i041,i071,bonobo,2,Kokoalongo,2019,Kokoalongo__2019,0,253.89,0,4,519,2243,1,0,F,M,2,FALSE,FALSE
i087,i071,bonobo,2,Kokoalongo,2019,Kokoalongo__2019,0,271.195833333333,0,1,536,2304,0,0,F,M,2,FALSE,FALSE
i015,i071,bonobo,2,Kokoalongo,2019,Kokoalongo__2019,0,245.960555555556,0,1,285,2365,0,0,F,M,2,FALSE,FALSE
i005,i071,bonobo,2,Kokoalongo,2019,Kokoalongo__2019,0,241.385555555556,0,1,262,2455,0,0,F,M,2,FALSE,FALSE
i126,i071,bonobo,2,Kokoalongo,2019,Kokoalongo__2019,0,269.795,0,10,625,2462,0,0,F,M,2,FALSE,FALSE
i012,i071,bonobo,2,Kokoalongo,2019,Kokoalongo__2019,0,302.029444444444,0,3,312,2667,0,0,F,M,2,FALSE,FALSE
i008,i071,bonobo,2,Kokoalongo,2019,Kokoalongo__2019,0,223.069722222222,0,3,141,2112,0,0,M,M,2,FALSE,FALSE
i134,i071,bonobo,2,Kokoalongo,2019,Kokoalongo__2019,0,255.931944444444,654,7,365,2719,1,0,F,M,2,FALSE,FALSE
i121,i033,bonobo,2,Kokoalongo,2019,Kokoalongo__2019,0,177.802777777778,0,1,469,1939,0,0,M,M,2,TRUE,FALSE
i037,i033,bonobo,2,Kokoalongo,2019,Kokoalongo__2019,0,214.0175,0,0,519,2830,3,0,F,M,2,FALSE,FALSE
i044,i033,bonobo,2,Kokoalongo,2019,Kokoalongo__2019,0,247.461111111111,5424,1,622,3042,2,0,F,M,2,FALSE,FALSE
i079,i033,bonobo,2,Kokoalongo,2019,Kokoalongo__2019,0,43.5383333333333,0,0,69,1844,0,0,F,M,2,TRUE,FALSE
i042,i033,bonobo,2,Kokoalongo,2019,Kokoalongo__2019,0,228.275277777778,0,14,565,2882,3,0,M,M,2,FALSE,FALSE
i041,i033,bonobo,2,Kokoalongo,2019,Kokoalongo__2019,0,240.876944444444,0,4,454,2792,1,0,F,M,2,TRUE,FALSE
i087,i033,bonobo,2,Kokoalongo,2019,Kokoalongo__2019,0,258.182777777778,0,2,493,2831,1,1,F,M,2,FALSE,FALSE
i015,i033,bonobo,2,Kokoalongo,2019,Kokoalongo__2019,0,232.9475,3805,0,832,2302,3,0,F,M,2,FALSE,FALSE
i005,i033,bonobo,2,Kokoalongo,2019,Kokoalongo__2019,0,228.3725,3699,0,931,2270,0,0,F,M,2,FALSE,FALSE
i126,i033,bonobo,2,Kokoalongo,2019,Kokoalongo__2019,0,256.781944444444,0,2,496,3075,0,0,F,M,2,TRUE,FALSE
i012,i033,bonobo,2,Kokoalongo,2019,Kokoalongo__2019,0,289.016388888889,12917,0,1015,2448,4,1,F,M,2,FALSE,FALSE
i008,i033,bonobo,2,Kokoalongo,2019,Kokoalongo__2019,0,210.056666666667,0,55,580,2157,2,1,M,M,2,FALSE,FALSE
i134,i033,bonobo,2,Kokoalongo,2019,Kokoalongo__2019,0,242.918888888889,395,2,1062,2506,7,0,F,M,2,FALSE,FALSE
i037,i121,bonobo,2,Kokoalongo,2019,Kokoalongo__2019,0,171.665833333333,0,0,190,2367,0,0,F,M,2,FALSE,FALSE
i044,i121,bonobo,2,Kokoalongo,2019,Kokoalongo__2019,0,205.109444444444,0,0,200,2672,1,0,F,M,2,FALSE,FALSE
i042,i121,bonobo,2,Kokoalongo,2019,Kokoalongo__2019,0,185.923611111111,0,5,227,2428,1,0,M,M,2,FALSE,FALSE
i041,i121,bonobo,2,Kokoalongo,2019,Kokoalongo__2019,0,198.525277777778,0,0,169,2285,0,0,F,M,2,TRUE,FALSE
i087,i121,bonobo,2,Kokoalongo,2019,Kokoalongo__2019,0,215.831111111111,0,0,187,2345,0,0,F,M,2,FALSE,FALSE
i015,i121,bonobo,2,Kokoalongo,2019,Kokoalongo__2019,0,190.595833333333,0,0,446,1896,0,0,F,M,2,FALSE,FALSE
i005,i121,bonobo,2,Kokoalongo,2019,Kokoalongo__2019,1,186.020833333333,13032,0,621,1788,0,4,F,M,2,FALSE,FALSE
i126,i121,bonobo,2,Kokoalongo,2019,Kokoalongo__2019,0,214.430277777778,0,0,184,2595,0,1,F,M,2,TRUE,FALSE
i012,i121,bonobo,2,Kokoalongo,2019,Kokoalongo__2019,0,246.664722222222,0,2,549,2122,0,0,F,M,2,FALSE,FALSE
i008,i121,bonobo,2,Kokoalongo,2019,Kokoalongo__2019,0,167.705,0,2,283,1662,0,0,M,M,2,FALSE,FALSE
i134,i121,bonobo,2,Kokoalongo,2019,Kokoalongo__2019,0,200.567222222222,0,8,532,2244,0,0,F,M,2,FALSE,FALSE
i044,i037,bonobo,2,Kokoalongo,2019,Kokoalongo__2019,0,241.324166666667,4720,0,1100,2713,7,6,F,F,2,FALSE,FALSE
i079,i037,bonobo,2,Kokoalongo,2019,Kokoalongo__2019,0,44.2636111111111,0,0,128,1934,1,0,F,F,2,FALSE,FALSE
i042,i037,bonobo,2,Kokoalongo,2019,Kokoalongo__2019,0,222.138333333333,222,3,954,2642,2,1,M,F,2,FALSE,FALSE
i041,i037,bonobo,2,Kokoalongo,2019,Kokoalongo__2019,0,234.74,0,0,1019,2376,3,4,F,F,2,FALSE,TRUE
i087,i037,bonobo,2,Kokoalongo,2019,Kokoalongo__2019,0,252.045833333333,5000,0,916,2557,7,0,F,F,2,FALSE,FALSE
i015,i037,bonobo,2,Kokoalongo,2019,Kokoalongo__2019,0,226.810555555556,0,0,432,2851,3,1,F,F,2,FALSE,TRUE
i005,i037,bonobo,2,Kokoalongo,2019,Kokoalongo__2019,0,222.235555555556,0,0,413,2937,2,0,F,F,2,FALSE,FALSE
i126,i037,bonobo,2,Kokoalongo,2019,Kokoalongo__2019,0,250.645,0,3,1088,2632,1,0,F,F,2,FALSE,FALSE
i012,i037,bonobo,2,Kokoalongo,2019,Kokoalongo__2019,0,282.879444444444,0,0,504,3108,0,0,F,F,2,FALSE,TRUE
i008,i037,bonobo,2,Kokoalongo,2019,Kokoalongo__2019,0,203.919722222222,1415,3,299,2587,0,0,M,F,2,FALSE,TRUE
i134,i037,bonobo,2,Kokoalongo,2019,Kokoalongo__2019,0,236.781944444444,0,1,621,3096,7,1,F,F,2,FALSE,FALSE
i079,i044,bonobo,2,Kokoalongo,2019,Kokoalongo__2019,0,56.8225,92,0,142,2235,0,0,F,F,2,FALSE,FALSE
i042,i044,bonobo,2,Kokoalongo,2019,Kokoalongo__2019,0,255.581944444444,3082,4,1108,2803,1,0,M,F,2,FALSE,FALSE
i041,i044,bonobo,2,Kokoalongo,2019,Kokoalongo__2019,0,268.183611111111,0,0,1059,2651,1,9,F,F,2,FALSE,FALSE
i087,i044,bonobo,2,Kokoalongo,2019,Kokoalongo__2019,0,285.489444444444,4911,1,1080,2708,3,7,F,F,2,FALSE,FALSE
i015,i044,bonobo,2,Kokoalongo,2019,Kokoalongo__2019,0,260.254166666667,241,0,549,3049,6,1,F,F,2,FALSE,FALSE
i005,i044,bonobo,2,Kokoalongo,2019,Kokoalongo__2019,0,255.679166666667,60,0,522,3143,4,1,F,F,2,FALSE,FALSE
i126,i044,bonobo,2,Kokoalongo,2019,Kokoalongo__2019,0,284.088611111111,640,0,1260,2775,4,4,F,F,2,FALSE,FALSE
i012,i044,bonobo,2,Kokoalongo,2019,Kokoalongo__2019,0,316.323055555556,2126,3,601,3326,1,1,F,F,2,FALSE,FALSE
i008,i044,bonobo,2,Kokoalongo,2019,Kokoalongo__2019,0,237.363333333333,0,0,378,2823,0,0,M,F,2,FALSE,FALSE
i134,i044,bonobo,2,Kokoalongo,2019,Kokoalongo__2019,0,270.225555555556,474,1,723,3309,11,2,F,F,2,FALSE,FALSE
i042,i079,bonobo,2,Kokoalongo,2019,Kokoalongo__2019,1,55.5819444444444,2405,0,208,1952,0,0,M,F,2,FALSE,FALSE
i041,i079,bonobo,2,Kokoalongo,2019,Kokoalongo__2019,0,65.8783333333333,0,0,111,1848,0,0,F,F,2,TRUE,FALSE
i087,i079,bonobo,2,Kokoalongo,2019,Kokoalongo__2019,0,60.1838888888889,2053,0,112,1925,0,0,F,F,2,FALSE,FALSE
i015,i079,bonobo,2,Kokoalongo,2019,Kokoalongo__2019,0,62.5041666666667,0,0,62,1785,0,0,F,F,2,FALSE,FALSE
i005,i079,bonobo,2,Kokoalongo,2019,Kokoalongo__2019,0,45.3677777777778,0,0,67,1847,0,0,F,F,2,FALSE,FALSE
i126,i079,bonobo,2,Kokoalongo,2019,Kokoalongo__2019,0,66.5547222222222,78,0,165,2119,0,0,F,F,2,TRUE,FALSE
i012,i079,bonobo,2,Kokoalongo,2019,Kokoalongo__2019,0,72.3194444444444,0,0,67,2109,0,0,F,F,2,FALSE,FALSE
i008,i079,bonobo,2,Kokoalongo,2019,Kokoalongo__2019,0,54.0616666666667,0,0,49,1401,0,0,M,F,2,FALSE,FALSE
i134,i079,bonobo,2,Kokoalongo,2019,Kokoalongo__2019,0,65.0688888888889,0,0,100,2181,0,0,F,F,2,FALSE,FALSE
i041,i042,bonobo,2,Kokoalongo,2019,Kokoalongo__2019,0,248.997777777778,3451,1,860,2633,1,0,F,M,2,FALSE,FALSE
i087,i042,bonobo,2,Kokoalongo,2019,Kokoalongo__2019,0,266.303611111111,2285,5,969,2602,0,0,F,M,2,FALSE,FALSE
i015,i042,bonobo,2,Kokoalongo,2019,Kokoalongo__2019,0,241.068333333333,253,1,551,2830,3,0,F,M,2,FALSE,FALSE
i005,i042,bonobo,2,Kokoalongo,2019,Kokoalongo__2019,0,236.493333333333,5377,3,550,2898,0,0,F,M,2,FALSE,FALSE
i126,i042,bonobo,2,Kokoalongo,2019,Kokoalongo__2019,0,264.902777777778,1119,3,1075,2743,0,1,F,M,2,FALSE,FALSE
i012,i042,bonobo,2,Kokoalongo,2019,Kokoalongo__2019,0,297.137222222222,1610,4,611,3099,0,0,F,M,2,FALSE,FALSE
i008,i042,bonobo,2,Kokoalongo,2019,Kokoalongo__2019,0,218.1775,0,21,302,2682,1,0,M,M,2,FALSE,FALSE
i134,i042,bonobo,2,Kokoalongo,2019,Kokoalongo__2019,0,251.039722222222,3731,4,795,3020,5,0,F,M,2,FALSE,FALSE
i087,i041,bonobo,2,Kokoalongo,2019,Kokoalongo__2019,0,278.905277777778,1457,0,825,2545,6,1,F,F,2,FALSE,FALSE
i015,i041,bonobo,2,Kokoalongo,2019,Kokoalongo__2019,0,253.67,0,1,405,2775,3,2,F,F,2,FALSE,TRUE
i005,i041,bonobo,2,Kokoalongo,2019,Kokoalongo__2019,0,249.095,2210,0,351,2896,1,1,F,F,2,FALSE,FALSE
i126,i041,bonobo,2,Kokoalongo,2019,Kokoalongo__2019,0,277.504444444444,605,3,1090,2527,1,5,F,F,2,TRUE,FALSE
i012,i041,bonobo,2,Kokoalongo,2019,Kokoalongo__2019,0,309.738888888889,0,2,444,3065,0,0,F,F,2,FALSE,TRUE
i008,i041,bonobo,2,Kokoalongo,2019,Kokoalongo__2019,0,230.779166666667,3049,1,250,2533,0,0,M,F,2,FALSE,TRUE
i134,i041,bonobo,2,Kokoalongo,2019,Kokoalongo__2019,0,263.641388888889,0,0,497,3117,3,0,F,F,2,FALSE,FALSE
i015,i087,bonobo,2,Kokoalongo,2019,Kokoalongo__2019,0,270.975833333333,2404,1,441,2817,4,0,F,F,2,FALSE,FALSE
i005,i087,bonobo,2,Kokoalongo,2019,Kokoalongo__2019,0,266.400833333333,3296,0,440,2885,2,1,F,F,2,FALSE,FALSE
i126,i087,bonobo,2,Kokoalongo,2019,Kokoalongo__2019,0,294.810277777778,15836,4,1003,2692,2,2,F,F,2,FALSE,FALSE
i012,i087,bonobo,2,Kokoalongo,2019,Kokoalongo__2019,0,327.044722222222,837,7,484,3103,0,0,F,F,2,FALSE,FALSE
i008,i087,bonobo,2,Kokoalongo,2019,Kokoalongo__2019,0,248.085,0,0,303,2558,0,0,M,F,2,FALSE,FALSE
i134,i087,bonobo,2,Kokoalongo,2019,Kokoalongo__2019,0,280.947222222222,30,1,601,3091,5,2,F,F,2,FALSE,FALSE
i005,i015,bonobo,2,Kokoalongo,2019,Kokoalongo__2019,0,241.165555555556,6498,0,917,2218,5,5,F,F,2,FALSE,FALSE
i126,i015,bonobo,2,Kokoalongo,2019,Kokoalongo__2019,0,269.575,0,0,480,3025,1,1,F,F,2,FALSE,FALSE
i012,i015,bonobo,2,Kokoalongo,2019,Kokoalongo__2019,0,301.809444444444,6,1,1030,2367,4,1,F,F,2,FALSE,TRUE
i008,i015,bonobo,2,Kokoalongo,2019,Kokoalongo__2019,0,222.849722222222,892,1,603,2068,1,0,M,F,2,FALSE,TRUE
i134,i015,bonobo,2,Kokoalongo,2019,Kokoalongo__2019,0,255.711944444444,5409,2,1064,2438,11,0,F,F,2,FALSE,FALSE
i126,i005,bonobo,2,Kokoalongo,2019,Kokoalongo__2019,0,265,0,1,427,3145,1,1,F,F,2,FALSE,FALSE
i012,i005,bonobo,2,Kokoalongo,2019,Kokoalongo__2019,0,297.234444444444,0,0,1101,2363,0,0,F,F,2,FALSE,FALSE
i008,i005,bonobo,2,Kokoalongo,2019,Kokoalongo__2019,0,218.274722222222,987,8,626,2112,0,1,M,F,2,FALSE,FALSE
i134,i005,bonobo,2,Kokoalongo,2019,Kokoalongo__2019,0,251.136944444444,0,0,1086,2483,6,2,F,F,2,FALSE,FALSE
i012,i126,bonobo,2,Kokoalongo,2019,Kokoalongo__2019,0,325.643888888889,0,0,557,3277,0,1,F,F,2,FALSE,FALSE
i008,i126,bonobo,2,Kokoalongo,2019,Kokoalongo__2019,0,246.684166666667,0,0,351,2757,0,0,M,F,2,FALSE,FALSE
i134,i126,bonobo,2,Kokoalongo,2019,Kokoalongo__2019,0,279.546388888889,0,0,581,3358,2,0,F,F,2,FALSE,FALSE
i008,i012,bonobo,2,Kokoalongo,2019,Kokoalongo__2019,0,278.918611111111,0,2,751,2249,0,0,M,F,2,FALSE,TRUE
i134,i012,bonobo,2,Kokoalongo,2019,Kokoalongo__2019,0,311.780833333333,2634,2,1297,2534,4,2,F,F,2,FALSE,FALSE
i134,i008,bonobo,2,Kokoalongo,2019,Kokoalongo__2019,0,232.821111111111,0,4,762,2343,1,1,F,M,2,FALSE,FALSE
i138,i105,bonobo,3,Ekalakala,2021,Ekalakala__2021,0,385.588055554556,0,2,2074,4067,9,14,F,F,2,FALSE,FALSE
i099,i105,bonobo,3,Ekalakala,2021,Ekalakala__2021,0,340.960555554556,0,2,828,3401,0,0,M,F,2,TRUE,FALSE
i034,i105,bonobo,3,Ekalakala,2021,Ekalakala__2021,0,396.244444439889,2336,5,2151,4003,1,13,F,F,2,TRUE,FALSE
i007,i105,bonobo,3,Ekalakala,2021,Ekalakala__2021,0,410.417777773556,3637,1,1863,4180,2,3,M,F,2,FALSE,FALSE
i016,i105,bonobo,3,Ekalakala,2021,Ekalakala__2021,0,98.3036111111111,1653,2,544,3122,0,0,F,F,2,FALSE,FALSE
i122,i105,bonobo,3,Ekalakala,2021,Ekalakala__2021,0,425.311666664667,1191,2,2010,3896,5,2,M,F,2,TRUE,FALSE
i074,i105,bonobo,3,Ekalakala,2021,Ekalakala__2021,0,395.053611105333,616,6,2108,3893,5,11,F,F,2,FALSE,FALSE
i109,i105,bonobo,3,Ekalakala,2021,Ekalakala__2021,0,358.299999994556,92,0,1980,4283,11,5,F,F,2,TRUE,FALSE
i118,i105,bonobo,3,Ekalakala,2021,Ekalakala__2021,0,411.562777770667,1936,4,1986,3663,4,4,F,F,2,FALSE,FALSE
i031,i105,bonobo,3,Ekalakala,2021,Ekalakala__2021,0,420.607500003222,92,4,2194,3933,0,16,F,F,2,FALSE,FALSE
i099,i138,bonobo,3,Ekalakala,2021,Ekalakala__2021,0,308.250833335333,0,0,847,3733,0,0,M,F,2,FALSE,FALSE
i034,i138,bonobo,3,Ekalakala,2021,Ekalakala__2021,0,363.534722220667,3069,3,2436,4069,2,7,F,F,2,FALSE,TRUE
i007,i138,bonobo,3,Ekalakala,2021,Ekalakala__2021,0,377.708055554333,5254,3,2174,4220,0,1,M,F,2,FALSE,FALSE
i016,i138,bonobo,3,Ekalakala,2021,Ekalakala__2021,0,98.6277777777778,0,3,534,3483,0,0,F,F,2,FALSE,TRUE
i122,i138,bonobo,3,Ekalakala,2021,Ekalakala__2021,0,392.601944445444,0,2,2262,3995,0,1,M,F,2,FALSE,TRUE
i074,i138,bonobo,3,Ekalakala,2021,Ekalakala__2021,0,362.343888886111,18178,0,2292,4060,1,5,F,F,2,FALSE,TRUE
i109,i138,bonobo,3,Ekalakala,2021,Ekalakala__2021,0,325.590277775333,7659,0,2293,4321,12,3,F,F,2,FALSE,TRUE
i118,i138,bonobo,3,Ekalakala,2021,Ekalakala__2021,0,378.853055551444,727,1,1934,4066,2,2,F,F,2,FALSE,TRUE
i031,i138,bonobo,3,Ekalakala,2021,Ekalakala__2021,0,387.897777784,2745,2,2338,4140,0,2,F,F,2,FALSE,TRUE
i034,i099,bonobo,3,Ekalakala,2021,Ekalakala__2021,0,318.907222220667,1690,2,943,3650,0,1,F,M,2,TRUE,FALSE
i007,i099,bonobo,3,Ekalakala,2021,Ekalakala__2021,0,333.080555554333,8390,103,781,3701,1,0,M,M,2,FALSE,FALSE
i016,i099,bonobo,3,Ekalakala,2021,Ekalakala__2021,0,79.2052777777778,0,0,246,1859,0,0,F,M,2,FALSE,FALSE
i122,i099,bonobo,3,Ekalakala,2021,Ekalakala__2021,0,347.974444445444,27643,21,894,3451,26,2,M,M,2,TRUE,FALSE
i074,i099,bonobo,3,Ekalakala,2021,Ekalakala__2021,0,317.716388886111,0,3,846,3594,0,0,F,M,2,FALSE,FALSE
i109,i099,bonobo,3,Ekalakala,2021,Ekalakala__2021,0,280.962777775333,37,2,977,3725,1,0,F,M,2,TRUE,FALSE
i118,i099,bonobo,3,Ekalakala,2021,Ekalakala__2021,0,334.225555551444,503,1,827,3261,0,1,F,M,2,FALSE,FALSE
i031,i099,bonobo,3,Ekalakala,2021,Ekalakala__2021,0,343.270277784,65,0,900,3666,1,0,F,M,2,FALSE,FALSE
i007,i034,bonobo,3,Ekalakala,2021,Ekalakala__2021,0,388.364444439667,11623,3,2192,4215,0,8,M,F,2,FALSE,FALSE
i016,i034,bonobo,3,Ekalakala,2021,Ekalakala__2021,0,114.613888888889,2878,2,583,3447,0,1,F,F,2,FALSE,TRUE
i122,i034,bonobo,3,Ekalakala,2021,Ekalakala__2021,0,403.258333330778,6585,1,2285,3985,0,6,M,F,2,TRUE,TRUE
i074,i034,bonobo,3,Ekalakala,2021,Ekalakala__2021,0,373.000277771444,9569,0,2355,4010,0,5,F,F,2,FALSE,TRUE
i109,i034,bonobo,3,Ekalakala,2021,Ekalakala__2021,0,336.246666660667,18691,0,2327,4300,3,6,F,F,2,TRUE,TRUE
i118,i034,bonobo,3,Ekalakala,2021,Ekalakala__2021,0,389.509444436778,8972,7,2087,3926,0,14,F,F,2,FALSE,TRUE
i031,i034,bonobo,3,Ekalakala,2021,Ekalakala__2021,0,398.554166669333,11375,2,2513,3978,1,9,F,F,2,FALSE,TRUE
i016,i007,bonobo,3,Ekalakala,2021,Ekalakala__2021,0,94.0819444444444,0,0,510,3409,0,0,F,M,2,FALSE,FALSE
i122,i007,bonobo,3,Ekalakala,2021,Ekalakala__2021,0,417.431666664444,6963,52,2022,4137,1,0,M,M,2,FALSE,FALSE
i074,i007,bonobo,3,Ekalakala,2021,Ekalakala__2021,0,387.173611105111,7359,3,2031,4223,1,3,F,M,2,FALSE,FALSE
i109,i007,bonobo,3,Ekalakala,2021,Ekalakala__2021,1,350.419999994333,28230,3,2536,3980,10,3,F,M,2,FALSE,FALSE
i118,i007,bonobo,3,Ekalakala,2021,Ekalakala__2021,0,403.682777770444,1232,6,1790,4112,1,1,F,M,2,FALSE,FALSE
i031,i007,bonobo,3,Ekalakala,2021,Ekalakala__2021,0,412.727500003,1931,1,2105,4275,0,3,F,M,2,FALSE,FALSE
i122,i016,bonobo,3,Ekalakala,2021,Ekalakala__2021,0,107.888333333333,10779,1,524,3258,0,0,M,F,2,FALSE,TRUE
i074,i016,bonobo,3,Ekalakala,2021,Ekalakala__2021,0,93.6797222222222,5816,2,581,3296,0,3,F,F,2,FALSE,TRUE
i109,i016,bonobo,3,Ekalakala,2021,Ekalakala__2021,0,107.888611111111,293,1,447,3692,1,1,F,F,2,FALSE,TRUE
i118,i016,bonobo,3,Ekalakala,2021,Ekalakala__2021,0,110.690277777778,116,1,510,3015,0,0,F,F,2,FALSE,TRUE
i031,i016,bonobo,3,Ekalakala,2021,Ekalakala__2021,0,97.9758333333333,784,2,571,3432,0,0,F,F,2,FALSE,TRUE
i074,i122,bonobo,3,Ekalakala,2021,Ekalakala__2021,0,402.067499996222,5659,1,2214,3903,0,2,F,M,2,FALSE,TRUE
i109,i122,bonobo,3,Ekalakala,2021,Ekalakala__2021,0,365.313888885444,8386,0,2203,4176,2,1,F,M,2,TRUE,TRUE
i118,i122,bonobo,3,Ekalakala,2021,Ekalakala__2021,0,418.576666661556,2203,2,1945,3820,0,2,F,M,2,FALSE,TRUE
i031,i122,bonobo,3,Ekalakala,2021,Ekalakala__2021,0,427.621388894111,14356,1,2223,4020,0,2,F,M,2,FALSE,TRUE
i109,i074,bonobo,3,Ekalakala,2021,Ekalakala__2021,0,335.055833326111,0,0,2131,4343,6,4,F,F,2,FALSE,TRUE
i118,i074,bonobo,3,Ekalakala,2021,Ekalakala__2021,0,388.318611102222,5210,2,2040,3820,1,5,F,F,2,FALSE,TRUE
i031,i074,bonobo,3,Ekalakala,2021,Ekalakala__2021,0,397.363333334778,0,3,2345,3993,0,7,F,F,2,FALSE,TRUE
i118,i109,bonobo,3,Ekalakala,2021,Ekalakala__2021,0,351.564999991444,0,0,1867,4255,3,4,F,F,2,FALSE,TRUE
i031,i109,bonobo,3,Ekalakala,2021,Ekalakala__2021,0,360.609722224,9069,5,2210,4390,1,0,F,F,2,FALSE,TRUE
i031,i118,bonobo,3,Ekalakala,2021,Ekalakala__2021,0,413.872500000111,12794,0,2120,3866,0,7,F,F,2,FALSE,TRUE
i095,i113,bonobo,2,Kokoalongo,2021,Kokoalongo__2021,0,226.402777782,0,1,797,4063,1,0,F,M,2,FALSE,FALSE
i061,i113,bonobo,2,Kokoalongo,2021,Kokoalongo__2021,0,303.689166668,0,2,953,4131,0,0,F,M,2,FALSE,TRUE
i057,i113,bonobo,2,Kokoalongo,2021,Kokoalongo__2021,0,274.921111108111,0,4,967,4218,1,0,F,M,2,FALSE,FALSE
i071,i113,bonobo,2,Kokoalongo,2021,Kokoalongo__2021,0,164.439722230667,0,8,567,3791,0,0,M,M,2,FALSE,TRUE
i033,i113,bonobo,2,Kokoalongo,2021,Kokoalongo__2021,0,242.852777779111,522,8,1956,3713,2,1,M,M,2,FALSE,FALSE
i121,i113,bonobo,2,Kokoalongo,2021,Kokoalongo__2021,0,256.956944448556,0,10,1208,3490,1,0,M,M,2,FALSE,FALSE
i037,i113,bonobo,2,Kokoalongo,2021,Kokoalongo__2021,0,283.762222232444,0,2,1303,4277,2,0,F,M,2,FALSE,TRUE
i044,i113,bonobo,2,Kokoalongo,2021,Kokoalongo__2021,0,285.320555565444,6082,2,1482,4581,1,0,F,M,2,FALSE,FALSE
i041,i113,bonobo,2,Kokoalongo,2021,Kokoalongo__2021,0,277.656388884556,0,1,1133,4188,2,0,F,M,2,FALSE,FALSE
i087,i113,bonobo,2,Kokoalongo,2021,Kokoalongo__2021,0,281.068055556667,0,0,1480,4315,1,0,F,M,2,FALSE,FALSE
i015,i113,bonobo,2,Kokoalongo,2021,Kokoalongo__2021,0,256.616666668556,2123,1,1540,3562,1,1,F,M,2,FALSE,FALSE
i005,i113,bonobo,2,Kokoalongo,2021,Kokoalongo__2021,0,266.987499998111,1324,0,1355,3554,0,2,F,M,2,FALSE,TRUE
i126,i113,bonobo,2,Kokoalongo,2021,Kokoalongo__2021,0,260.579444445667,0,5,1079,4346,0,0,F,M,2,FALSE,TRUE
i012,i113,bonobo,2,Kokoalongo,2021,Kokoalongo__2021,0,277.536666675444,2635,0,1420,3569,0,2,F,M,2,FALSE,TRUE
i134,i113,bonobo,2,Kokoalongo,2021,Kokoalongo__2021,0,265.192222230444,0,1,1480,3555,1,1,F,M,2,FALSE,FALSE
i061,i095,bonobo,2,Kokoalongo,2021,Kokoalongo__2021,0,328.650277772889,5932,0,995,3243,5,11,F,F,2,FALSE,FALSE
i057,i095,bonobo,2,Kokoalongo,2021,Kokoalongo__2021,0,299.882222213,2843,2,1139,3200,2,2,F,F,2,FALSE,FALSE
i071,i095,bonobo,2,Kokoalongo,2021,Kokoalongo__2021,0,189.400833335556,1785,3,701,2811,0,0,M,F,2,FALSE,FALSE
i033,i095,bonobo,2,Kokoalongo,2021,Kokoalongo__2021,0,267.813888884,0,0,893,3930,2,1,M,F,2,FALSE,FALSE
i121,i095,bonobo,2,Kokoalongo,2021,Kokoalongo__2021,0,281.918055553444,0,6,368,3484,0,0,M,F,2,FALSE,FALSE
i037,i095,bonobo,2,Kokoalongo,2021,Kokoalongo__2021,0,308.723333337333,1331,0,1244,3490,2,2,F,F,2,FALSE,FALSE
i044,i095,bonobo,2,Kokoalongo,2021,Kokoalongo__2021,0,310.281666670333,4310,0,1362,3855,8,10,F,F,2,FALSE,FALSE
i041,i095,bonobo,2,Kokoalongo,2021,Kokoalongo__2021,0,302.617499989444,0,0,1124,3351,1,4,F,F,2,FALSE,FALSE
i087,i095,bonobo,2,Kokoalongo,2021,Kokoalongo__2021,0,306.029166661556,1282,1,1120,3829,4,7,F,F,2,FALSE,FALSE
i015,i095,bonobo,2,Kokoalongo,2021,Kokoalongo__2021,0,281.577777773444,19827,1,610,3646,0,1,F,F,2,FALSE,FALSE
i005,i095,bonobo,2,Kokoalongo,2021,Kokoalongo__2021,0,291.948611103,5236,0,433,3630,2,3,F,F,2,FALSE,FALSE
i126,i095,bonobo,2,Kokoalongo,2021,Kokoalongo__2021,0,285.540555550556,0,0,1125,3454,1,6,F,F,2,FALSE,FALSE
i012,i095,bonobo,2,Kokoalongo,2021,Kokoalongo__2021,0,302.497777780333,0,0,491,3652,0,2,F,F,2,FALSE,FALSE
i134,i095,bonobo,2,Kokoalongo,2021,Kokoalongo__2021,0,290.153333335333,0,0,434,3755,2,0,F,F,2,FALSE,FALSE
i057,i061,bonobo,2,Kokoalongo,2021,Kokoalongo__2021,0,377.168611099,0,2,1187,3376,1,2,F,F,2,TRUE,FALSE
i071,i061,bonobo,2,Kokoalongo,2021,Kokoalongo__2021,0,266.687222221556,3497,3,796,2940,0,0,M,F,2,FALSE,TRUE
i033,i061,bonobo,2,Kokoalongo,2021,Kokoalongo__2021,0,345.10027777,6,5,1038,4009,1,0,M,F,2,FALSE,FALSE
i121,i061,bonobo,2,Kokoalongo,2021,Kokoalongo__2021,0,359.204444439444,0,3,495,3581,0,0,M,F,2,TRUE,FALSE
i037,i061,bonobo,2,Kokoalongo,2021,Kokoalongo__2021,0,386.009722223333,0,2,1279,3679,4,4,F,F,2,TRUE,TRUE
i044,i061,bonobo,2,Kokoalongo,2021,Kokoalongo__2021,0,387.568055556333,4,0,1486,3955,5,10,F,F,2,FALSE,FALSE
i041,i061,bonobo,2,Kokoalongo,2021,Kokoalongo__2021,0,379.903888875444,2763,3,1318,3381,2,7,F,F,2,FALSE,FALSE
i087,i061,bonobo,2,Kokoalongo,2021,Kokoalongo__2021,0,383.315555547556,197,3,1214,3959,6,1,F,F,2,FALSE,FALSE
i015,i061,bonobo,2,Kokoalongo,2021,Kokoalongo__2021,0,358.864166659444,0,0,746,3734,1,3,F,F,2,FALSE,FALSE
i005,i061,bonobo,2,Kokoalongo,2021,Kokoalongo__2021,0,369.234999989,0,2,566,3721,1,2,F,F,2,FALSE,TRUE
i126,i061,bonobo,2,Kokoalongo,2021,Kokoalongo__2021,0,362.826944436556,0,1,1233,3570,5,3,F,F,2,TRUE,TRUE
i012,i061,bonobo,2,Kokoalongo,2021,Kokoalongo__2021,0,379.784166666333,0,1,647,3720,0,1,F,F,2,FALSE,TRUE
i134,i061,bonobo,2,Kokoalongo,2021,Kokoalongo__2021,0,367.439722221333,377,0,684,3729,2,1,F,F,2,FALSE,FALSE
i071,i057,bonobo,2,Kokoalongo,2021,Kokoalongo__2021,0,237.919166661667,1968,3,823,3014,0,0,M,F,2,FALSE,FALSE
i033,i057,bonobo,2,Kokoalongo,2021,Kokoalongo__2021,0,316.332222210111,2670,0,1059,4089,1,0,M,F,2,FALSE,FALSE
i121,i057,bonobo,2,Kokoalongo,2021,Kokoalongo__2021,0,330.436388879556,0,4,470,3707,0,0,M,F,2,TRUE,FALSE
i037,i057,bonobo,2,Kokoalongo,2021,Kokoalongo__2021,0,357.241666663444,2647,0,1382,3677,3,2,F,F,2,TRUE,FALSE
i044,i057,bonobo,2,Kokoalongo,2021,Kokoalongo__2021,0,358.799999996444,536,1,1629,3913,7,0,F,F,2,FALSE,FALSE
i041,i057,bonobo,2,Kokoalongo,2021,Kokoalongo__2021,0,351.135833315556,0,0,1242,3558,1,0,F,F,2,FALSE,FALSE
i087,i057,bonobo,2,Kokoalongo,2021,Kokoalongo__2021,0,354.547499987667,0,3,1367,3907,3,2,F,F,2,FALSE,FALSE
i015,i057,bonobo,2,Kokoalongo,2021,Kokoalongo__2021,0,330.096111099556,6,0,776,3805,0,1,F,F,2,FALSE,FALSE
i005,i057,bonobo,2,Kokoalongo,2021,Kokoalongo__2021,0,340.466944429111,1432,0,585,3803,2,0,F,F,2,FALSE,FALSE
i126,i057,bonobo,2,Kokoalongo,2021,Kokoalongo__2021,0,334.058888876667,873,1,1296,3608,2,0,F,F,2,TRUE,FALSE
i012,i057,bonobo,2,Kokoalongo,2021,Kokoalongo__2021,0,351.016111106444,1906,0,567,3901,0,0,F,F,2,FALSE,FALSE
i134,i057,bonobo,2,Kokoalongo,2021,Kokoalongo__2021,0,338.671666661444,618,0,597,3917,0,0,F,F,2,FALSE,FALSE
i033,i071,bonobo,2,Kokoalongo,2021,Kokoalongo__2021,0,205.850833332667,0,35,646,3675,1,0,M,M,2,FALSE,FALSE
i121,i071,bonobo,2,Kokoalongo,2021,Kokoalongo__2021,0,219.955000002111,0,3,289,3061,0,0,M,M,2,FALSE,FALSE
i037,i071,bonobo,2,Kokoalongo,2021,Kokoalongo__2021,0,246.760277786,0,1,904,3328,0,0,F,M,2,FALSE,TRUE
i044,i071,bonobo,2,Kokoalongo,2021,Kokoalongo__2021,0,248.318611119,0,6,1068,3647,0,0,F,M,2,FALSE,FALSE
i041,i071,bonobo,2,Kokoalongo,2021,Kokoalongo__2021,0,240.654444438111,1497,12,863,3110,0,0,F,M,2,FALSE,FALSE
i087,i071,bonobo,2,Kokoalongo,2021,Kokoalongo__2021,0,244.066111110222,2484,2,865,3582,0,1,F,M,2,FALSE,FALSE
i015,i071,bonobo,2,Kokoalongo,2021,Kokoalongo__2021,0,219.614722222111,0,1,491,3263,0,0,F,M,2,FALSE,FALSE
i005,i071,bonobo,2,Kokoalongo,2021,Kokoalongo__2021,0,229.985555551667,0,5,385,3176,0,0,F,M,2,FALSE,TRUE
i126,i071,bonobo,2,Kokoalongo,2021,Kokoalongo__2021,0,223.577499999222,0,3,841,3236,0,0,F,M,2,FALSE,TRUE
i012,i071,bonobo,2,Kokoalongo,2021,Kokoalongo__2021,0,240.534722229,0,3,404,3237,0,0,F,M,2,FALSE,TRUE
i134,i071,bonobo,2,Kokoalongo,2021,Kokoalongo__2021,0,228.190277784,0,2,429,3258,0,0,F,M,2,FALSE,FALSE
i121,i033,bonobo,2,Kokoalongo,2021,Kokoalongo__2021,0,298.368055550556,0,26,1033,3628,0,0,M,M,2,FALSE,FALSE
i037,i033,bonobo,2,Kokoalongo,2021,Kokoalongo__2021,0,325.173333334444,0,3,1394,4149,7,0,F,M,2,FALSE,FALSE
i044,i033,bonobo,2,Kokoalongo,2021,Kokoalongo__2021,0,326.731666667444,9,4,1574,4452,3,0,F,M,2,FALSE,FALSE
i041,i033,bonobo,2,Kokoalongo,2021,Kokoalongo__2021,0,319.067499986556,0,1,1177,4107,1,0,F,M,2,FALSE,FALSE
i087,i033,bonobo,2,Kokoalongo,2021,Kokoalongo__2021,0,322.479166658667,7397,4,1692,4066,1,0,F,M,2,FALSE,FALSE
i015,i033,bonobo,2,Kokoalongo,2021,Kokoalongo__2021,0,298.027777770556,3491,0,1474,3591,0,0,F,M,2,FALSE,FALSE
i005,i033,bonobo,2,Kokoalongo,2021,Kokoalongo__2021,0,308.398611100111,1387,1,1173,3699,1,0,F,M,2,FALSE,FALSE
i126,i033,bonobo,2,Kokoalongo,2021,Kokoalongo__2021,0,301.990555547667,0,7,1181,4207,1,1,F,M,2,FALSE,FALSE
i012,i033,bonobo,2,Kokoalongo,2021,Kokoalongo__2021,0,318.947777777444,0,0,1270,3682,0,0,F,M,2,FALSE,FALSE
i134,i033,bonobo,2,Kokoalongo,2021,Kokoalongo__2021,0,306.603333332444,388,0,1390,3608,1,0,F,M,2,FALSE,FALSE
i037,i121,bonobo,2,Kokoalongo,2021,Kokoalongo__2021,0,339.277500003889,0,5,684,3888,0,0,F,M,2,TRUE,FALSE
i044,i121,bonobo,2,Kokoalongo,2021,Kokoalongo__2021,0,340.835833336889,0,6,715,4340,0,0,F,M,2,FALSE,FALSE
i041,i121,bonobo,2,Kokoalongo,2021,Kokoalongo__2021,0,333.171666656,0,1,569,3744,0,0,F,M,2,FALSE,FALSE
i087,i121,bonobo,2,Kokoalongo,2021,Kokoalongo__2021,0,336.583333328111,0,5,814,3973,1,0,F,M,2,FALSE,FALSE
i015,i121,bonobo,2,Kokoalongo,2021,Kokoalongo__2021,0,312.13194444,390,1,975,3119,0,0,F,M,2,FALSE,FALSE
i005,i121,bonobo,2,Kokoalongo,2021,Kokoalongo__2021,1,322.502777769556,26611,1,1214,2687,1,1,F,M,2,FALSE,FALSE
i126,i121,bonobo,2,Kokoalongo,2021,Kokoalongo__2021,0,316.094722217111,0,10,540,3877,0,0,F,M,2,TRUE,FALSE
i012,i121,bonobo,2,Kokoalongo,2021,Kokoalongo__2021,0,333.051944446889,0,17,1100,2881,0,0,F,M,2,FALSE,FALSE
i134,i121,bonobo,2,Kokoalongo,2021,Kokoalongo__2021,0,320.707500001889,721,15,1059,2968,0,0,F,M,2,FALSE,FALSE
i044,i037,bonobo,2,Kokoalongo,2021,Kokoalongo__2021,0,367.641111120778,3823,2,1926,4011,11,1,F,F,2,FALSE,FALSE
i041,i037,bonobo,2,Kokoalongo,2021,Kokoalongo__2021,0,359.976944439889,977,3,1572,3623,5,7,F,F,2,FALSE,FALSE
i087,i037,bonobo,2,Kokoalongo,2021,Kokoalongo__2021,0,363.388611112,0,0,1675,3994,7,1,F,F,2,FALSE,FALSE
i015,i037,bonobo,2,Kokoalongo,2021,Kokoalongo__2021,0,338.937222223889,1070,0,912,4064,2,1,F,F,2,FALSE,FALSE
i005,i037,bonobo,2,Kokoalongo,2021,Kokoalongo__2021,0,349.308055553444,0,0,798,3985,1,0,F,F,2,FALSE,TRUE
i126,i037,bonobo,2,Kokoalongo,2021,Kokoalongo__2021,0,342.900000001,0,4,1456,3843,4,0,F,F,2,TRUE,TRUE
i012,i037,bonobo,2,Kokoalongo,2021,Kokoalongo__2021,0,359.857222230778,0,0,808,4055,1,0,F,F,2,FALSE,TRUE
i134,i037,bonobo,2,Kokoalongo,2021,Kokoalongo__2021,0,347.512777785778,0,0,842,4067,7,1,F,F,2,FALSE,FALSE
i041,i044,bonobo,2,Kokoalongo,2021,Kokoalongo__2021,0,361.535277772889,579,4,1746,3932,4,2,F,F,2,FALSE,FALSE
i087,i044,bonobo,2,Kokoalongo,2021,Kokoalongo__2021,0,364.946944445,2801,2,1984,4168,2,1,F,F,2,FALSE,FALSE
i015,i044,bonobo,2,Kokoalongo,2021,Kokoalongo__2021,0,340.495555556889,2050,1,1082,4377,1,0,F,F,2,FALSE,FALSE
i005,i044,bonobo,2,Kokoalongo,2021,Kokoalongo__2021,0,350.866388886444,0,1,845,4421,4,1,F,F,2,FALSE,FALSE
i126,i044,bonobo,2,Kokoalongo,2021,Kokoalongo__2021,0,344.458333334,181,0,1734,4048,3,5,F,F,2,FALSE,FALSE
i012,i044,bonobo,2,Kokoalongo,2021,Kokoalongo__2021,0,361.415555563778,0,0,889,4457,2,1,F,F,2,FALSE,FALSE
i134,i044,bonobo,2,Kokoalongo,2021,Kokoalongo__2021,0,349.071111118778,7068,0,959,4433,7,0,F,F,2,FALSE,FALSE
i087,i041,bonobo,2,Kokoalongo,2021,Kokoalongo__2021,0,357.282777764111,0,0,1368,4042,1,4,F,F,2,FALSE,FALSE
i015,i041,bonobo,2,Kokoalongo,2021,Kokoalongo__2021,0,332.831388876,402,0,862,3855,4,3,F,F,2,FALSE,FALSE
i005,i041,bonobo,2,Kokoalongo,2021,Kokoalongo__2021,0,343.202222205556,0,0,654,3870,0,1,F,F,2,FALSE,FALSE
i126,i041,bonobo,2,Kokoalongo,2021,Kokoalongo__2021,0,336.794166653111,78,1,1380,3660,0,2,F,F,2,FALSE,FALSE
i012,i041,bonobo,2,Kokoalongo,2021,Kokoalongo__2021,0,353.751388882889,0,0,684,3920,1,1,F,F,2,FALSE,FALSE
i134,i041,bonobo,2,Kokoalongo,2021,Kokoalongo__2021,0,341.406944437889,1924,0,676,3974,0,0,F,F,2,FALSE,FALSE
i015,i087,bonobo,2,Kokoalongo,2021,Kokoalongo__2021,0,336.243055548111,6359,3,1071,4120,1,3,F,F,2,FALSE,FALSE
i005,i087,bonobo,2,Kokoalongo,2021,Kokoalongo__2021,0,346.613888877667,12822,0,901,4097,0,4,F,F,2,FALSE,FALSE
i126,i087,bonobo,2,Kokoalongo,2021,Kokoalongo__2021,0,340.205833325222,1044,4,1442,4072,2,1,F,F,2,FALSE,FALSE
i012,i087,bonobo,2,Kokoalongo,2021,Kokoalongo__2021,0,357.163055555,2473,7,918,4160,0,2,F,F,2,FALSE,FALSE
i134,i087,bonobo,2,Kokoalongo,2021,Kokoalongo__2021,0,344.81861111,2129,6,1034,4090,3,4,F,F,2,FALSE,FALSE
i005,i015,bonobo,2,Kokoalongo,2021,Kokoalongo__2021,0,322.162499989556,5263,0,1156,3149,4,5,F,F,2,FALSE,FALSE
i126,i015,bonobo,2,Kokoalongo,2021,Kokoalongo__2021,0,315.754444437111,0,0,800,4021,1,0,F,F,2,FALSE,FALSE
i012,i015,bonobo,2,Kokoalongo,2021,Kokoalongo__2021,0,332.711666666889,4908,1,1150,3235,3,2,F,F,2,FALSE,FALSE
i134,i015,bonobo,2,Kokoalongo,2021,Kokoalongo__2021,0,320.367222221889,10671,0,1169,3262,2,1,F,F,2,FALSE,FALSE
i126,i005,bonobo,2,Kokoalongo,2021,Kokoalongo__2021,0,326.125277766667,0,0,639,3989,0,1,F,F,2,FALSE,TRUE
i012,i005,bonobo,2,Kokoalongo,2021,Kokoalongo__2021,0,343.082499996444,0,6,1199,2993,1,2,F,F,2,FALSE,TRUE
i134,i005,bonobo,2,Kokoalongo,2021,Kokoalongo__2021,0,330.738055551444,404,0,1164,3074,1,1,F,F,2,FALSE,FALSE
i012,i126,bonobo,2,Kokoalongo,2021,Kokoalongo__2021,0,336.674444444,0,3,715,3993,0,2,F,F,2,FALSE,TRUE
i134,i126,bonobo,2,Kokoalongo,2021,Kokoalongo__2021,0,324.329999999,947,0,728,4026,1,0,F,F,2,FALSE,FALSE
i134,i012,bonobo,2,Kokoalongo,2021,Kokoalongo__2021,0,341.287222228778,137,2,1346,2972,1,2,F,F,2,FALSE,FALSE
i138,i105,bonobo,3,Ekalakala,2022,Ekalakala__2022,0,389.388333324,306,4,2796,4924,0,8,F,F,2,FALSE,TRUE
i099,i105,bonobo,3,Ekalakala,2022,Ekalakala__2022,0,304.405555562,2399,1,1479,4445,0,2,M,F,2,FALSE,FALSE
i034,i105,bonobo,3,Ekalakala,2022,Ekalakala__2022,0,356.77861112,2528,1,2581,4907,0,5,F,F,2,FALSE,TRUE
i007,i105,bonobo,3,Ekalakala,2022,Ekalakala__2022,0,379.294444468,0,0,2972,5260,0,2,M,F,2,FALSE,TRUE
i122,i105,bonobo,3,Ekalakala,2022,Ekalakala__2022,0,229.046111134,422,0,945,3995,0,3,M,F,2,FALSE,TRUE
i074,i105,bonobo,3,Ekalakala,2022,Ekalakala__2022,0,413.167500054,3633,3,2976,4953,0,7,F,F,2,FALSE,TRUE
i109,i105,bonobo,3,Ekalakala,2022,Ekalakala__2022,0,409.788611135,0,0,2688,5158,2,4,F,F,2,FALSE,FALSE
i118,i105,bonobo,3,Ekalakala,2022,Ekalakala__2022,0,383.088333329,94,0,2531,4827,0,2,F,F,2,FALSE,TRUE
i031,i105,bonobo,3,Ekalakala,2022,Ekalakala__2022,0,378.614166703,492,1,2722,4951,0,11,F,F,2,FALSE,FALSE
i098,i105,bonobo,3,Ekalakala,2022,Ekalakala__2022,0,230.611666677,0,6,2691,4856,0,3,F,F,2,FALSE,TRUE
i099,i138,bonobo,3,Ekalakala,2022,Ekalakala__2022,0,324.28166663,0,0,1655,4593,0,0,M,F,2,TRUE,FALSE
i034,i138,bonobo,3,Ekalakala,2022,Ekalakala__2022,0,376.654722188,2137,3,2828,4984,0,5,F,F,2,FALSE,TRUE
i007,i138,bonobo,3,Ekalakala,2022,Ekalakala__2022,0,399.170555536,6506,1,3224,5332,0,1,M,F,2,FALSE,TRUE
i122,i138,bonobo,3,Ekalakala,2022,Ekalakala__2022,0,248.922222202,0,0,1005,4259,0,1,M,F,2,TRUE,TRUE
i074,i138,bonobo,3,Ekalakala,2022,Ekalakala__2022,0,433.043611122,15938,1,3113,5140,0,8,F,F,2,FALSE,TRUE
i109,i138,bonobo,3,Ekalakala,2022,Ekalakala__2022,0,429.664722203,13441,1,2866,5304,0,3,F,F,2,TRUE,FALSE
i118,i138,bonobo,3,Ekalakala,2022,Ekalakala__2022,0,402.964444397,781,0,2743,4939,0,5,F,F,2,TRUE,TRUE
i031,i138,bonobo,3,Ekalakala,2022,Ekalakala__2022,0,398.490277771,1456,2,2854,5143,2,6,F,F,2,FALSE,FALSE
i098,i138,bonobo,3,Ekalakala,2022,Ekalakala__2022,0,250.487777745,0,0,2911,4960,0,1,F,F,2,FALSE,TRUE
i034,i099,bonobo,3,Ekalakala,2022,Ekalakala__2022,0,291.671944426,7623,1,1451,4565,0,1,F,M,2,FALSE,FALSE
i007,i099,bonobo,3,Ekalakala,2022,Ekalakala__2022,0,314.187777774,0,51,1806,4954,0,0,M,M,2,FALSE,FALSE
i122,i099,bonobo,3,Ekalakala,2022,Ekalakala__2022,0,163.93944444,3551,0,233,3235,0,1,M,M,2,TRUE,FALSE
i074,i099,bonobo,3,Ekalakala,2022,Ekalakala__2022,0,348.06083336,10323,0,1648,4809,0,0,F,M,2,FALSE,FALSE
i109,i099,bonobo,3,Ekalakala,2022,Ekalakala__2022,0,344.681944441,0,0,1635,4739,0,0,F,M,2,TRUE,FALSE
i118,i099,bonobo,3,Ekalakala,2022,Ekalakala__2022,0,317.981666635,5,0,1339,4547,0,1,F,M,2,TRUE,FALSE
i031,i099,bonobo,3,Ekalakala,2022,Ekalakala__2022,0,313.507500009,0,0,1498,4703,0,0,F,M,2,FALSE,FALSE
i098,i099,bonobo,3,Ekalakala,2022,Ekalakala__2022,0,165.504999983,998,0,1525,4550,0,0,F,M,2,FALSE,FALSE
i007,i034,bonobo,3,Ekalakala,2022,Ekalakala__2022,0,366.560833332,19084,0,3051,5273,0,3,M,F,2,FALSE,TRUE
i122,i034,bonobo,3,Ekalakala,2022,Ekalakala__2022,0,216.312499998,35,0,998,4034,0,1,M,F,2,FALSE,TRUE
i074,i034,bonobo,3,Ekalakala,2022,Ekalakala__2022,0,400.433888918,10089,0,2933,5088,0,6,F,F,2,FALSE,TRUE
i109,i034,bonobo,3,Ekalakala,2022,Ekalakala__2022,0,397.054999999,4303,0,2729,5209,1,4,F,F,2,FALSE,FALSE
i118,i034,bonobo,3,Ekalakala,2022,Ekalakala__2022,0,370.354722193,2310,1,2736,4714,1,3,F,F,2,FALSE,TRUE
i031,i034,bonobo,3,Ekalakala,2022,Ekalakala__2022,0,365.880555567,13202,1,2919,4846,1,9,F,F,2,FALSE,FALSE
i098,i034,bonobo,3,Ekalakala,2022,Ekalakala__2022,0,217.878055541,1400,5,2831,4808,0,1,F,F,2,FALSE,TRUE
i122,i007,bonobo,3,Ekalakala,2022,Ekalakala__2022,0,238.828333346,7288,2,953,4823,0,0,M,M,2,FALSE,TRUE
i074,i007,bonobo,3,Ekalakala,2022,Ekalakala__2022,0,422.949722266,23677,0,3442,5323,0,5,F,M,2,FALSE,TRUE
i109,i007,bonobo,3,Ekalakala,2022,Ekalakala__2022,1,419.570833347,12567,0,3586,5096,1,0,F,M,2,FALSE,FALSE
i118,i007,bonobo,3,Ekalakala,2022,Ekalakala__2022,0,392.870555541,2719,1,2925,5269,1,1,F,M,2,FALSE,TRUE
i031,i007,bonobo,3,Ekalakala,2022,Ekalakala__2022,0,388.396388915,11480,1,3215,5294,0,1,F,M,2,FALSE,FALSE
i098,i007,bonobo,3,Ekalakala,2022,Ekalakala__2022,0,240.393888889,529,2,3197,5186,0,2,F,M,2,FALSE,TRUE
i074,i122,bonobo,3,Ekalakala,2022,Ekalakala__2022,0,272.701388932,2547,0,987,4486,0,1,F,M,2,FALSE,TRUE
i109,i122,bonobo,3,Ekalakala,2022,Ekalakala__2022,0,269.322500013,0,0,886,4504,0,0,F,M,2,TRUE,FALSE
i118,i122,bonobo,3,Ekalakala,2022,Ekalakala__2022,0,242.622222207,90,0,942,3960,0,0,F,M,2,TRUE,TRUE
i031,i122,bonobo,3,Ekalakala,2022,Ekalakala__2022,0,238.148055581,2337,0,1007,4210,0,1,F,M,2,FALSE,FALSE
i098,i122,bonobo,3,Ekalakala,2022,Ekalakala__2022,0,90.145555555,0,0,946,4145,0,0,F,M,2,FALSE,TRUE
i109,i074,bonobo,3,Ekalakala,2022,Ekalakala__2022,0,453.443888933,8309,1,3138,5241,1,6,F,F,2,FALSE,FALSE
i118,i074,bonobo,3,Ekalakala,2022,Ekalakala__2022,0,426.743611127,3691,1,2866,5025,0,5,F,F,2,FALSE,TRUE
i031,i074,bonobo,3,Ekalakala,2022,Ekalakala__2022,0,422.269444501,2994,1,3079,5127,0,8,F,F,2,FALSE,FALSE
i098,i074,bonobo,3,Ekalakala,2022,Ekalakala__2022,0,274.266944475,0,2,3111,4969,0,1,F,F,2,FALSE,TRUE
i118,i109,bonobo,3,Ekalakala,2022,Ekalakala__2022,0,423.364722208,0,1,2552,5256,1,3,F,F,2,TRUE,FALSE
i031,i109,bonobo,3,Ekalakala,2022,Ekalakala__2022,0,418.890555582,10966,1,2901,5222,1,4,F,F,2,FALSE,FALSE
i098,i109,bonobo,3,Ekalakala,2022,Ekalakala__2022,0,270.888055556,5039,0,2946,5051,0,2,F,F,2,FALSE,FALSE
i031,i118,bonobo,3,Ekalakala,2022,Ekalakala__2022,0,392.190277776,9247,1,2828,4807,1,4,F,F,2,FALSE,FALSE
i098,i118,bonobo,3,Ekalakala,2022,Ekalakala__2022,0,244.18777775,3524,3,2748,4761,0,2,F,F,2,FALSE,TRUE
i098,i031,bonobo,3,Ekalakala,2022,Ekalakala__2022,0,239.713611124,0,0,2996,4828,0,2,F,F,2,FALSE,FALSE
i095,i113,bonobo,2,Kokoalongo,2022,Kokoalongo__2022,0,452.860277766,1702,1,937,4770,0,0,F,M,2,FALSE,FALSE
i061,i113,bonobo,2,Kokoalongo,2022,Kokoalongo__2022,0,388.236944437,0,2,1170,4531,0,0,F,M,2,FALSE,FALSE
i057,i113,bonobo,2,Kokoalongo,2022,Kokoalongo__2022,0,341.739722214,0,0,817,4429,0,0,F,M,2,FALSE,FALSE
i071,i113,bonobo,2,Kokoalongo,2022,Kokoalongo__2022,0,257.085277771,0,1,699,4218,0,0,M,M,2,FALSE,FALSE
i033,i113,bonobo,2,Kokoalongo,2022,Kokoalongo__2022,0,358.294166657,11308,13,2222,3862,0,0,M,M,2,FALSE,FALSE
i121,i113,bonobo,2,Kokoalongo,2022,Kokoalongo__2022,0,368.433055533,0,12,1650,3883,0,1,M,M,2,FALSE,FALSE
i037,i113,bonobo,2,Kokoalongo,2022,Kokoalongo__2022,0,388.136111103,0,0,1362,4958,0,0,F,M,2,FALSE,FALSE
i044,i113,bonobo,2,Kokoalongo,2022,Kokoalongo__2022,0,397.079999998,0,0,1365,5144,0,1,F,M,2,FALSE,FALSE
i041,i113,bonobo,2,Kokoalongo,2022,Kokoalongo__2022,0,336.36472221,0,1,1504,4558,0,1,F,M,2,FALSE,FALSE
i087,i113,bonobo,2,Kokoalongo,2022,Kokoalongo__2022,0,389.02194441,0,1,1340,4267,0,1,F,M,2,FALSE,FALSE
i015,i113,bonobo,2,Kokoalongo,2022,Kokoalongo__2022,0,376.124999993,0,0,2241,3972,0,3,F,M,2,FALSE,FALSE
i005,i113,bonobo,2,Kokoalongo,2022,Kokoalongo__2022,0,385.648333314,359,0,1448,3843,0,0,F,M,2,FALSE,FALSE
i126,i113,bonobo,2,Kokoalongo,2022,Kokoalongo__2022,0,388.754166659,0,0,971,4652,0,0,F,M,2,FALSE,FALSE
i012,i113,bonobo,2,Kokoalongo,2022,Kokoalongo__2022,0,341.680555558,2204,2,1736,3882,1,0,F,M,2,FALSE,FALSE
i134,i113,bonobo,2,Kokoalongo,2022,Kokoalongo__2022,0,311.572222213,3989,0,1294,3659,0,1,F,M,2,FALSE,FALSE
i119,i113,bonobo,2,Kokoalongo,2022,Kokoalongo__2022,0,321.846666658,0,2,1375,4947,1,0,M,M,2,FALSE,FALSE
i021,i113,bonobo,2,Kokoalongo,2022,Kokoalongo__2022,0,309.825277781,0,1,1528,4552,0,1,M,M,2,FALSE,FALSE
i061,i095,bonobo,2,Kokoalongo,2022,Kokoalongo__2022,0,405.934444439,113,0,1088,3704,1,7,F,F,2,FALSE,TRUE
i057,i095,bonobo,2,Kokoalongo,2022,Kokoalongo__2022,0,359.437222216,0,2,1064,3273,1,4,F,F,2,FALSE,TRUE
i071,i095,bonobo,2,Kokoalongo,2022,Kokoalongo__2022,0,274.782777773,1895,0,744,3264,0,0,M,F,2,FALSE,FALSE
i033,i095,bonobo,2,Kokoalongo,2022,Kokoalongo__2022,0,375.991666659,0,1,685,4490,0,0,M,F,2,FALSE,FALSE
i121,i095,bonobo,2,Kokoalongo,2022,Kokoalongo__2022,0,386.130555535,0,0,609,4015,0,0,M,F,2,FALSE,FALSE
i037,i095,bonobo,2,Kokoalongo,2022,Kokoalongo__2022,0,405.833611105,0,0,1501,3910,6,2,F,F,2,FALSE,FALSE
i044,i095,bonobo,2,Kokoalongo,2022,Kokoalongo__2022,0,414.7775,0,1,1467,4133,2,5,F,F,2,FALSE,TRUE
i041,i095,bonobo,2,Kokoalongo,2022,Kokoalongo__2022,0,354.062222212,133,0,1158,3995,1,2,F,F,2,FALSE,FALSE
i087,i095,bonobo,2,Kokoalongo,2022,Kokoalongo__2022,0,406.719444412,7878,0,1065,3633,3,1,F,F,2,FALSE,FALSE
i015,i095,bonobo,2,Kokoalongo,2022,Kokoalongo__2022,0,393.822499995,4078,0,757,4547,4,0,F,F,2,FALSE,FALSE
i005,i095,bonobo,2,Kokoalongo,2022,Kokoalongo__2022,0,403.345833316,0,0,551,3831,2,0,F,F,2,FALSE,TRUE
i126,i095,bonobo,2,Kokoalongo,2022,Kokoalongo__2022,0,406.451666661,0,0,1347,3367,1,3,F,F,2,FALSE,FALSE
i012,i095,bonobo,2,Kokoalongo,2022,Kokoalongo__2022,0,359.37805556,0,0,611,4098,1,2,F,F,2,FALSE,TRUE
i134,i095,bonobo,2,Kokoalongo,2022,Kokoalongo__2022,0,329.269722215,2045,0,407,3637,0,0,F,F,2,FALSE,TRUE
i119,i095,bonobo,2,Kokoalongo,2022,Kokoalongo__2022,0,339.54416666,1505,4,1410,4003,0,1,M,F,2,FALSE,FALSE
i021,i095,bonobo,2,Kokoalongo,2022,Kokoalongo__2022,0,327.522777783,0,1,1181,3990,0,0,M,F,2,FALSE,TRUE
i057,i061,bonobo,2,Kokoalongo,2022,Kokoalongo__2022,0,294.813888887,0,0,920,3411,1,1,F,F,2,TRUE,TRUE
i071,i061,bonobo,2,Kokoalongo,2022,Kokoalongo__2022,0,210.159444444,0,0,941,3061,0,0,M,F,2,TRUE,FALSE
i033,i061,bonobo,2,Kokoalongo,2022,Kokoalongo__2022,0,311.36833333,0,1,903,4266,0,0,M,F,2,TRUE,FALSE
i121,i061,bonobo,2,Kokoalongo,2022,Kokoalongo__2022,0,321.507222206,0,2,771,3847,0,0,M,F,2,FALSE,FALSE
i037,i061,bonobo,2,Kokoalongo,2022,Kokoalongo__2022,0,341.210277776,0,0,1543,3862,1,1,F,F,2,FALSE,FALSE
i044,i061,bonobo,2,Kokoalongo,2022,Kokoalongo__2022,0,350.154166671,0,1,1496,4098,0,2,F,F,2,TRUE,TRUE
i041,i061,bonobo,2,Kokoalongo,2022,Kokoalongo__2022,0,289.438888883,0,1,1356,3791,1,1,F,F,2,FALSE,FALSE
i087,i061,bonobo,2,Kokoalongo,2022,Kokoalongo__2022,0,342.096111083,1276,0,1123,3569,1,1,F,F,2,FALSE,FALSE
i015,i061,bonobo,2,Kokoalongo,2022,Kokoalongo__2022,0,329.199166666,257,0,1052,4246,0,4,F,F,2,FALSE,FALSE
i005,i061,bonobo,2,Kokoalongo,2022,Kokoalongo__2022,0,338.722499987,0,0,701,3675,0,0,F,F,2,FALSE,TRUE
i126,i061,bonobo,2,Kokoalongo,2022,Kokoalongo__2022,0,341.828333332,648,0,1053,3655,1,0,F,F,2,FALSE,FALSE
i012,i061,bonobo,2,Kokoalongo,2022,Kokoalongo__2022,0,294.754722231,3108,1,704,3999,1,0,F,F,2,FALSE,TRUE
i134,i061,bonobo,2,Kokoalongo,2022,Kokoalongo__2022,0,264.646388886,0,0,558,3480,0,4,F,F,2,FALSE,TRUE
i119,i061,bonobo,2,Kokoalongo,2022,Kokoalongo__2022,0,274.920833331,0,3,1497,3910,0,0,M,F,2,FALSE,FALSE
i021,i061,bonobo,2,Kokoalongo,2022,Kokoalongo__2022,0,262.899444454,0,3,1378,3787,0,0,M,F,2,FALSE,TRUE
i071,i057,bonobo,2,Kokoalongo,2022,Kokoalongo__2022,0,163.662222221,1710,0,676,2871,0,0,M,F,2,TRUE,FALSE
i033,i057,bonobo,2,Kokoalongo,2022,Kokoalongo__2022,0,264.871111107,0,0,616,4098,0,0,M,F,2,TRUE,FALSE
i121,i057,bonobo,2,Kokoalongo,2022,Kokoalongo__2022,0,275.009999983,0,0,574,3589,0,0,M,F,2,FALSE,FALSE
i037,i057,bonobo,2,Kokoalongo,2022,Kokoalongo__2022,0,294.713055553,0,0,1256,3694,1,2,F,F,2,FALSE,FALSE
i044,i057,bonobo,2,Kokoalongo,2022,Kokoalongo__2022,0,303.656944448,0,1,1277,3862,1,2,F,F,2,TRUE,TRUE
i041,i057,bonobo,2,Kokoalongo,2022,Kokoalongo__2022,0,242.94166666,0,0,989,3703,0,0,F,F,2,FALSE,FALSE
i087,i057,bonobo,2,Kokoalongo,2022,Kokoalongo__2022,0,295.59888886,2113,0,915,3322,1,0,F,F,2,FALSE,FALSE
i015,i057,bonobo,2,Kokoalongo,2022,Kokoalongo__2022,0,282.701944443,5767,0,714,4129,0,0,F,F,2,FALSE,FALSE
i005,i057,bonobo,2,Kokoalongo,2022,Kokoalongo__2022,0,292.225277764,0,0,462,3459,1,0,F,F,2,FALSE,TRUE
i126,i057,bonobo,2,Kokoalongo,2022,Kokoalongo__2022,0,295.331111109,60,0,988,3265,1,2,F,F,2,FALSE,FALSE
i012,i057,bonobo,2,Kokoalongo,2022,Kokoalongo__2022,0,248.257500008,0,0,457,3791,2,0,F,F,2,FALSE,TRUE
i134,i057,bonobo,2,Kokoalongo,2022,Kokoalongo__2022,0,218.149166663,0,0,392,3191,0,0,F,F,2,FALSE,TRUE
i119,i057,bonobo,2,Kokoalongo,2022,Kokoalongo__2022,0,228.423611108,0,8,1218,3734,0,0,M,F,2,FALSE,FALSE
i021,i057,bonobo,2,Kokoalongo,2022,Kokoalongo__2022,0,216.402222231,0,0,1019,3691,0,0,M,F,2,FALSE,TRUE
i033,i071,bonobo,2,Kokoalongo,2022,Kokoalongo__2022,0,180.216666664,2680,1,505,3880,0,0,M,M,2,TRUE,FALSE
i121,i071,bonobo,2,Kokoalongo,2022,Kokoalongo__2022,0,190.35555554,0,2,498,3336,0,0,M,M,2,FALSE,FALSE
i037,i071,bonobo,2,Kokoalongo,2022,Kokoalongo__2022,0,210.05861111,0,1,1103,3518,0,0,F,M,2,FALSE,FALSE
i044,i071,bonobo,2,Kokoalongo,2022,Kokoalongo__2022,0,219.002500005,0,0,1132,3678,0,0,F,M,2,TRUE,FALSE
i041,i071,bonobo,2,Kokoalongo,2022,Kokoalongo__2022,0,158.287222217,0,1,919,3444,0,0,F,M,2,FALSE,FALSE
i087,i071,bonobo,2,Kokoalongo,2022,Kokoalongo__2022,0,210.944444417,197,1,744,3164,0,0,F,M,2,FALSE,FALSE
i015,i071,bonobo,2,Kokoalongo,2022,Kokoalongo__2022,0,198.0475,0,0,625,3889,0,0,F,M,2,FALSE,FALSE
i005,i071,bonobo,2,Kokoalongo,2022,Kokoalongo__2022,0,207.570833321,0,0,521,3071,0,0,F,M,2,FALSE,FALSE
i126,i071,bonobo,2,Kokoalongo,2022,Kokoalongo__2022,0,210.676666666,0,0,822,3102,0,0,F,M,2,FALSE,FALSE
i012,i071,bonobo,2,Kokoalongo,2022,Kokoalongo__2022,0,163.603055565,0,1,433,3486,0,0,F,M,2,FALSE,FALSE
i134,i071,bonobo,2,Kokoalongo,2022,Kokoalongo__2022,0,133.49472222,0,0,344,2910,0,0,F,M,2,FALSE,FALSE
i119,i071,bonobo,2,Kokoalongo,2022,Kokoalongo__2022,0,143.769166665,3337,2,1080,3543,0,0,M,M,2,FALSE,FALSE
i021,i071,bonobo,2,Kokoalongo,2022,Kokoalongo__2022,0,131.747777788,0,0,954,3427,0,0,M,M,2,FALSE,FALSE
i121,i033,bonobo,2,Kokoalongo,2022,Kokoalongo__2022,0,291.564444426,11,14,1456,3545,0,0,M,M,2,FALSE,FALSE
i037,i033,bonobo,2,Kokoalongo,2022,Kokoalongo__2022,0,311.267499996,0,0,1036,4752,3,0,F,M,2,FALSE,FALSE
i044,i033,bonobo,2,Kokoalongo,2022,Kokoalongo__2022,0,320.211388891,5277,0,1062,4915,0,0,F,M,2,TRUE,FALSE
i041,i033,bonobo,2,Kokoalongo,2022,Kokoalongo__2022,0,259.496111103,0,0,1206,4324,0,0,F,M,2,FALSE,FALSE
i087,i033,bonobo,2,Kokoalongo,2022,Kokoalongo__2022,0,312.153333303,1091,0,1078,3997,0,0,F,M,2,FALSE,FALSE
i015,i033,bonobo,2,Kokoalongo,2022,Kokoalongo__2022,0,299.256388886,2769,1,2062,3619,1,0,F,M,2,FALSE,FALSE
i005,i033,bonobo,2,Kokoalongo,2022,Kokoalongo__2022,0,308.779722207,1037,1,1265,3494,0,0,F,M,2,FALSE,FALSE
i126,i033,bonobo,2,Kokoalongo,2022,Kokoalongo__2022,0,311.885555552,0,1,758,4333,0,0,F,M,2,FALSE,FALSE
i012,i033,bonobo,2,Kokoalongo,2022,Kokoalongo__2022,0,264.811944451,3,2,1701,3385,2,0,F,M,2,FALSE,FALSE
i134,i033,bonobo,2,Kokoalongo,2022,Kokoalongo__2022,0,234.703611106,4703,0,1242,3179,0,1,F,M,2,FALSE,FALSE
i119,i033,bonobo,2,Kokoalongo,2022,Kokoalongo__2022,0,244.978055551,5,1,1029,4761,0,0,M,M,2,FALSE,FALSE
i021,i033,bonobo,2,Kokoalongo,2022,Kokoalongo__2022,0,232.956666674,0,1,1201,4347,0,0,M,M,2,FALSE,FALSE
i037,i121,bonobo,2,Kokoalongo,2022,Kokoalongo__2022,0,321.406388872,3550,2,906,4331,0,0,F,M,2,FALSE,FALSE
i044,i121,bonobo,2,Kokoalongo,2022,Kokoalongo__2022,0,330.350277767,0,2,946,4480,0,0,F,M,2,FALSE,FALSE
i041,i121,bonobo,2,Kokoalongo,2022,Kokoalongo__2022,0,269.634999979,0,3,1053,3926,0,0,F,M,2,FALSE,FALSE
i087,i121,bonobo,2,Kokoalongo,2022,Kokoalongo__2022,0,322.292222179,0,3,944,3580,0,0,F,M,2,FALSE,FALSE
i015,i121,bonobo,2,Kokoalongo,2022,Kokoalongo__2022,0,309.395277762,0,3,1609,3521,0,2,F,M,2,FALSE,FALSE
i005,i121,bonobo,2,Kokoalongo,2022,Kokoalongo__2022,1,318.918611083,9400,0,1222,2986,0,1,F,M,2,FALSE,FALSE
i126,i121,bonobo,2,Kokoalongo,2022,Kokoalongo__2022,0,322.024444428,0,0,648,3892,0,0,F,M,2,FALSE,FALSE
i012,i121,bonobo,2,Kokoalongo,2022,Kokoalongo__2022,0,274.950833327,0,7,1261,3274,0,0,F,M,2,FALSE,FALSE
i134,i121,bonobo,2,Kokoalongo,2022,Kokoalongo__2022,0,244.842499982,0,5,960,2910,0,0,F,M,2,FALSE,FALSE
i119,i121,bonobo,2,Kokoalongo,2022,Kokoalongo__2022,0,255.116944427,0,2,938,4301,0,0,M,M,2,FALSE,FALSE
i021,i121,bonobo,2,Kokoalongo,2022,Kokoalongo__2022,0,243.09555555,373,2,1072,3925,0,0,M,M,2,FALSE,FALSE
i044,i037,bonobo,2,Kokoalongo,2022,Kokoalongo__2022,0,350.053333337,3011,0,2021,4192,1,6,F,F,2,FALSE,FALSE
i041,i037,bonobo,2,Kokoalongo,2022,Kokoalongo__2022,0,289.338055549,0,0,1538,4228,1,1,F,F,2,FALSE,FALSE
i087,i037,bonobo,2,Kokoalongo,2022,Kokoalongo__2022,0,341.995277749,0,2,1367,3944,2,0,F,F,2,FALSE,FALSE
i015,i037,bonobo,2,Kokoalongo,2022,Kokoalongo__2022,0,329.098333332,2127,0,1126,4791,3,0,F,F,2,FALSE,FALSE
i005,i037,bonobo,2,Kokoalongo,2022,Kokoalongo__2022,0,338.621666653,0,0,846,4149,4,0,F,F,2,FALSE,FALSE
i126,i037,bonobo,2,Kokoalongo,2022,Kokoalongo__2022,0,341.727499998,0,0,1422,3905,2,2,F,F,2,FALSE,FALSE
i012,i037,bonobo,2,Kokoalongo,2022,Kokoalongo__2022,0,294.653888897,1590,1,773,4549,1,0,F,F,2,FALSE,FALSE
i134,i037,bonobo,2,Kokoalongo,2022,Kokoalongo__2022,0,264.545555552,0,1,616,4041,0,0,F,F,2,FALSE,FALSE
i119,i037,bonobo,2,Kokoalongo,2022,Kokoalongo__2022,0,274.819999997,2282,1,1946,4080,0,0,M,F,2,FALSE,FALSE
i021,i037,bonobo,2,Kokoalongo,2022,Kokoalongo__2022,0,262.79861112,0,0,1576,4208,0,0,M,F,2,FALSE,FALSE
i041,i044,bonobo,2,Kokoalongo,2022,Kokoalongo__2022,0,298.281944444,0,0,1694,4261,0,4,F,F,2,FALSE,FALSE
i087,i044,bonobo,2,Kokoalongo,2022,Kokoalongo__2022,0,350.939166644,1891,0,1334,4166,1,1,F,F,2,FALSE,FALSE
i015,i044,bonobo,2,Kokoalongo,2022,Kokoalongo__2022,0,338.042222227,0,0,1132,4974,2,1,F,F,2,FALSE,FALSE
i005,i044,bonobo,2,Kokoalongo,2022,Kokoalongo__2022,0,347.565555548,142,0,826,4358,2,0,F,F,2,FALSE,TRUE
i126,i044,bonobo,2,Kokoalongo,2022,Kokoalongo__2022,0,350.671388893,0,0,1598,3918,2,4,F,F,2,FALSE,FALSE
i012,i044,bonobo,2,Kokoalongo,2022,Kokoalongo__2022,0,303.597777792,0,0,913,4598,1,1,F,F,2,FALSE,TRUE
i134,i044,bonobo,2,Kokoalongo,2022,Kokoalongo__2022,0,273.489444447,153,0,665,4181,0,0,F,F,2,FALSE,TRUE
i119,i044,bonobo,2,Kokoalongo,2022,Kokoalongo__2022,1,283.763888892,8830,0,2473,3742,0,2,M,F,2,FALSE,FALSE
i021,i044,bonobo,2,Kokoalongo,2022,Kokoalongo__2022,0,271.742500015,0,0,1743,4230,0,0,M,F,2,FALSE,TRUE
i087,i041,bonobo,2,Kokoalongo,2022,Kokoalongo__2022,0,290.223888856,2255,0,1254,3799,1,4,F,F,2,FALSE,FALSE
i015,i041,bonobo,2,Kokoalongo,2022,Kokoalongo__2022,0,277.326944439,1426,0,1241,4418,0,1,F,F,2,FALSE,FALSE
i005,i041,bonobo,2,Kokoalongo,2022,Kokoalongo__2022,0,286.85027776,1079,0,825,3912,1,0,F,F,2,FALSE,FALSE
i126,i041,bonobo,2,Kokoalongo,2022,Kokoalongo__2022,0,289.956111105,0,0,1342,3727,1,0,F,F,2,FALSE,FALSE
i012,i041,bonobo,2,Kokoalongo,2022,Kokoalongo__2022,0,242.882500004,0,0,974,4090,0,0,F,F,2,FALSE,FALSE
i134,i041,bonobo,2,Kokoalongo,2022,Kokoalongo__2022,0,212.774166659,0,0,702,3697,0,0,F,F,2,FALSE,FALSE
i119,i041,bonobo,2,Kokoalongo,2022,Kokoalongo__2022,0,223.048611104,0,12,1630,4138,0,2,M,F,2,FALSE,FALSE
i021,i041,bonobo,2,Kokoalongo,2022,Kokoalongo__2022,1,211.027222227,11985,0,2379,3147,0,4,M,F,2,FALSE,FALSE
i015,i087,bonobo,2,Kokoalongo,2022,Kokoalongo__2022,0,329.984166639,3696,0,1168,4036,3,0,F,F,2,FALSE,FALSE
i005,i087,bonobo,2,Kokoalongo,2022,Kokoalongo__2022,0,339.50749996,8782,0,809,3473,3,1,F,F,2,FALSE,FALSE
i126,i087,bonobo,2,Kokoalongo,2022,Kokoalongo__2022,0,342.613333305,0,1,1034,3580,2,3,F,F,2,FALSE,FALSE
i012,i087,bonobo,2,Kokoalongo,2022,Kokoalongo__2022,0,295.539722204,221,0,853,3756,1,0,F,F,2,FALSE,FALSE
i134,i087,bonobo,2,Kokoalongo,2022,Kokoalongo__2022,0,265.431388859,2654,0,667,3277,0,0,F,F,2,FALSE,FALSE
i119,i087,bonobo,2,Kokoalongo,2022,Kokoalongo__2022,0,275.705833304,120,1,1365,3948,0,0,M,F,2,FALSE,FALSE
i021,i087,bonobo,2,Kokoalongo,2022,Kokoalongo__2022,0,263.684444427,0,0,1315,3756,0,1,M,F,2,FALSE,FALSE
i005,i015,bonobo,2,Kokoalongo,2022,Kokoalongo__2022,0,326.610555543,701,0,1427,3461,4,6,F,F,2,FALSE,FALSE
i126,i015,bonobo,2,Kokoalongo,2022,Kokoalongo__2022,0,329.716388888,0,0,740,4480,0,0,F,F,2,FALSE,FALSE
i012,i015,bonobo,2,Kokoalongo,2022,Kokoalongo__2022,0,282.642777787,275,1,1690,3525,3,1,F,F,2,FALSE,FALSE
i134,i015,bonobo,2,Kokoalongo,2022,Kokoalongo__2022,0,252.534444442,6267,0,1266,3284,0,0,F,F,2,FALSE,FALSE
i119,i015,bonobo,2,Kokoalongo,2022,Kokoalongo__2022,0,262.808888887,1848,0,1139,4780,0,0,M,F,2,FALSE,FALSE
i021,i015,bonobo,2,Kokoalongo,2022,Kokoalongo__2022,0,250.78750001,0,0,1271,4406,0,0,M,F,2,FALSE,FALSE
i126,i005,bonobo,2,Kokoalongo,2022,Kokoalongo__2022,0,339.239722209,0,0,570,3728,1,0,F,F,2,FALSE,FALSE
i012,i005,bonobo,2,Kokoalongo,2022,Kokoalongo__2022,0,292.166111108,282,0,1024,3269,2,2,F,F,2,FALSE,TRUE
i134,i005,bonobo,2,Kokoalongo,2022,Kokoalongo__2022,0,262.057777763,0,0,842,2786,0,2,F,F,2,FALSE,TRUE
i119,i005,bonobo,2,Kokoalongo,2022,Kokoalongo__2022,0,272.332222208,0,0,860,4137,0,0,M,F,2,FALSE,FALSE
i021,i005,bonobo,2,Kokoalongo,2022,Kokoalongo__2022,0,260.310833331,0,0,894,3861,0,0,M,F,2,FALSE,TRUE
i012,i126,bonobo,2,Kokoalongo,2022,Kokoalongo__2022,0,295.271944453,0,0,619,4006,2,0,F,F,2,FALSE,FALSE
i134,i126,bonobo,2,Kokoalongo,2022,Kokoalongo__2022,0,265.163611108,0,0,432,3528,0,0,F,F,2,FALSE,FALSE
i119,i126,bonobo,2,Kokoalongo,2022,Kokoalongo__2022,0,275.438055553,253,4,1493,3836,0,0,M,F,2,FALSE,FALSE
i021,i126,bonobo,2,Kokoalongo,2022,Kokoalongo__2022,0,263.416666676,4006,2,1361,3726,0,0,M,F,2,FALSE,FALSE
i134,i012,bonobo,2,Kokoalongo,2022,Kokoalongo__2022,0,218.090000007,1037,0,1138,2817,0,0,F,F,2,FALSE,TRUE
i119,i012,bonobo,2,Kokoalongo,2022,Kokoalongo__2022,0,228.364444452,0,4,926,4398,0,0,M,F,2,FALSE,FALSE
i021,i012,bonobo,2,Kokoalongo,2022,Kokoalongo__2022,0,216.343055575,0,0,983,4099,0,0,M,F,2,FALSE,TRUE
i119,i134,bonobo,2,Kokoalongo,2022,Kokoalongo__2022,0,198.256111107,0,3,667,3992,0,0,M,F,2,FALSE,FALSE
i021,i134,bonobo,2,Kokoalongo,2022,Kokoalongo__2022,0,186.23472223,0,1,738,3679,0,0,M,F,2,FALSE,TRUE
i021,i119,bonobo,2,Kokoalongo,2022,Kokoalongo__2022,0,196.509166675,134,1,1670,4116,1,0,M,M,2,FALSE,FALSE
i048,i032,chimp,5,South,2016,South__2016,0,319.266666666667,720,1,864,3408,0,1,F,M,4,FALSE,FALSE
i086,i032,chimp,5,South,2016,South__2016,0,343.533333333333,8160,4,903,3526,1,0,F,M,4,FALSE,FALSE
i059,i032,chimp,5,South,2016,South__2016,0,404.566666666667,18300,5,1395,3518,2,3,M,M,4,FALSE,FALSE
i026,i032,chimp,5,South,2016,South__2016,0,362.983333333333,480,2,892,3546,0,1,F,M,4,FALSE,FALSE
i024,i032,chimp,5,South,2016,South__2016,0,325.3,900,0,772,3472,0,1,F,M,4,FALSE,FALSE
i091,i032,chimp,5,South,2016,South__2016,0,347.45,8580,5,1594,3470,0,3,M,M,4,FALSE,FALSE
i133,i032,chimp,5,South,2016,South__2016,0,313.633333333333,1860,1,663,3444,0,3,F,M,4,FALSE,FALSE
i123,i032,chimp,5,South,2016,South__2016,0,396.916666666667,37920,5,1513,3540,5,5,M,M,4,FALSE,FALSE
i040,i032,chimp,5,South,2016,South__2016,0,408.733333333333,37440,0,1885,3460,5,9,M,M,4,FALSE,FALSE
i131,i032,chimp,5,South,2016,South__2016,0,266.566666666667,3960,1,1119,3374,1,0,F,M,4,FALSE,FALSE
i013,i032,chimp,5,South,2016,South__2016,0,328.333333333333,6840,2,913,3353,1,1,F,M,4,FALSE,FALSE
i082,i032,chimp,5,South,2016,South__2016,1,388.166666666667,7620,0,1165,3638,0,8,F,M,4,FALSE,FALSE
i108,i032,chimp,5,South,2016,South__2016,0,298.183333333333,120,1,1681,3378,0,2,F,M,4,FALSE,FALSE
i130,i032,chimp,5,South,2016,South__2016,0,422.816666666667,3840,3,1140,3660,0,3,F,M,4,FALSE,FALSE
i029,i032,chimp,5,South,2016,South__2016,0,322.2,1500,5,1839,3582,0,5,M,M,4,FALSE,FALSE
i101,i032,chimp,5,South,2016,South__2016,0,313.75,4320,4,974,3389,0,2,F,M,4,FALSE,FALSE
i018,i032,chimp,5,South,2016,South__2016,0,207.45,300,0,907,3351,0,0,F,M,4,FALSE,FALSE
i068,i032,chimp,5,South,2016,South__2016,0,307.466666666667,2340,3,1021,3472,1,0,F,M,4,FALSE,FALSE
i085,i032,chimp,5,South,2016,South__2016,0,310.866666666667,8580,7,1279,3360,0,2,F,M,4,FALSE,FALSE
i139,i032,chimp,5,South,2016,South__2016,0,338.466666666667,9840,6,1047,3425,1,1,F,M,4,FALSE,FALSE
i140,i032,chimp,5,South,2016,South__2016,0,245.433333333333,360,0,1045,3418,0,0,F,M,4,FALSE,FALSE
i086,i048,chimp,5,South,2016,South__2016,0,247.9,1260,2,845,2394,0,0,F,F,4,FALSE,TRUE
i059,i048,chimp,5,South,2016,South__2016,0,308.933333333333,7200,1,709,3014,0,0,M,F,4,FALSE,FALSE
i026,i048,chimp,5,South,2016,South__2016,0,267.35,0,0,391,2857,0,0,F,F,4,TRUE,FALSE
i024,i048,chimp,5,South,2016,South__2016,0,229.666666666667,360,0,399,2655,0,1,F,F,4,FALSE,FALSE
i091,i048,chimp,5,South,2016,South__2016,0,251.816666666667,180,2,748,3126,0,0,M,F,4,TRUE,FALSE
i133,i048,chimp,5,South,2016,South__2016,0,218,0,0,377,2540,0,0,F,F,4,TRUE,FALSE
i123,i048,chimp,5,South,2016,South__2016,0,301.283333333333,3180,2,804,3059,0,0,M,F,4,FALSE,FALSE
i040,i048,chimp,5,South,2016,South__2016,0,313.1,2040,5,904,3251,0,1,M,F,4,FALSE,TRUE
i131,i048,chimp,5,South,2016,South__2016,0,170.933333333333,1500,0,605,2698,0,0,F,F,4,FALSE,TRUE
i013,i048,chimp,5,South,2016,South__2016,0,232.7,720,0,755,2321,1,0,F,F,4,FALSE,FALSE
i082,i048,chimp,5,South,2016,South__2016,0,292.533333333333,4680,0,490,3123,0,0,F,F,4,FALSE,TRUE
i108,i048,chimp,5,South,2016,South__2016,0,202.55,780,0,726,3143,0,0,F,F,4,TRUE,FALSE
i130,i048,chimp,5,South,2016,South__2016,0,327.183333333333,300,0,583,3027,0,0,F,F,4,FALSE,TRUE
i029,i048,chimp,5,South,2016,South__2016,0,226.566666666667,0,0,808,3423,0,0,M,F,4,FALSE,FALSE
i101,i048,chimp,5,South,2016,South__2016,0,218.116666666667,5880,0,941,2232,3,2,F,F,4,FALSE,TRUE
i018,i048,chimp,5,South,2016,South__2016,0,111.816666666667,0,0,756,2312,0,0,F,F,4,FALSE,FALSE
i068,i048,chimp,5,South,2016,South__2016,0,211.833333333333,8160,0,1027,2276,2,0,F,F,4,FALSE,FALSE
i085,i048,chimp,5,South,2016,South__2016,0,215.233333333333,300,0,475,2974,0,0,F,F,4,FALSE,FALSE
i139,i048,chimp,5,South,2016,South__2016,0,242.833333333333,1980,3,861,2421,1,0,F,F,4,FALSE,FALSE
i140,i048,chimp,5,South,2016,South__2016,0,149.8,120,3,856,2417,0,0,F,F,4,FALSE,FALSE
i059,i086,chimp,5,South,2016,South__2016,0,333.2,1140,9,702,3178,0,3,M,F,4,FALSE,FALSE
i026,i086,chimp,5,South,2016,South__2016,0,291.616666666667,420,0,304,3101,0,1,F,F,4,FALSE,FALSE
i024,i086,chimp,5,South,2016,South__2016,0,253.933333333333,0,0,298,2913,0,1,F,F,4,FALSE,FALSE
i091,i086,chimp,5,South,2016,South__2016,0,276.083333333333,6240,1,792,3239,0,0,M,F,4,FALSE,FALSE
i133,i086,chimp,5,South,2016,South__2016,0,242.266666666667,0,0,255,2819,0,0,F,F,4,FALSE,FALSE
i123,i086,chimp,5,South,2016,South__2016,0,325.55,4620,1,824,3196,0,5,M,F,4,FALSE,FALSE
i040,i086,chimp,5,South,2016,South__2016,0,337.366666666667,11880,1,888,3424,0,0,M,F,4,FALSE,TRUE
i131,i086,chimp,5,South,2016,South__2016,0,195.2,0,0,494,2966,0,0,F,F,4,FALSE,TRUE
i013,i086,chimp,5,South,2016,South__2016,0,256.966666666667,660,0,748,2485,1,0,F,F,4,FALSE,FALSE
i082,i086,chimp,5,South,2016,South__2016,0,316.8,0,0,333,3437,0,0,F,F,4,FALSE,TRUE
i108,i086,chimp,5,South,2016,South__2016,0,226.816666666667,0,0,627,3399,0,0,F,F,4,FALSE,FALSE
i130,i086,chimp,5,South,2016,South__2016,0,351.45,0,0,471,3296,1,0,F,F,4,FALSE,TRUE
i029,i086,chimp,5,South,2016,South__2016,0,250.833333333333,2520,3,785,3603,0,0,M,F,4,FALSE,FALSE
i101,i086,chimp,5,South,2016,South__2016,0,242.383333333333,6240,0,910,2420,0,0,F,F,4,FALSE,TRUE
i018,i086,chimp,5,South,2016,South__2016,0,136.083333333333,240,0,742,2483,0,0,F,F,4,FALSE,FALSE
i068,i086,chimp,5,South,2016,South__2016,0,236.1,5700,0,1011,2449,1,4,F,F,4,FALSE,FALSE
i085,i086,chimp,5,South,2016,South__2016,0,239.5,240,0,415,3191,0,0,F,F,4,FALSE,FALSE
i139,i086,chimp,5,South,2016,South__2016,0,267.1,7920,1,987,2452,1,2,F,F,4,FALSE,FALSE
i140,i086,chimp,5,South,2016,South__2016,0,174.066666666667,480,1,988,2442,0,0,F,F,4,FALSE,FALSE
i026,i059,chimp,5,South,2016,South__2016,0,352.65,480,4,650,3239,0,5,F,M,4,FALSE,FALSE
i024,i059,chimp,5,South,2016,South__2016,0,314.966666666667,1500,2,647,3048,0,0,F,M,4,FALSE,FALSE
i091,i059,chimp,5,South,2016,South__2016,0,337.116666666667,1680,10,1333,3182,0,3,M,M,4,FALSE,FALSE
i133,i059,chimp,5,South,2016,South__2016,1,303.3,4380,1,644,2914,2,6,F,M,4,FALSE,FALSE
i123,i059,chimp,5,South,2016,South__2016,0,386.583333333333,65520,8,1492,3012,2,7,M,M,4,FALSE,FALSE
i040,i059,chimp,5,South,2016,South__2016,0,398.4,22980,2,1488,3308,0,2,M,M,4,FALSE,FALSE
i131,i059,chimp,5,South,2016,South__2016,0,256.233333333333,8940,4,876,3068,1,0,F,M,4,FALSE,FALSE
i013,i059,chimp,5,South,2016,South__2016,0,318,3780,8,768,2949,0,1,F,M,4,FALSE,FALSE
i082,i059,chimp,5,South,2016,South__2016,0,377.833333333333,10860,1,784,3470,0,4,F,M,4,FALSE,FALSE
i108,i059,chimp,5,South,2016,South__2016,0,287.85,5520,5,1355,3155,0,1,F,M,4,FALSE,FALSE
i130,i059,chimp,5,South,2016,South__2016,0,412.483333333333,3600,4,1014,3237,0,3,F,M,4,FALSE,FALSE
i029,i059,chimp,5,South,2016,South__2016,0,311.866666666667,3240,13,1584,3288,0,1,M,M,4,FALSE,FALSE
i101,i059,chimp,5,South,2016,South__2016,0,303.416666666667,5940,6,909,2905,0,1,F,M,4,FALSE,FALSE
i018,i059,chimp,5,South,2016,South__2016,0,197.116666666667,0,1,761,2948,0,0,F,M,4,FALSE,FALSE
i068,i059,chimp,5,South,2016,South__2016,0,297.133333333333,960,8,853,3091,0,0,F,M,4,FALSE,FALSE
i085,i059,chimp,5,South,2016,South__2016,0,300.533333333333,10140,3,1012,3078,0,1,F,M,4,FALSE,FALSE
i139,i059,chimp,5,South,2016,South__2016,0,328.133333333333,13500,14,924,2999,0,1,F,M,4,FALSE,FALSE
i140,i059,chimp,5,South,2016,South__2016,0,235.1,0,3,918,2996,0,0,F,M,4,FALSE,FALSE
i024,i026,chimp,5,South,2016,South__2016,0,273.383333333333,840,1,812,2408,0,0,F,F,4,FALSE,FALSE
i091,i026,chimp,5,South,2016,South__2016,0,295.533333333333,0,1,815,3225,0,0,M,F,4,TRUE,FALSE
i133,i026,chimp,5,South,2016,South__2016,0,261.716666666667,1320,1,928,2155,2,4,F,F,4,TRUE,FALSE
i123,i026,chimp,5,South,2016,South__2016,0,345,120,3,696,3333,0,1,M,F,4,FALSE,FALSE
i040,i026,chimp,5,South,2016,South__2016,1,356.816666666667,1800,1,780,3541,1,2,M,F,4,FALSE,FALSE
i131,i026,chimp,5,South,2016,South__2016,0,214.65,0,0,770,2699,0,0,F,F,4,FALSE,FALSE
i013,i026,chimp,5,South,2016,South__2016,0,276.416666666667,240,0,462,2780,0,0,F,F,4,FALSE,FALSE
i082,i026,chimp,5,South,2016,South__2016,0,336.25,1440,1,1112,2667,0,4,F,F,4,FALSE,FALSE
i108,i026,chimp,5,South,2016,South__2016,0,246.266666666667,0,0,833,3202,0,0,F,F,4,TRUE,FALSE
i130,i026,chimp,5,South,2016,South__2016,0,370.9,420,0,776,3000,0,0,F,F,4,FALSE,FALSE
i029,i026,chimp,5,South,2016,South__2016,0,270.283333333333,3240,0,1022,3375,0,1,M,F,4,FALSE,FALSE
i101,i026,chimp,5,South,2016,South__2016,0,261.833333333333,0,1,459,2880,0,0,F,F,4,FALSE,FALSE
i018,i026,chimp,5,South,2016,South__2016,0,155.533333333333,0,0,462,2772,0,0,F,F,4,FALSE,FALSE
i068,i026,chimp,5,South,2016,South__2016,0,255.55,0,0,418,3051,0,1,F,F,4,FALSE,FALSE
i085,i026,chimp,5,South,2016,South__2016,0,258.95,300,0,841,2774,0,0,F,F,4,FALSE,FALSE
i139,i026,chimp,5,South,2016,South__2016,0,286.55,360,1,378,3070,0,0,F,F,4,FALSE,FALSE
i140,i026,chimp,5,South,2016,South__2016,0,193.516666666667,0,0,370,3069,0,0,F,F,4,FALSE,FALSE
i091,i024,chimp,5,South,2016,South__2016,0,257.85,300,1,767,3079,0,1,M,F,4,FALSE,FALSE
i133,i024,chimp,5,South,2016,South__2016,0,224.033333333333,3600,0,974,1915,0,2,F,F,4,FALSE,FALSE
i123,i024,chimp,5,South,2016,South__2016,0,307.316666666667,7500,0,678,3157,0,1,M,F,4,FALSE,FALSE
i040,i024,chimp,5,South,2016,South__2016,0,319.133333333333,2280,0,735,3392,0,0,M,F,4,FALSE,FALSE
i131,i024,chimp,5,South,2016,South__2016,0,176.966666666667,0,0,713,2562,0,0,F,F,4,FALSE,FALSE
i013,i024,chimp,5,South,2016,South__2016,0,238.733333333333,180,0,384,2664,0,0,F,F,4,FALSE,FALSE
i082,i024,chimp,5,South,2016,South__2016,0,298.566666666667,3120,0,947,2638,2,0,F,F,4,FALSE,FALSE
i108,i024,chimp,5,South,2016,South__2016,0,208.583333333333,420,0,769,3072,0,0,F,F,4,FALSE,FALSE
i130,i024,chimp,5,South,2016,South__2016,0,333.216666666667,0,0,652,2930,0,0,F,F,4,FALSE,FALSE
i029,i024,chimp,5,South,2016,South__2016,0,232.6,960,0,899,3304,0,1,M,F,4,FALSE,FALSE
i101,i024,chimp,5,South,2016,South__2016,0,224.15,420,0,454,2691,0,0,F,F,4,FALSE,FALSE
i018,i024,chimp,5,South,2016,South__2016,0,117.85,0,0,384,2656,0,0,F,F,4,FALSE,FALSE
i068,i024,chimp,5,South,2016,South__2016,0,217.866666666667,0,0,394,2881,0,0,F,F,4,FALSE,FALSE
i085,i024,chimp,5,South,2016,South__2016,0,221.266666666667,0,0,727,2694,0,0,F,F,4,FALSE,FALSE
i139,i024,chimp,5,South,2016,South__2016,0,248.866666666667,0,1,357,2897,0,0,F,F,4,FALSE,FALSE
i140,i024,chimp,5,South,2016,South__2016,0,155.833333333333,0,0,351,2894,0,0,F,F,4,FALSE,FALSE
i133,i091,chimp,5,South,2016,South__2016,0,246.183333333333,2580,3,674,3035,0,0,F,M,4,TRUE,FALSE
i123,i091,chimp,5,South,2016,South__2016,0,329.466666666667,11940,5,1430,3225,0,2,M,M,4,FALSE,FALSE
i040,i091,chimp,5,South,2016,South__2016,0,341.283333333333,1980,2,1584,3363,0,1,M,M,4,FALSE,FALSE
i131,i091,chimp,5,South,2016,South__2016,0,199.116666666667,3540,2,1053,3042,0,0,F,M,4,FALSE,FALSE
i013,i091,chimp,5,South,2016,South__2016,0,260.883333333333,4680,2,863,3005,0,0,F,M,4,FALSE,FALSE
i082,i091,chimp,5,South,2016,South__2016,0,320.716666666667,7620,2,1012,3393,0,0,F,M,4,FALSE,FALSE
i108,i091,chimp,5,South,2016,South__2016,0,230.733333333333,2100,0,1477,3184,0,0,F,M,4,TRUE,FALSE
i130,i091,chimp,5,South,2016,South__2016,0,355.366666666667,1380,1,1020,3382,0,2,F,M,4,FALSE,FALSE
i029,i091,chimp,5,South,2016,South__2016,0,254.75,4020,0,1667,3356,2,0,M,M,4,FALSE,FALSE
i101,i091,chimp,5,South,2016,South__2016,0,246.3,1380,1,869,3096,0,0,F,M,4,FALSE,FALSE
i018,i091,chimp,5,South,2016,South__2016,0,140,0,2,860,3000,0,0,F,M,4,FALSE,FALSE
i068,i091,chimp,5,South,2016,South__2016,0,240.016666666667,120,1,859,3236,0,0,F,M,4,FALSE,FALSE
i085,i091,chimp,5,South,2016,South__2016,0,243.416666666667,2760,0,1237,3004,0,0,F,M,4,FALSE,FALSE
i139,i091,chimp,5,South,2016,South__2016,0,271.016666666667,2280,2,858,3216,0,0,F,M,4,FALSE,FALSE
i140,i091,chimp,5,South,2016,South__2016,0,177.983333333333,180,2,856,3209,0,0,F,M,4,FALSE,FALSE
i123,i133,chimp,5,South,2016,South__2016,0,295.65,11580,3,586,3112,0,2,M,F,4,FALSE,FALSE
i040,i133,chimp,5,South,2016,South__2016,0,307.466666666667,120,2,594,3396,0,0,M,F,4,FALSE,FALSE
i131,i133,chimp,5,South,2016,South__2016,0,165.3,60,0,673,2465,2,0,F,F,4,FALSE,FALSE
i013,i133,chimp,5,South,2016,South__2016,0,227.066666666667,0,0,371,2540,0,0,F,F,4,FALSE,FALSE
i082,i133,chimp,5,South,2016,South__2016,0,286.9,4080,0,799,2649,1,3,F,F,4,FALSE,FALSE
i108,i133,chimp,5,South,2016,South__2016,0,196.916666666667,180,0,671,3033,0,0,F,F,4,TRUE,FALSE
i130,i133,chimp,5,South,2016,South__2016,0,321.55,60,0,572,2873,1,0,F,F,4,FALSE,FALSE
i029,i133,chimp,5,South,2016,South__2016,0,220.933333333333,780,0,822,3244,0,1,M,F,4,FALSE,FALSE
i101,i133,chimp,5,South,2016,South__2016,0,212.483333333333,120,0,393,2615,1,0,F,F,4,FALSE,FALSE
i018,i133,chimp,5,South,2016,South__2016,0,106.183333333333,0,1,371,2532,0,0,F,F,4,FALSE,FALSE
i068,i133,chimp,5,South,2016,South__2016,0,206.2,0,0,360,2778,0,0,F,F,4,FALSE,FALSE
i085,i133,chimp,5,South,2016,South__2016,0,209.6,1560,0,657,2627,0,0,F,F,4,FALSE,FALSE
i139,i133,chimp,5,South,2016,South__2016,0,237.2,0,0,297,2820,0,0,F,F,4,FALSE,FALSE
i140,i133,chimp,5,South,2016,South__2016,0,144.166666666667,0,1,293,2815,0,0,F,F,4,FALSE,FALSE
i040,i123,chimp,5,South,2016,South__2016,0,390.75,23100,2,1618,3318,1,3,M,M,4,FALSE,FALSE
i131,i123,chimp,5,South,2016,South__2016,0,248.583333333333,5340,4,916,3168,0,0,F,M,4,FALSE,FALSE
i013,i123,chimp,5,South,2016,South__2016,0,310.35,9720,2,888,2969,0,0,F,M,4,FALSE,FALSE
i082,i123,chimp,5,South,2016,South__2016,0,370.183333333333,11400,0,853,3541,0,2,F,M,4,FALSE,FALSE
i108,i123,chimp,5,South,2016,South__2016,0,280.2,3780,3,1400,3250,0,1,F,M,4,FALSE,FALSE
i130,i123,chimp,5,South,2016,South__2016,0,404.833333333333,12300,8,1165,3226,1,2,F,M,4,FALSE,FALSE
i029,i123,chimp,5,South,2016,South__2016,0,304.216666666667,2700,2,1728,3284,1,0,M,M,4,FALSE,FALSE
i101,i123,chimp,5,South,2016,South__2016,0,295.766666666667,5100,5,1001,2953,0,1,F,M,4,FALSE,FALSE
i018,i123,chimp,5,South,2016,South__2016,0,189.466666666667,180,0,885,2964,0,0,F,M,4,FALSE,FALSE
i068,i123,chimp,5,South,2016,South__2016,0,289.483333333333,1200,3,952,3132,0,0,F,M,4,FALSE,FALSE
i085,i123,chimp,5,South,2016,South__2016,0,292.883333333333,2940,2,998,3232,0,3,F,M,4,FALSE,FALSE
i139,i123,chimp,5,South,2016,South__2016,0,320.483333333333,8280,11,999,3064,0,0,F,M,4,FALSE,FALSE
i140,i123,chimp,5,South,2016,South__2016,0,227.45,0,0,993,3061,0,0,F,M,4,FALSE,FALSE
i131,i040,chimp,5,South,2016,South__2016,0,260.4,2220,1,1239,3137,1,3,F,M,4,FALSE,TRUE
i013,i040,chimp,5,South,2016,South__2016,0,322.166666666667,6180,4,950,3199,0,0,F,M,4,FALSE,FALSE
i082,i040,chimp,5,South,2016,South__2016,0,382,3480,1,1016,3670,0,4,F,M,4,FALSE,TRUE
i108,i040,chimp,5,South,2016,South__2016,0,292.016666666667,2520,2,1694,3248,0,2,F,M,4,FALSE,FALSE
i130,i040,chimp,5,South,2016,South__2016,0,416.65,1860,0,1124,3559,0,2,F,M,4,FALSE,TRUE
i029,i040,chimp,5,South,2016,South__2016,0,316.033333333333,3240,2,1808,3496,1,1,M,M,4,FALSE,FALSE
i101,i040,chimp,5,South,2016,South__2016,0,307.583333333333,5700,2,1044,3202,0,2,F,M,4,FALSE,TRUE
i018,i040,chimp,5,South,2016,South__2016,0,201.283333333333,1200,0,948,3193,0,0,F,M,4,FALSE,FALSE
i068,i040,chimp,5,South,2016,South__2016,0,301.3,1200,5,1068,3308,0,2,F,M,4,FALSE,FALSE
i085,i040,chimp,5,South,2016,South__2016,0,304.7,13140,3,1262,3260,0,3,F,M,4,FALSE,FALSE
i139,i040,chimp,5,South,2016,South__2016,0,332.3,9000,7,1109,3246,0,1,F,M,4,FALSE,FALSE
i140,i040,chimp,5,South,2016,South__2016,0,239.266666666667,600,0,1107,3239,1,0,F,M,4,FALSE,FALSE
i013,i131,chimp,5,South,2016,South__2016,0,180,0,1,597,2700,0,0,F,F,4,FALSE,FALSE
i082,i131,chimp,5,South,2016,South__2016,0,239.833333333333,960,1,959,2875,0,3,F,F,4,FALSE,TRUE
i108,i131,chimp,5,South,2016,South__2016,0,149.85,540,0,1156,2934,0,0,F,F,4,FALSE,FALSE
i130,i131,chimp,5,South,2016,South__2016,0,274.483333333333,0,0,671,3160,0,0,F,F,4,FALSE,TRUE
i029,i131,chimp,5,South,2016,South__2016,0,173.866666666667,2160,2,1188,3264,2,0,M,F,4,FALSE,FALSE
i101,i131,chimp,5,South,2016,South__2016,0,165.416666666667,60,0,617,2777,1,0,F,F,4,FALSE,TRUE
i018,i131,chimp,5,South,2016,South__2016,0,59.1166666666667,0,0,598,2691,0,0,F,F,4,FALSE,FALSE
i068,i131,chimp,5,South,2016,South__2016,0,159.133333333333,0,0,623,2901,0,0,F,F,4,FALSE,FALSE
i085,i131,chimp,5,South,2016,South__2016,0,162.533333333333,720,0,1036,2634,0,0,F,F,4,FALSE,FALSE
i139,i131,chimp,5,South,2016,South__2016,0,190.133333333333,0,0,541,2962,0,0,F,F,4,FALSE,FALSE
i140,i131,chimp,5,South,2016,South__2016,0,97.1,0,0,532,2962,0,0,F,F,4,FALSE,FALSE
i082,i013,chimp,5,South,2016,South__2016,0,301.6,0,0,532,3075,0,0,F,F,4,FALSE,FALSE
i108,i013,chimp,5,South,2016,South__2016,0,211.616666666667,660,0,746,3117,0,0,F,F,4,FALSE,FALSE
i130,i013,chimp,5,South,2016,South__2016,0,336.25,840,2,565,3039,0,0,F,F,4,FALSE,FALSE
i029,i013,chimp,5,South,2016,South__2016,0,235.633333333333,60,0,857,3368,0,0,M,F,4,FALSE,FALSE
i101,i013,chimp,5,South,2016,South__2016,0,227.183333333333,1020,0,1009,2158,1,0,F,F,4,FALSE,FALSE
i018,i013,chimp,5,South,2016,South__2016,1,120.883333333333,7511,0,1523,1539,1,2,F,F,4,FALSE,FALSE
i068,i013,chimp,5,South,2016,South__2016,0,220.9,3300,0,890,2407,0,0,F,F,4,FALSE,FALSE
i085,i013,chimp,5,South,2016,South__2016,0,224.3,0,0,667,2776,0,0,F,F,4,FALSE,FALSE
i139,i013,chimp,5,South,2016,South__2016,0,251.9,1740,0,723,2553,0,0,F,F,4,FALSE,FALSE
i140,i013,chimp,5,South,2016,South__2016,0,158.866666666667,120,0,723,2544,1,0,F,F,4,FALSE,FALSE
i108,i082,chimp,5,South,2016,South__2016,0,271.45,4260,0,1105,3295,0,0,F,F,4,FALSE,FALSE
i130,i082,chimp,5,South,2016,South__2016,0,396.083333333333,2400,0,1127,3014,2,0,F,F,4,FALSE,TRUE
i029,i082,chimp,5,South,2016,South__2016,0,295.466666666667,2520,1,1221,3541,0,1,M,F,4,FALSE,FALSE
i101,i082,chimp,5,South,2016,South__2016,0,287.016666666667,1680,0,488,3216,0,0,F,F,4,FALSE,TRUE
i018,i082,chimp,5,South,2016,South__2016,0,180.716666666667,0,0,531,3068,0,1,F,F,4,FALSE,FALSE
i068,i082,chimp,5,South,2016,South__2016,0,280.733333333333,1980,0,513,3321,1,2,F,F,4,FALSE,FALSE
i085,i082,chimp,5,South,2016,South__2016,0,284.133333333333,4800,1,1094,2886,0,1,F,F,4,FALSE,FALSE
i139,i082,chimp,5,South,2016,South__2016,0,311.733333333333,1620,0,519,3294,0,1,F,F,4,FALSE,FALSE
i140,i082,chimp,5,South,2016,South__2016,0,218.7,300,0,509,3295,0,0,F,F,4,FALSE,FALSE
i130,i108,chimp,5,South,2016,South__2016,0,306.1,2700,2,1279,3118,0,0,F,F,4,FALSE,FALSE
i029,i108,chimp,5,South,2016,South__2016,0,205.483333333333,1260,0,1686,3332,0,0,M,F,4,FALSE,FALSE
i101,i108,chimp,5,South,2016,South__2016,0,197.033333333333,600,0,809,3151,0,0,F,F,4,FALSE,FALSE
i018,i108,chimp,5,South,2016,South__2016,0,90.7333333333333,0,0,747,3108,0,0,F,F,4,FALSE,FALSE
i068,i108,chimp,5,South,2016,South__2016,0,190.75,0,0,801,3289,0,0,F,F,4,FALSE,FALSE
i085,i108,chimp,5,South,2016,South__2016,0,194.15,8100,0,1332,2904,0,0,F,F,4,FALSE,FALSE
i139,i108,chimp,5,South,2016,South__2016,0,221.75,420,1,831,3238,0,0,F,F,4,FALSE,FALSE
i140,i108,chimp,5,South,2016,South__2016,0,128.716666666667,0,1,829,3231,0,0,F,F,4,FALSE,FALSE
i029,i130,chimp,5,South,2016,South__2016,0,330.116666666667,1800,1,1255,3504,1,0,M,F,4,FALSE,FALSE
i101,i130,chimp,5,South,2016,South__2016,0,321.666666666667,60,0,600,3101,0,1,F,F,4,FALSE,TRUE
i018,i130,chimp,5,South,2016,South__2016,0,215.366666666667,120,1,563,3033,0,0,F,F,4,FALSE,FALSE
i068,i130,chimp,5,South,2016,South__2016,0,315.383333333333,0,0,618,3213,0,0,F,F,4,FALSE,FALSE
i085,i130,chimp,5,South,2016,South__2016,0,318.783333333333,5280,1,952,3025,0,0,F,F,4,FALSE,FALSE
i139,i130,chimp,5,South,2016,South__2016,0,346.383333333333,1560,1,716,3094,0,0,F,F,4,FALSE,FALSE
i140,i130,chimp,5,South,2016,South__2016,0,253.35,0,3,712,3089,0,1,F,F,4,FALSE,FALSE
i101,i029,chimp,5,South,2016,South__2016,0,221.05,1440,3,984,3338,0,2,F,M,4,FALSE,FALSE
i018,i029,chimp,5,South,2016,South__2016,0,114.75,0,0,853,3364,0,0,F,M,4,FALSE,FALSE
i068,i029,chimp,5,South,2016,South__2016,0,214.766666666667,60,3,926,3526,0,0,F,M,4,FALSE,FALSE
i085,i029,chimp,5,South,2016,South__2016,0,218.166666666667,1260,0,1405,3193,0,0,F,M,4,FALSE,FALSE
i139,i029,chimp,5,South,2016,South__2016,0,245.766666666667,900,3,952,3479,0,0,F,M,4,FALSE,FALSE
i140,i029,chimp,5,South,2016,South__2016,0,152.733333333333,0,1,949,3473,0,0,F,M,4,FALSE,FALSE
i018,i101,chimp,5,South,2016,South__2016,0,106.3,420,1,1007,2152,0,0,F,F,4,FALSE,FALSE
i068,i101,chimp,5,South,2016,South__2016,0,206.316666666667,4980,0,1099,2295,0,0,F,F,4,FALSE,FALSE
i085,i101,chimp,5,South,2016,South__2016,0,209.716666666667,720,0,620,2920,0,0,F,F,4,FALSE,FALSE
i139,i101,chimp,5,South,2016,South__2016,0,237.316666666667,780,2,897,2476,1,2,F,F,4,FALSE,FALSE
i140,i101,chimp,5,South,2016,South__2016,0,144.283333333333,60,1,895,2469,0,0,F,F,4,FALSE,FALSE
i068,i018,chimp,5,South,2016,South__2016,0,100.016666666667,0,0,889,2400,0,0,F,F,4,FALSE,FALSE
i085,i018,chimp,5,South,2016,South__2016,0,103.416666666667,0,0,666,2769,0,0,F,F,4,FALSE,FALSE
i139,i018,chimp,5,South,2016,South__2016,0,131.016666666667,0,0,721,2547,0,0,F,F,4,FALSE,FALSE
i140,i018,chimp,5,South,2016,South__2016,0,37.9833333333333,0,0,721,2538,1,0,F,F,4,FALSE,FALSE
i085,i068,chimp,5,South,2016,South__2016,0,203.433333333333,420,0,594,3076,0,1,F,F,4,FALSE,FALSE
i139,i068,chimp,5,South,2016,South__2016,0,231.033333333333,4620,0,1059,2444,2,2,F,F,4,FALSE,FALSE
i140,i068,chimp,5,South,2016,South__2016,0,138,240,0,1061,2433,0,0,F,F,4,FALSE,FALSE
i139,i085,chimp,5,South,2016,South__2016,0,234.433333333333,0,0,537,3112,0,0,F,F,4,FALSE,FALSE
i140,i085,chimp,5,South,2016,South__2016,0,141.4,0,0,534,3106,0,0,F,F,4,FALSE,FALSE
i140,i139,chimp,5,South,2016,South__2016,1,169,16080,0,1726,1747,5,7,F,F,4,FALSE,FALSE
i048,i032,chimp,5,South,2017,South__2017,0,268.766666666667,2040,0,704,2671,0,1,F,M,4,FALSE,FALSE
i086,i032,chimp,5,South,2017,South__2017,0,303.883333333333,5040,1,438,2724,0,0,F,M,4,FALSE,FALSE
i059,i032,chimp,5,South,2017,South__2017,0,357.85,27720,2,1265,2611,0,3,M,M,4,FALSE,FALSE
i026,i032,chimp,5,South,2017,South__2017,0,344.7,2160,1,958,3125,1,1,F,M,4,FALSE,FALSE
i024,i032,chimp,5,South,2017,South__2017,0,360.8,1260,1,780,3333,1,1,F,M,4,FALSE,FALSE
i091,i032,chimp,5,South,2017,South__2017,0,395.316666666667,9060,4,1114,2826,0,0,M,M,4,FALSE,FALSE
i133,i032,chimp,5,South,2017,South__2017,0,308.316666666667,3840,1,730,2862,1,0,F,M,4,FALSE,FALSE
i123,i032,chimp,5,South,2017,South__2017,0,387.6,18420,1,1241,2950,4,4,M,M,4,FALSE,FALSE
i040,i032,chimp,5,South,2017,South__2017,0,358.683333333333,28860,1,1510,2480,3,4,M,M,4,FALSE,FALSE
i131,i032,chimp,5,South,2017,South__2017,0,285.733333333333,1560,0,1040,2932,0,0,F,M,4,FALSE,FALSE
i013,i032,chimp,5,South,2017,South__2017,0,281.566666666667,660,1,582,2743,0,1,F,M,4,FALSE,FALSE
i082,i032,chimp,5,South,2017,South__2017,1,338.3,5400,0,923,3370,1,1,F,M,4,FALSE,FALSE
i108,i032,chimp,5,South,2017,South__2017,0,298.733333333333,1680,0,1126,3271,0,3,F,M,4,FALSE,FALSE
i130,i032,chimp,5,South,2017,South__2017,0,336.416666666667,2460,2,1213,3218,0,1,F,M,4,FALSE,FALSE
i029,i032,chimp,5,South,2017,South__2017,0,318.666666666667,1200,6,1287,2966,0,4,M,M,4,FALSE,FALSE
i101,i032,chimp,5,South,2017,South__2017,0,270.583333333333,2640,2,731,2759,0,1,F,M,4,FALSE,FALSE
i018,i032,chimp,5,South,2017,South__2017,0,237.115555555556,120,0,593,2742,0,0,F,M,4,FALSE,FALSE
i068,i032,chimp,5,South,2017,South__2017,0,271.8,2580,1,483,2680,0,0,F,M,4,FALSE,FALSE
i085,i032,chimp,5,South,2017,South__2017,0,288.083333333333,2520,4,1052,3180,0,4,F,M,4,FALSE,FALSE
i139,i032,chimp,5,South,2017,South__2017,0,286.616666666667,6000,0,389,2534,0,0,F,M,4,FALSE,FALSE
i140,i032,chimp,5,South,2017,South__2017,0,266.6075,617,2,405,2554,0,0,F,M,4,FALSE,FALSE
i086,i048,chimp,5,South,2017,South__2017,0,194.916666666667,2100,0,588,1993,1,1,F,F,4,FALSE,TRUE
i059,i048,chimp,5,South,2017,South__2017,0,248.883333333333,5940,5,652,2643,0,1,M,F,4,FALSE,FALSE
i026,i048,chimp,5,South,2017,South__2017,0,235.733333333333,0,0,464,3038,0,0,F,F,4,FALSE,FALSE
i024,i048,chimp,5,South,2017,South__2017,0,251.833333333333,180,0,454,3078,0,0,F,F,4,FALSE,FALSE
i091,i048,chimp,5,South,2017,South__2017,0,286.35,1440,1,548,2811,0,0,M,F,4,FALSE,TRUE
i133,i048,chimp,5,South,2017,South__2017,0,199.35,0,0,392,2619,1,0,F,F,4,FALSE,TRUE
i123,i048,chimp,5,South,2017,South__2017,0,278.633333333333,2160,0,684,2926,0,0,M,F,4,FALSE,FALSE
i040,i048,chimp,5,South,2017,South__2017,0,249.716666666667,1680,1,733,2676,0,0,M,F,4,FALSE,FALSE
i131,i048,chimp,5,South,2017,South__2017,0,176.766666666667,1680,0,756,2635,0,0,F,F,4,FALSE,FALSE
i013,i048,chimp,5,South,2017,South__2017,0,172.6,420,0,696,2048,3,0,F,F,4,FALSE,FALSE
i082,i048,chimp,5,South,2017,South__2017,0,229.333333333333,0,0,558,3154,0,0,F,F,4,FALSE,TRUE
i108,i048,chimp,5,South,2017,South__2017,0,189.766666666667,0,0,705,3111,0,0,F,F,4,FALSE,TRUE
i130,i048,chimp,5,South,2017,South__2017,0,227.45,0,0,731,3119,1,0,F,F,4,FALSE,FALSE
i029,i048,chimp,5,South,2017,South__2017,0,209.7,240,1,809,2863,0,0,M,F,4,FALSE,FALSE
i101,i048,chimp,5,South,2017,South__2017,0,161.616666666667,4920,0,895,2014,3,1,F,F,4,FALSE,FALSE
i018,i048,chimp,5,South,2017,South__2017,0,128.148888888889,60,0,708,2046,0,0,F,F,4,FALSE,FALSE
i068,i048,chimp,5,South,2017,South__2017,0,162.833333333333,2880,0,646,1936,2,0,F,F,4,FALSE,TRUE
i085,i048,chimp,5,South,2017,South__2017,0,179.116666666667,240,0,677,2974,0,0,F,F,4,FALSE,FALSE
i139,i048,chimp,5,South,2017,South__2017,0,177.65,0,1,358,1984,0,0,F,F,4,FALSE,TRUE
i140,i048,chimp,5,South,2017,South__2017,0,157.640833333333,0,0,372,2006,2,0,F,F,4,FALSE,FALSE
i059,i086,chimp,5,South,2017,South__2017,0,284,1320,1,349,2733,0,0,M,F,4,FALSE,FALSE
i026,i086,chimp,5,South,2017,South__2017,0,270.85,0,0,224,3065,0,1,F,F,4,FALSE,FALSE
i024,i086,chimp,5,South,2017,South__2017,0,286.95,0,0,150,3169,0,0,F,F,4,FALSE,FALSE
i091,i086,chimp,5,South,2017,South__2017,0,321.466666666667,8820,1,458,2688,0,3,M,F,4,FALSE,TRUE
i133,i086,chimp,5,South,2017,South__2017,0,234.466666666667,0,0,134,2664,0,0,F,F,4,FALSE,TRUE
i123,i086,chimp,5,South,2017,South__2017,0,313.75,2520,0,367,3030,0,2,M,F,4,FALSE,FALSE
i040,i086,chimp,5,South,2017,South__2017,0,284.833333333333,3900,1,450,2746,0,2,M,F,4,FALSE,FALSE
i131,i086,chimp,5,South,2017,South__2017,0,211.883333333333,660,0,362,2816,0,0,F,F,4,FALSE,FALSE
i013,i086,chimp,5,South,2017,South__2017,0,207.716666666667,3240,0,592,1939,1,1,F,F,4,FALSE,FALSE
i082,i086,chimp,5,South,2017,South__2017,0,264.45,180,0,237,3262,0,0,F,F,4,FALSE,TRUE
i108,i086,chimp,5,South,2017,South__2017,0,224.883333333333,1140,0,339,3264,0,0,F,F,4,FALSE,TRUE
i130,i086,chimp,5,South,2017,South__2017,0,262.566666666667,0,0,324,3313,0,0,F,F,4,FALSE,FALSE
i029,i086,chimp,5,South,2017,South__2017,0,244.816666666667,0,1,394,3065,0,0,M,F,4,FALSE,FALSE
i101,i086,chimp,5,South,2017,South__2017,0,196.733333333333,5940,0,662,2034,0,0,F,F,4,FALSE,FALSE
i018,i086,chimp,5,South,2017,South__2017,0,163.265555555556,0,0,596,1945,0,0,F,F,4,FALSE,FALSE
i068,i086,chimp,5,South,2017,South__2017,0,197.95,4560,0,763,1606,1,1,F,F,4,FALSE,TRUE
i085,i086,chimp,5,South,2017,South__2017,0,214.233333333333,0,0,437,3001,0,0,F,F,4,FALSE,FALSE
i139,i086,chimp,5,South,2017,South__2017,0,212.766666666667,5520,0,472,1657,0,0,F,F,4,FALSE,TRUE
i140,i086,chimp,5,South,2017,South__2017,0,192.7575,180,0,480,1685,1,0,F,F,4,FALSE,FALSE
i026,i059,chimp,5,South,2017,South__2017,0,324.816666666667,4800,2,985,3018,1,4,F,M,4,FALSE,FALSE
i024,i059,chimp,5,South,2017,South__2017,0,340.916666666667,9600,13,866,3167,0,0,F,M,4,FALSE,FALSE
i091,i059,chimp,5,South,2017,South__2017,0,375.433333333333,7680,6,1048,2812,1,3,M,M,4,FALSE,FALSE
i133,i059,chimp,5,South,2017,South__2017,1,288.433333333333,10560,0,840,2672,1,4,F,M,4,FALSE,FALSE
i123,i059,chimp,5,South,2017,South__2017,0,367.716666666667,29040,2,1462,2649,4,4,M,M,4,FALSE,FALSE
i040,i059,chimp,5,South,2017,South__2017,0,338.8,17640,2,1291,2619,1,5,M,M,4,FALSE,FALSE
i131,i059,chimp,5,South,2017,South__2017,0,265.85,7500,3,1027,2865,1,1,F,M,4,FALSE,FALSE
i013,i059,chimp,5,South,2017,South__2017,0,261.683333333333,2460,3,449,2796,0,0,F,M,4,FALSE,FALSE
i082,i059,chimp,5,South,2017,South__2017,0,318.416666666667,1980,2,880,3333,1,1,F,M,4,FALSE,FALSE
i108,i059,chimp,5,South,2017,South__2017,0,278.85,7680,7,1180,3137,1,1,F,M,4,FALSE,FALSE
i130,i059,chimp,5,South,2017,South__2017,0,316.533333333333,3660,3,1242,3109,1,2,F,M,4,FALSE,FALSE
i029,i059,chimp,5,South,2017,South__2017,0,298.783333333333,1020,5,1331,2842,1,3,M,M,4,FALSE,FALSE
i101,i059,chimp,5,South,2017,South__2017,0,250.7,1320,1,587,2823,0,0,F,M,4,FALSE,FALSE
i018,i059,chimp,5,South,2017,South__2017,0,217.232222222222,0,1,453,2802,0,0,F,M,4,FALSE,FALSE
i068,i059,chimp,5,South,2017,South__2017,0,251.916666666667,1560,1,372,2711,0,0,F,M,4,FALSE,FALSE
i085,i059,chimp,5,South,2017,South__2017,0,268.2,5760,1,1124,3028,1,0,F,M,4,FALSE,FALSE
i139,i059,chimp,5,South,2017,South__2017,0,266.733333333333,780,1,267,2576,0,0,F,M,4,FALSE,FALSE
i140,i059,chimp,5,South,2017,South__2017,0,246.724166666667,1214,5,277,2602,0,0,F,M,4,FALSE,FALSE
i024,i026,chimp,5,South,2017,South__2017,0,327.766666666667,1020,0,1278,2962,0,0,F,F,4,FALSE,FALSE
i091,i026,chimp,5,South,2017,South__2017,0,362.283333333333,180,0,755,3312,0,0,M,F,4,TRUE,FALSE
i133,i026,chimp,5,South,2017,South__2017,0,275.283333333333,2100,0,1113,2606,2,1,F,F,4,FALSE,FALSE
i123,i026,chimp,5,South,2017,South__2017,0,354.566666666667,3900,3,1046,3272,0,2,M,F,4,FALSE,FALSE
i040,i026,chimp,5,South,2017,South__2017,1,325.65,6480,0,998,3119,0,5,M,F,4,TRUE,FALSE
i131,i026,chimp,5,South,2017,South__2017,0,252.7,1200,0,1087,3012,0,0,F,F,4,FALSE,FALSE
i013,i026,chimp,5,South,2017,South__2017,0,248.533333333333,360,0,422,3030,0,0,F,F,4,FALSE,FALSE
i082,i026,chimp,5,South,2017,South__2017,0,305.266666666667,3060,0,1395,3025,1,1,F,F,4,FALSE,FALSE
i108,i026,chimp,5,South,2017,South__2017,0,265.7,4380,0,1452,3072,0,0,F,F,4,FALSE,FALSE
i130,i026,chimp,5,South,2017,South__2017,0,303.383333333333,960,1,1333,3225,0,0,F,F,4,FALSE,FALSE
i029,i026,chimp,5,South,2017,South__2017,0,285.633333333333,4020,0,1144,3236,0,0,M,F,4,FALSE,FALSE
i101,i026,chimp,5,South,2017,South__2017,0,237.55,0,0,477,3140,1,0,F,F,4,FALSE,FALSE
i018,i026,chimp,5,South,2017,South__2017,0,204.082222222222,0,0,435,3027,0,0,F,F,4,FALSE,FALSE
i068,i026,chimp,5,South,2017,South__2017,0,238.766666666667,0,1,289,3001,0,0,F,F,4,TRUE,FALSE
i085,i026,chimp,5,South,2017,South__2017,0,255.05,0,0,1058,3301,0,0,F,F,4,TRUE,FALSE
i139,i026,chimp,5,South,2017,South__2017,0,253.583333333333,0,0,180,2870,0,0,F,F,4,FALSE,FALSE
i140,i026,chimp,5,South,2017,South__2017,0,233.574166666667,0,0,200,2886,0,0,F,F,4,FALSE,FALSE
i091,i024,chimp,5,South,2017,South__2017,0,378.383333333333,1620,1,715,3382,0,1,M,F,4,FALSE,FALSE
i133,i024,chimp,5,South,2017,South__2017,0,291.383333333333,5160,0,1269,2480,0,1,F,F,4,FALSE,FALSE
i123,i024,chimp,5,South,2017,South__2017,0,370.666666666667,18600,10,1016,3332,1,5,M,F,4,FALSE,FALSE
i040,i024,chimp,5,South,2017,South__2017,0,341.75,4200,1,824,3323,1,0,M,F,4,FALSE,FALSE
i131,i024,chimp,5,South,2017,South__2017,0,268.8,1980,0,1057,3072,0,0,F,F,4,FALSE,FALSE
i013,i024,chimp,5,South,2017,South__2017,0,264.633333333333,60,0,403,3079,0,0,F,F,4,FALSE,FALSE
i082,i024,chimp,5,South,2017,South__2017,0,321.366666666667,10320,0,1432,3018,0,0,F,F,4,FALSE,FALSE
i108,i024,chimp,5,South,2017,South__2017,0,281.8,3300,1,1326,3228,1,0,F,F,4,FALSE,FALSE
i130,i024,chimp,5,South,2017,South__2017,0,319.483333333333,1080,0,1234,3354,0,0,F,F,4,FALSE,FALSE
i029,i024,chimp,5,South,2017,South__2017,0,301.733333333333,5760,1,1042,3368,0,0,M,F,4,FALSE,FALSE
i101,i024,chimp,5,South,2017,South__2017,0,253.65,0,1,488,3159,1,0,F,F,4,FALSE,FALSE
i018,i024,chimp,5,South,2017,South__2017,0,220.182222222222,0,0,409,3083,0,0,F,F,4,FALSE,FALSE
i068,i024,chimp,5,South,2017,South__2017,0,254.866666666667,0,0,250,3070,0,0,F,F,4,FALSE,FALSE
i085,i024,chimp,5,South,2017,South__2017,0,271.15,2640,0,1170,3219,0,0,F,F,4,FALSE,FALSE
i139,i024,chimp,5,South,2017,South__2017,0,269.683333333333,0,0,155,2925,0,0,F,F,4,FALSE,FALSE
i140,i024,chimp,5,South,2017,South__2017,0,249.674166666667,0,1,166,2950,0,0,F,F,4,FALSE,FALSE
i133,i091,chimp,5,South,2017,South__2017,0,325.9,240,0,611,2965,1,0,F,M,4,FALSE,TRUE
i123,i091,chimp,5,South,2017,South__2017,0,405.183333333333,9600,4,1228,2947,1,2,M,M,4,FALSE,FALSE
i040,i091,chimp,5,South,2017,South__2017,0,376.266666666667,8460,4,1203,2771,1,0,M,M,4,TRUE,FALSE
i131,i091,chimp,5,South,2017,South__2017,0,303.316666666667,5460,1,942,3014,1,0,F,M,4,FALSE,FALSE
i013,i091,chimp,5,South,2017,South__2017,0,299.15,180,0,434,2875,0,0,F,M,4,FALSE,FALSE
i082,i091,chimp,5,South,2017,South__2017,0,355.883333333333,6720,1,882,3395,1,2,F,M,4,FALSE,TRUE
i108,i091,chimp,5,South,2017,South__2017,0,316.316666666667,6000,0,1007,3374,1,0,F,M,4,FALSE,TRUE
i130,i091,chimp,5,South,2017,South__2017,0,354,1620,1,1157,3258,0,0,F,M,4,FALSE,FALSE
i029,i091,chimp,5,South,2017,South__2017,0,336.25,16980,0,1292,2945,2,0,M,M,4,FALSE,FALSE
i101,i091,chimp,5,South,2017,South__2017,0,288.166666666667,2280,1,570,2904,0,0,F,M,4,FALSE,FALSE
i018,i091,chimp,5,South,2017,South__2017,0,254.698888888889,0,0,441,2878,0,0,F,M,4,FALSE,FALSE
i068,i091,chimp,5,South,2017,South__2017,0,289.383333333333,3120,0,470,2677,0,0,F,M,4,TRUE,TRUE
i085,i091,chimp,5,South,2017,South__2017,0,305.666666666667,3900,0,1161,3055,1,0,F,M,4,TRUE,FALSE
i139,i091,chimp,5,South,2017,South__2017,0,304.2,1680,0,313,2594,0,0,F,M,4,FALSE,TRUE
i140,i091,chimp,5,South,2017,South__2017,0,284.190833333333,300,0,325,2618,0,0,F,M,4,FALSE,FALSE
i123,i133,chimp,5,South,2017,South__2017,0,318.183333333333,1380,0,833,2994,1,2,M,F,4,FALSE,FALSE
i040,i133,chimp,5,South,2017,South__2017,0,289.266666666667,420,1,744,2882,0,0,M,F,4,FALSE,FALSE
i131,i133,chimp,5,South,2017,South__2017,0,216.316666666667,2100,0,890,2718,1,0,F,F,4,FALSE,FALSE
i013,i133,chimp,5,South,2017,South__2017,0,212.15,360,0,277,2684,1,0,F,F,4,FALSE,FALSE
i082,i133,chimp,5,South,2017,South__2017,0,268.883333333333,3180,0,998,2931,2,1,F,F,4,FALSE,TRUE
i108,i133,chimp,5,South,2017,South__2017,0,229.316666666667,3540,0,1068,2965,1,1,F,F,4,FALSE,TRUE
i130,i133,chimp,5,South,2017,South__2017,0,267,2040,0,956,3111,0,1,F,F,4,FALSE,FALSE
i029,i133,chimp,5,South,2017,South__2017,0,249.25,4020,0,926,2963,1,0,M,F,4,FALSE,FALSE
i101,i133,chimp,5,South,2017,South__2017,0,201.166666666667,0,0,403,2723,2,0,F,F,4,FALSE,FALSE
i018,i133,chimp,5,South,2017,South__2017,0,167.698888888889,0,0,282,2689,0,0,F,F,4,FALSE,FALSE
i068,i133,chimp,5,South,2017,South__2017,0,202.383333333333,0,0,233,2566,0,0,F,F,4,FALSE,TRUE
i085,i133,chimp,5,South,2017,South__2017,0,218.666666666667,1320,0,893,2975,1,0,F,F,4,FALSE,FALSE
i139,i133,chimp,5,South,2017,South__2017,0,217.2,120,0,124,2435,0,0,F,F,4,FALSE,TRUE
i140,i133,chimp,5,South,2017,South__2017,0,197.190833333333,0,0,132,2463,0,0,F,F,4,FALSE,FALSE
i040,i123,chimp,5,South,2017,South__2017,0,368.55,21180,3,1420,2805,1,4,M,M,4,FALSE,FALSE
i131,i123,chimp,5,South,2017,South__2017,0,295.6,2460,0,1139,3068,1,1,F,M,4,FALSE,FALSE
i013,i123,chimp,5,South,2017,South__2017,0,291.433333333333,2460,2,478,3082,0,1,F,M,4,FALSE,FALSE
i082,i123,chimp,5,South,2017,South__2017,0,348.166666666667,3060,0,1014,3514,1,1,F,M,4,FALSE,FALSE
i108,i123,chimp,5,South,2017,South__2017,0,308.6,2760,1,1260,3372,1,1,F,M,4,FALSE,FALSE
i130,i123,chimp,5,South,2017,South__2017,0,346.283333333333,8820,2,1393,3273,0,1,F,M,4,FALSE,FALSE
i029,i123,chimp,5,South,2017,South__2017,0,328.533333333333,4080,0,1546,2942,1,2,M,M,4,FALSE,FALSE
i101,i123,chimp,5,South,2017,South__2017,0,280.45,2400,1,643,3082,0,1,F,M,4,FALSE,FALSE
i018,i123,chimp,5,South,2017,South__2017,0,246.982222222222,1500,0,482,3088,0,0,F,M,4,FALSE,FALSE
i068,i123,chimp,5,South,2017,South__2017,0,281.666666666667,1260,0,438,2960,0,0,F,M,4,FALSE,FALSE
i085,i123,chimp,5,South,2017,South__2017,0,297.95,900,0,1184,3283,1,4,F,M,4,FALSE,FALSE
i139,i123,chimp,5,South,2017,South__2017,0,296.483333333333,2760,1,355,2803,0,0,F,M,4,FALSE,FALSE
i140,i123,chimp,5,South,2017,South__2017,0,276.474166666667,600,3,369,2825,0,0,F,M,4,FALSE,FALSE
i131,i040,chimp,5,South,2017,South__2017,0,266.683333333333,3060,2,1155,2851,0,2,F,M,4,FALSE,FALSE
i013,i040,chimp,5,South,2017,South__2017,0,262.516666666667,660,1,585,2774,0,1,F,M,4,FALSE,FALSE
i082,i040,chimp,5,South,2017,South__2017,0,319.25,2340,1,1005,3322,0,0,F,M,4,FALSE,FALSE
i108,i040,chimp,5,South,2017,South__2017,0,279.683333333333,2760,0,1192,3239,0,1,F,M,4,FALSE,FALSE
i130,i040,chimp,5,South,2017,South__2017,0,317.366666666667,12480,1,1340,3125,0,1,F,M,4,FALSE,FALSE
i029,i040,chimp,5,South,2017,South__2017,0,299.616666666667,5100,4,1391,2896,0,5,M,M,4,FALSE,FALSE
i101,i040,chimp,5,South,2017,South__2017,0,251.533333333333,3360,0,755,2769,0,2,F,M,4,FALSE,FALSE
i018,i040,chimp,5,South,2017,South__2017,0,218.065555555556,120,0,596,2773,0,0,F,M,4,FALSE,FALSE
i068,i040,chimp,5,South,2017,South__2017,0,252.75,660,1,460,2737,0,1,F,M,4,TRUE,FALSE
i085,i040,chimp,5,South,2017,South__2017,0,269.033333333333,2040,0,1188,3078,0,1,F,M,4,TRUE,FALSE
i139,i040,chimp,5,South,2017,South__2017,0,267.566666666667,4680,0,376,2581,0,0,F,M,4,FALSE,FALSE
i140,i040,chimp,5,South,2017,South__2017,0,247.5575,67,1,400,2593,0,0,F,M,4,FALSE,FALSE
i013,i131,chimp,5,South,2017,South__2017,0,189.566666666667,1140,0,664,2677,0,0,F,F,4,FALSE,FALSE
i082,i131,chimp,5,South,2017,South__2017,0,246.3,2940,0,1285,3024,1,0,F,F,4,FALSE,FALSE
i108,i131,chimp,5,South,2017,South__2017,0,206.733333333333,1860,0,1408,3005,1,0,F,F,4,FALSE,FALSE
i130,i131,chimp,5,South,2017,South__2017,0,244.416666666667,3540,0,1387,3060,0,0,F,F,4,FALSE,FALSE
i029,i131,chimp,5,South,2017,South__2017,0,226.666666666667,1140,0,1250,3019,1,2,M,F,4,FALSE,FALSE
i101,i131,chimp,5,South,2017,South__2017,0,178.583333333333,1080,0,804,2702,1,0,F,F,4,FALSE,FALSE
i018,i131,chimp,5,South,2017,South__2017,0,145.115555555556,420,0,671,2680,0,0,F,F,4,FALSE,FALSE
i068,i131,chimp,5,South,2017,South__2017,0,179.8,600,0,403,2776,0,0,F,F,4,FALSE,FALSE
i085,i131,chimp,5,South,2017,South__2017,0,196.083333333333,780,0,1269,2979,1,0,F,F,4,FALSE,FALSE
i139,i131,chimp,5,South,2017,South__2017,0,194.616666666667,120,0,289,2650,0,0,F,F,4,FALSE,FALSE
i140,i131,chimp,5,South,2017,South__2017,0,174.6075,833,0,306,2669,0,0,F,F,4,FALSE,FALSE
i082,i013,chimp,5,South,2017,South__2017,0,242.133333333333,1680,0,534,3128,1,0,F,F,4,FALSE,FALSE
i108,i013,chimp,5,South,2017,South__2017,0,202.566666666667,0,0,583,3183,0,0,F,F,4,FALSE,FALSE
i130,i013,chimp,5,South,2017,South__2017,0,240.25,240,0,608,3192,0,0,F,F,4,FALSE,FALSE
i029,i013,chimp,5,South,2017,South__2017,0,222.5,1200,2,574,3048,0,0,M,F,4,FALSE,FALSE
i101,i013,chimp,5,South,2017,South__2017,0,174.416666666667,660,0,947,1912,7,1,F,F,4,FALSE,FALSE
i018,i013,chimp,5,South,2017,South__2017,1,140.948888888889,14332,0,1342,1362,1,1,F,F,4,FALSE,FALSE
i068,i013,chimp,5,South,2017,South__2017,0,175.633333333333,5760,0,632,1900,2,0,F,F,4,FALSE,FALSE
i085,i013,chimp,5,South,2017,South__2017,0,191.916666666667,0,0,564,3037,0,0,F,F,4,FALSE,FALSE
i139,i013,chimp,5,South,2017,South__2017,0,190.45,3180,0,436,1856,0,0,F,F,4,FALSE,FALSE
i140,i013,chimp,5,South,2017,South__2017,0,170.440833333333,1020,1,438,1890,1,0,F,F,4,FALSE,FALSE
i108,i082,chimp,5,South,2017,South__2017,0,259.3,9840,0,1522,3212,1,4,F,F,4,FALSE,TRUE
i130,i082,chimp,5,South,2017,South__2017,0,296.983333333333,2820,0,1656,3112,0,1,F,F,4,FALSE,FALSE
i029,i082,chimp,5,South,2017,South__2017,0,279.233333333333,4860,0,1217,3373,1,0,M,F,4,FALSE,FALSE
i101,i082,chimp,5,South,2017,South__2017,0,231.15,480,0,660,3167,0,1,F,F,4,FALSE,FALSE
i018,i082,chimp,5,South,2017,South__2017,0,197.682222222222,780,0,539,3133,0,0,F,F,4,FALSE,FALSE
i068,i082,chimp,5,South,2017,South__2017,0,232.366666666667,60,0,333,3167,0,0,F,F,4,FALSE,TRUE
i085,i082,chimp,5,South,2017,South__2017,0,248.65,3780,0,1472,3097,1,2,F,F,4,FALSE,FALSE
i139,i082,chimp,5,South,2017,South__2017,0,247.183333333333,660,0,284,2976,0,0,F,F,4,FALSE,TRUE
i140,i082,chimp,5,South,2017,South__2017,0,227.174166666667,540,0,299,2997,0,0,F,F,4,FALSE,FALSE
i130,i108,chimp,5,South,2017,South__2017,0,257.416666666667,5760,0,1656,3216,0,3,F,F,4,FALSE,FALSE
i029,i108,chimp,5,South,2017,South__2017,0,239.666666666667,1140,1,1345,3349,1,1,M,F,4,FALSE,FALSE
i101,i108,chimp,5,South,2017,South__2017,0,191.583333333333,120,0,719,3212,0,0,F,F,4,FALSE,FALSE
i018,i108,chimp,5,South,2017,South__2017,0,158.115555555556,0,0,597,3179,0,0,F,F,4,FALSE,FALSE
i068,i108,chimp,5,South,2017,South__2017,0,192.8,1800,0,384,3220,0,0,F,F,4,FALSE,TRUE
i085,i108,chimp,5,South,2017,South__2017,0,209.083333333333,1560,0,1394,3279,1,0,F,F,4,FALSE,FALSE
i139,i108,chimp,5,South,2017,South__2017,0,207.616666666667,240,0,273,3091,0,0,F,F,4,FALSE,TRUE
i140,i108,chimp,5,South,2017,South__2017,0,187.6075,408,0,295,3105,0,0,F,F,4,FALSE,FALSE
i029,i130,chimp,5,South,2017,South__2017,0,277.35,1980,0,1503,3225,0,0,M,F,4,FALSE,FALSE
i101,i130,chimp,5,South,2017,South__2017,0,229.266666666667,720,0,772,3193,0,0,F,F,4,FALSE,FALSE
i018,i130,chimp,5,South,2017,South__2017,0,195.798888888889,0,0,621,3189,0,0,F,F,4,FALSE,FALSE
i068,i130,chimp,5,South,2017,South__2017,0,230.483333333333,0,0,427,3211,0,0,F,F,4,FALSE,FALSE
i085,i130,chimp,5,South,2017,South__2017,0,246.766666666667,7980,0,1737,2970,0,5,F,F,4,FALSE,FALSE
i139,i130,chimp,5,South,2017,South__2017,0,245.3,240,0,331,3067,0,0,F,F,4,FALSE,FALSE
i140,i130,chimp,5,South,2017,South__2017,0,225.290833333333,0,0,355,3079,0,0,F,F,4,FALSE,FALSE
i101,i029,chimp,5,South,2017,South__2017,0,211.516666666667,300,1,690,3097,0,0,F,M,4,FALSE,FALSE
i018,i029,chimp,5,South,2017,South__2017,0,178.048888888889,1140,0,587,3045,0,0,F,M,4,FALSE,FALSE
i068,i029,chimp,5,South,2017,South__2017,0,212.733333333333,0,0,457,3003,0,0,F,M,4,FALSE,FALSE
i085,i029,chimp,5,South,2017,South__2017,0,229.016666666667,1680,1,1363,3166,1,1,F,M,4,FALSE,FALSE
i139,i029,chimp,5,South,2017,South__2017,0,227.55,0,0,366,2854,0,0,F,M,4,FALSE,FALSE
i140,i029,chimp,5,South,2017,South__2017,0,207.540833333333,2460,1,386,2870,0,0,F,M,4,FALSE,FALSE
i018,i101,chimp,5,South,2017,South__2017,0,129.965555555556,2300,0,953,1916,0,0,F,F,4,FALSE,FALSE
i068,i101,chimp,5,South,2017,South__2017,0,164.65,1440,0,697,2000,1,0,F,F,4,FALSE,FALSE
i085,i101,chimp,5,South,2017,South__2017,0,180.933333333333,120,0,682,3084,1,0,F,F,4,FALSE,FALSE
i139,i101,chimp,5,South,2017,South__2017,0,179.466666666667,1740,0,492,1965,0,0,F,F,4,FALSE,FALSE
i140,i101,chimp,5,South,2017,South__2017,0,159.4575,608,3,500,1993,0,0,F,F,4,FALSE,FALSE
i068,i018,chimp,5,South,2017,South__2017,0,131.182222222222,600,0,632,1910,0,0,F,F,4,FALSE,FALSE
i085,i018,chimp,5,South,2017,South__2017,0,147.465555555556,0,0,574,3037,0,0,F,F,4,FALSE,FALSE
i139,i018,chimp,5,South,2017,South__2017,0,145.998888888889,1500,0,440,1862,0,0,F,F,4,FALSE,FALSE
i140,i018,chimp,5,South,2017,South__2017,0,125.989722222222,1860,0,448,1890,0,0,F,F,4,FALSE,FALSE
i085,i068,chimp,5,South,2017,South__2017,0,182.15,720,0,541,2898,0,0,F,F,4,TRUE,FALSE
i139,i068,chimp,5,South,2017,South__2017,0,180.683333333333,3420,1,451,1679,0,0,F,F,4,FALSE,TRUE
i140,i068,chimp,5,South,2017,South__2017,0,160.674166666667,0,1,454,1712,1,0,F,F,4,FALSE,FALSE
i139,i085,chimp,5,South,2017,South__2017,0,196.966666666667,0,0,207,2992,0,0,F,F,4,FALSE,FALSE
i140,i085,chimp,5,South,2017,South__2017,0,176.9575,444,0,227,3008,0,1,F,F,4,FALSE,FALSE
i140,i139,chimp,5,South,2017,South__2017,1,175.490833333333,20702,0,937,989,1,3,F,F,4,FALSE,FALSE
i048,i032,chimp,5,South,2018,South__2018,0,153.883333333333,1500,4,641,1770,0,0,F,M,4,FALSE,FALSE
i086,i032,chimp,5,South,2018,South__2018,0,178.433333333333,180,0,414,2008,0,1,F,M,4,FALSE,FALSE
i059,i032,chimp,5,South,2018,South__2018,0,198.8,11700,1,1062,1968,0,2,M,M,4,FALSE,FALSE
i026,i032,chimp,5,South,2018,South__2018,0,149.216666666667,480,2,767,1888,0,0,F,M,4,FALSE,FALSE
i024,i032,chimp,5,South,2018,South__2018,0,127.966666666667,60,1,557,1715,0,0,F,M,4,FALSE,FALSE
i091,i032,chimp,5,South,2018,South__2018,0,227.4,3960,2,904,1818,0,1,M,M,4,FALSE,FALSE
i133,i032,chimp,5,South,2018,South__2018,0,157.8,300,0,640,1859,1,1,F,M,4,FALSE,FALSE
i123,i032,chimp,5,South,2018,South__2018,0,169.916666666667,4860,1,1033,1864,0,1,M,M,4,FALSE,FALSE
i040,i032,chimp,5,South,2018,South__2018,0,235.183333333333,14280,2,1239,1988,0,3,M,M,4,FALSE,FALSE
i131,i032,chimp,5,South,2018,South__2018,0,140.516666666667,960,0,855,2057,0,1,F,M,4,FALSE,FALSE
i013,i032,chimp,5,South,2018,South__2018,0,129.816666666667,900,0,336,1848,0,1,F,M,4,FALSE,FALSE
i082,i032,chimp,5,South,2018,South__2018,1,152.833333333333,2640,0,672,1910,0,0,F,M,4,FALSE,FALSE
i108,i032,chimp,5,South,2018,South__2018,0,147.216666666667,360,0,765,1920,0,3,F,M,4,FALSE,FALSE
i130,i032,chimp,5,South,2018,South__2018,0,171.45,1860,0,894,1886,0,0,F,M,4,FALSE,FALSE
i029,i032,chimp,5,South,2018,South__2018,0,212.916666666667,1200,2,1135,1959,0,0,M,M,4,FALSE,FALSE
i101,i032,chimp,5,South,2018,South__2018,0,147.683333333333,1740,2,620,2038,0,0,F,M,4,FALSE,FALSE
i018,i032,chimp,5,South,2018,South__2018,0,119.811666666667,0,0,286,1767,0,0,F,M,4,FALSE,FALSE
i068,i032,chimp,5,South,2018,South__2018,0,143.9,0,0,426,1904,0,1,F,M,4,FALSE,FALSE
i085,i032,chimp,5,South,2018,South__2018,0,173.833333333333,3120,1,856,1912,0,1,F,M,4,FALSE,FALSE
i139,i032,chimp,5,South,2018,South__2018,0,167.5,660,0,381,1976,0,1,F,M,4,FALSE,FALSE
i140,i032,chimp,5,South,2018,South__2018,0,139.246111111111,0,1,402,1994,0,1,F,M,4,FALSE,FALSE
i086,i048,chimp,5,South,2018,South__2018,0,153.05,0,0,406,1537,0,0,F,F,4,FALSE,FALSE
i059,i048,chimp,5,South,2018,South__2018,0,173.416666666667,11340,6,703,1848,0,4,M,F,4,FALSE,FALSE
i026,i048,chimp,5,South,2018,South__2018,0,123.833333333333,0,0,413,1763,0,0,F,F,4,FALSE,FALSE
i024,i048,chimp,5,South,2018,South__2018,0,102.583333333333,900,0,334,1459,0,0,F,F,4,FALSE,FALSE
i091,i048,chimp,5,South,2018,South__2018,0,202.016666666667,660,0,513,1730,0,1,M,F,4,FALSE,FALSE
i133,i048,chimp,5,South,2018,South__2018,0,132.416666666667,0,1,360,1660,0,0,F,F,4,FALSE,FALSE
i123,i048,chimp,5,South,2018,South__2018,0,144.533333333333,3360,0,729,1689,0,1,M,F,4,FALSE,FALSE
i040,i048,chimp,5,South,2018,South__2018,0,209.8,1920,1,713,2035,0,2,M,F,4,FALSE,FALSE
i131,i048,chimp,5,South,2018,South__2018,0,115.133333333333,120,0,534,1899,0,0,F,F,4,FALSE,FALSE
i013,i048,chimp,5,South,2018,South__2018,0,104.433333333333,0,0,386,1319,1,0,F,F,4,FALSE,FALSE
i082,i048,chimp,5,South,2018,South__2018,0,127.45,0,0,387,1716,0,0,F,F,4,FALSE,FALSE
i108,i048,chimp,5,South,2018,South__2018,0,121.833333333333,0,0,464,1742,0,0,F,F,4,FALSE,FALSE
i130,i048,chimp,5,South,2018,South__2018,0,146.066666666667,0,0,477,1824,0,0,F,F,4,FALSE,FALSE
i029,i048,chimp,5,South,2018,South__2018,0,187.533333333333,1080,0,697,1918,0,0,M,F,4,FALSE,FALSE
i101,i048,chimp,5,South,2018,South__2018,0,122.3,0,0,571,1608,2,0,F,F,4,FALSE,FALSE
i018,i048,chimp,5,South,2018,South__2018,0,94.4283333333333,0,0,349,1225,2,0,F,F,4,FALSE,FALSE
i068,i048,chimp,5,South,2018,South__2018,0,118.516666666667,1200,0,445,1406,2,0,F,F,4,FALSE,FALSE
i085,i048,chimp,5,South,2018,South__2018,0,148.45,60,0,527,1762,0,0,F,F,4,FALSE,FALSE
i139,i048,chimp,5,South,2018,South__2018,0,142.116666666667,0,0,417,1461,1,0,F,F,4,FALSE,FALSE
i140,i048,chimp,5,South,2018,South__2018,0,113.862777777778,0,0,426,1491,0,0,F,F,4,FALSE,FALSE
i059,i086,chimp,5,South,2018,South__2018,0,197.966666666667,180,4,437,2125,0,0,M,F,4,FALSE,FALSE
i026,i086,chimp,5,South,2018,South__2018,0,148.383333333333,0,2,393,1794,0,0,F,F,4,FALSE,FALSE
i024,i086,chimp,5,South,2018,South__2018,0,127.133333333333,0,0,226,1578,0,0,F,F,4,FALSE,FALSE
i091,i086,chimp,5,South,2018,South__2018,0,226.566666666667,840,1,407,1847,0,0,M,F,4,FALSE,FALSE
i133,i086,chimp,5,South,2018,South__2018,0,156.966666666667,0,0,290,1741,0,0,F,F,4,FALSE,FALSE
i123,i086,chimp,5,South,2018,South__2018,0,169.083333333333,1560,1,497,1932,0,3,M,F,4,FALSE,FALSE
i040,i086,chimp,5,South,2018,South__2018,0,234.35,4260,0,557,2202,0,1,M,F,4,FALSE,FALSE
i131,i086,chimp,5,South,2018,South__2018,0,139.683333333333,1260,0,445,1999,0,0,F,F,4,FALSE,FALSE
i013,i086,chimp,5,South,2018,South__2018,0,128.983333333333,960,0,456,1260,1,0,F,F,4,FALSE,FALSE
i082,i086,chimp,5,South,2018,South__2018,0,152,3060,0,338,1776,0,0,F,F,4,FALSE,FALSE
i108,i086,chimp,5,South,2018,South__2018,0,146.383333333333,0,0,361,1856,0,0,F,F,4,FALSE,FALSE
i130,i086,chimp,5,South,2018,South__2018,0,170.616666666667,0,1,407,1905,0,0,F,F,4,FALSE,FALSE
i029,i086,chimp,5,South,2018,South__2018,0,212.083333333333,540,0,534,2092,0,0,M,F,4,FALSE,FALSE
i101,i086,chimp,5,South,2018,South__2018,0,146.85,600,0,636,1554,1,0,F,F,4,FALSE,FALSE
i018,i086,chimp,5,South,2018,South__2018,0,118.978333333333,0,2,407,1178,0,0,F,F,4,FALSE,FALSE
i068,i086,chimp,5,South,2018,South__2018,0,143.066666666667,540,0,595,1267,2,0,F,F,4,FALSE,FALSE
i085,i086,chimp,5,South,2018,South__2018,0,173,60,0,374,1926,0,0,F,F,4,FALSE,FALSE
i139,i086,chimp,5,South,2018,South__2018,0,166.666666666667,600,0,586,1303,2,0,F,F,4,FALSE,FALSE
i140,i086,chimp,5,South,2018,South__2018,0,138.412777777778,0,0,595,1333,1,1,F,F,4,FALSE,FALSE
i026,i059,chimp,5,South,2018,South__2018,0,168.75,900,2,767,2028,0,1,F,M,4,FALSE,FALSE
i024,i059,chimp,5,South,2018,South__2018,0,147.5,2160,1,576,1836,0,0,F,M,4,FALSE,FALSE
i091,i059,chimp,5,South,2018,South__2018,0,246.933333333333,7800,5,907,1955,0,1,M,M,4,FALSE,FALSE
i133,i059,chimp,5,South,2018,South__2018,1,177.333333333333,3240,0,735,1904,0,3,F,M,4,FALSE,FALSE
i123,i059,chimp,5,South,2018,South__2018,0,189.45,21240,1,1165,1872,4,5,M,M,4,FALSE,FALSE
i040,i059,chimp,5,South,2018,South__2018,0,254.716666666667,20640,0,1262,2105,1,1,M,M,4,FALSE,FALSE
i131,i059,chimp,5,South,2018,South__2018,0,160.05,1440,1,890,2162,0,0,F,M,4,FALSE,FALSE
i013,i059,chimp,5,South,2018,South__2018,0,149.35,4740,2,417,1907,0,0,F,M,4,FALSE,FALSE
i082,i059,chimp,5,South,2018,South__2018,0,172.366666666667,600,3,649,2073,0,1,F,M,4,FALSE,FALSE
i108,i059,chimp,5,South,2018,South__2018,0,166.75,6120,2,735,2090,0,0,F,M,4,FALSE,FALSE
i130,i059,chimp,5,South,2018,South__2018,0,190.983333333333,4200,1,827,2093,0,0,F,M,4,FALSE,FALSE
i029,i059,chimp,5,South,2018,South__2018,0,232.45,4080,11,1195,2039,1,0,M,M,4,FALSE,FALSE
i101,i059,chimp,5,South,2018,South__2018,0,167.216666666667,1980,3,691,2107,0,0,F,M,4,FALSE,FALSE
i018,i059,chimp,5,South,2018,South__2018,0,139.345,1320,0,385,1808,0,0,F,M,4,FALSE,FALSE
i068,i059,chimp,5,South,2018,South__2018,0,163.433333333333,2460,0,454,2016,0,0,F,M,4,FALSE,FALSE
i085,i059,chimp,5,South,2018,South__2018,0,193.366666666667,4440,2,841,2067,0,0,F,M,4,FALSE,FALSE
i139,i059,chimp,5,South,2018,South__2018,0,187.033333333333,4980,0,428,2069,0,0,F,M,4,FALSE,FALSE
i140,i059,chimp,5,South,2018,South__2018,0,158.779444444444,0,0,440,2096,0,0,F,M,4,FALSE,FALSE
i024,i026,chimp,5,South,2018,South__2018,0,97.9166666666667,0,0,522,1515,0,0,F,F,4,FALSE,FALSE
i091,i026,chimp,5,South,2018,South__2018,0,197.35,540,2,718,1769,0,2,M,F,4,FALSE,FALSE
i133,i026,chimp,5,South,2018,South__2018,0,127.75,360,0,808,1456,0,4,F,F,4,FALSE,FALSE
i123,i026,chimp,5,South,2018,South__2018,0,139.866666666667,900,0,689,1973,1,1,M,F,4,FALSE,FALSE
i040,i026,chimp,5,South,2018,South__2018,1,205.133333333333,3180,0,887,2105,0,2,M,F,4,FALSE,FALSE
i131,i026,chimp,5,South,2018,South__2018,0,110.466666666667,60,0,856,1821,0,0,F,F,4,FALSE,FALSE
i013,i026,chimp,5,South,2018,South__2018,0,99.7666666666667,0,1,324,1625,0,0,F,F,4,FALSE,FALSE
i082,i026,chimp,5,South,2018,South__2018,0,122.783333333333,600,0,770,1577,0,0,F,F,4,FALSE,FALSE
i108,i026,chimp,5,South,2018,South__2018,0,117.166666666667,60,0,760,1690,0,0,F,F,4,FALSE,FALSE
i130,i026,chimp,5,South,2018,South__2018,0,141.4,3720,0,776,1769,0,0,F,F,4,FALSE,FALSE
i029,i026,chimp,5,South,2018,South__2018,0,182.866666666667,240,1,808,2051,0,0,M,F,4,FALSE,FALSE
i101,i026,chimp,5,South,2018,South__2018,0,117.633333333333,0,0,534,1889,0,0,F,F,4,FALSE,FALSE
i018,i026,chimp,5,South,2018,South__2018,0,89.7616666666667,0,1,271,1547,0,0,F,F,4,FALSE,FALSE
i068,i026,chimp,5,South,2018,South__2018,0,113.85,0,0,394,1701,0,0,F,F,4,FALSE,FALSE
i085,i026,chimp,5,South,2018,South__2018,0,143.783333333333,240,0,837,1696,0,0,F,F,4,FALSE,FALSE
i139,i026,chimp,5,South,2018,South__2018,0,137.45,780,1,364,1758,0,0,F,F,4,FALSE,FALSE
i140,i026,chimp,5,South,2018,South__2018,0,109.196111111111,0,0,395,1766,0,0,F,F,4,FALSE,FALSE
i091,i024,chimp,5,South,2018,South__2018,0,176.1,2160,0,514,1590,0,1,M,F,4,FALSE,FALSE
i133,i024,chimp,5,South,2018,South__2018,0,106.5,780,0,495,1386,0,0,F,F,4,FALSE,FALSE
i123,i024,chimp,5,South,2018,South__2018,0,118.616666666667,2580,1,539,1740,0,1,M,F,4,FALSE,FALSE
i040,i024,chimp,5,South,2018,South__2018,0,183.883333333333,5280,0,588,2021,0,1,M,F,4,FALSE,FALSE
i131,i024,chimp,5,South,2018,South__2018,0,89.2166666666667,0,0,581,1713,0,0,F,F,4,FALSE,FALSE
i013,i024,chimp,5,South,2018,South__2018,0,78.5166666666667,0,0,209,1357,0,0,F,F,4,FALSE,FALSE
i082,i024,chimp,5,South,2018,South__2018,0,101.533333333333,1440,0,542,1422,0,0,F,F,4,FALSE,FALSE
i108,i024,chimp,5,South,2018,South__2018,0,95.9166666666667,0,0,573,1494,0,0,F,F,4,FALSE,FALSE
i130,i024,chimp,5,South,2018,South__2018,0,120.15,60,0,565,1597,0,0,F,F,4,FALSE,FALSE
i029,i024,chimp,5,South,2018,South__2018,0,161.616666666667,1260,0,596,1880,0,2,M,F,4,FALSE,FALSE
i101,i024,chimp,5,South,2018,South__2018,0,96.3833333333333,240,0,349,1691,0,0,F,F,4,FALSE,FALSE
i018,i024,chimp,5,South,2018,South__2018,0,68.5116666666667,0,0,190,1245,0,0,F,F,4,FALSE,FALSE
i068,i024,chimp,5,South,2018,South__2018,0,92.6,0,0,260,1452,0,0,F,F,4,FALSE,FALSE
i085,i024,chimp,5,South,2018,South__2018,0,122.533333333333,960,0,573,1577,0,1,F,F,4,FALSE,FALSE
i139,i024,chimp,5,South,2018,South__2018,0,116.2,0,0,225,1514,0,0,F,F,4,FALSE,FALSE
i140,i024,chimp,5,South,2018,South__2018,0,87.9461111111111,0,0,236,1542,0,0,F,F,4,FALSE,FALSE
i133,i091,chimp,5,South,2018,South__2018,0,205.933333333333,2040,0,611,1720,0,1,F,M,4,FALSE,TRUE
i123,i091,chimp,5,South,2018,South__2018,0,218.05,7440,0,904,1825,1,1,M,M,4,FALSE,TRUE
i040,i091,chimp,5,South,2018,South__2018,0,283.316666666667,8340,2,986,2073,0,0,M,M,4,FALSE,FALSE
i131,i091,chimp,5,South,2018,South__2018,0,188.65,780,0,784,1960,0,1,F,M,4,FALSE,FALSE
i013,i091,chimp,5,South,2018,South__2018,0,177.95,1320,0,306,1710,0,0,F,M,4,FALSE,FALSE
i082,i091,chimp,5,South,2018,South__2018,0,200.966666666667,600,1,606,1808,0,0,F,M,4,FALSE,TRUE
i108,i091,chimp,5,South,2018,South__2018,0,195.35,1620,1,673,1844,0,0,F,M,4,FALSE,FALSE
i130,i091,chimp,5,South,2018,South__2018,0,219.583333333333,1740,0,760,1852,0,1,F,M,4,FALSE,FALSE
i029,i091,chimp,5,South,2018,South__2018,0,261.05,8880,0,1028,1898,1,3,M,M,4,FALSE,TRUE
i101,i091,chimp,5,South,2018,South__2018,0,195.816666666667,2820,1,525,1965,0,0,F,M,4,FALSE,FALSE
i018,i091,chimp,5,South,2018,South__2018,0,167.945,0,0,267,1618,0,0,F,M,4,FALSE,TRUE
i068,i091,chimp,5,South,2018,South__2018,0,192.033333333333,0,0,383,1779,0,0,F,M,4,FALSE,TRUE
i085,i091,chimp,5,South,2018,South__2018,0,221.966666666667,6600,1,783,1817,0,2,F,M,4,FALSE,FALSE
i139,i091,chimp,5,South,2018,South__2018,0,215.633333333333,660,2,367,1822,0,0,F,M,4,FALSE,TRUE
i140,i091,chimp,5,South,2018,South__2018,0,187.379444444444,600,0,363,1865,0,1,F,M,4,FALSE,FALSE
i123,i133,chimp,5,South,2018,South__2018,0,148.45,2040,2,615,1891,0,2,M,F,4,FALSE,TRUE
i040,i133,chimp,5,South,2018,South__2018,0,213.716666666667,1200,1,759,2077,0,1,M,F,4,FALSE,FALSE
i131,i133,chimp,5,South,2018,South__2018,0,119.05,1320,0,743,1778,0,2,F,F,4,FALSE,FALSE
i013,i133,chimp,5,South,2018,South__2018,0,108.35,0,0,250,1543,0,0,F,F,4,FALSE,FALSE
i082,i133,chimp,5,South,2018,South__2018,0,131.366666666667,1200,0,674,1517,0,2,F,F,4,FALSE,TRUE
i108,i133,chimp,5,South,2018,South__2018,0,125.75,360,0,662,1632,0,0,F,F,4,FALSE,FALSE
i130,i133,chimp,5,South,2018,South__2018,0,149.983333333333,0,0,655,1734,0,0,F,F,4,FALSE,FALSE
i029,i133,chimp,5,South,2018,South__2018,0,191.45,600,0,695,2008,0,0,M,F,4,FALSE,TRUE
i101,i133,chimp,5,South,2018,South__2018,0,126.216666666667,0,0,423,1844,0,0,F,F,4,FALSE,FALSE
i018,i133,chimp,5,South,2018,South__2018,0,98.345,0,0,221,1441,0,0,F,F,4,FALSE,TRUE
i068,i133,chimp,5,South,2018,South__2018,0,122.433333333333,0,0,308,1631,0,0,F,F,4,FALSE,TRUE
i085,i133,chimp,5,South,2018,South__2018,0,152.366666666667,1500,0,678,1699,0,1,F,F,4,FALSE,FALSE
i139,i133,chimp,5,South,2018,South__2018,0,146.033333333333,60,0,291,1675,0,1,F,F,4,FALSE,TRUE
i140,i133,chimp,5,South,2018,South__2018,0,117.779444444444,0,2,315,1690,0,0,F,F,4,FALSE,FALSE
i040,i123,chimp,5,South,2018,South__2018,0,225.833333333333,16380,2,1190,2044,1,2,M,M,4,FALSE,FALSE
i131,i123,chimp,5,South,2018,South__2018,0,131.166666666667,1560,0,856,2063,0,1,F,M,4,FALSE,FALSE
i013,i123,chimp,5,South,2018,South__2018,0,120.466666666667,2460,0,422,1769,0,0,F,M,4,FALSE,FALSE
i082,i123,chimp,5,South,2018,South__2018,0,143.483333333333,960,0,611,1978,0,0,F,M,4,FALSE,TRUE
i108,i123,chimp,5,South,2018,South__2018,0,137.866666666667,240,0,729,1963,0,1,F,M,4,FALSE,FALSE
i130,i123,chimp,5,South,2018,South__2018,0,162.1,4620,0,845,1942,0,2,F,M,4,FALSE,FALSE
i029,i123,chimp,5,South,2018,South__2018,0,203.566666666667,6120,0,1188,1913,0,1,M,M,4,FALSE,TRUE
i101,i123,chimp,5,South,2018,South__2018,0,138.333333333333,1260,2,593,2072,0,2,F,M,4,FALSE,FALSE
i018,i123,chimp,5,South,2018,South__2018,0,110.461666666667,0,0,393,1667,0,1,F,M,4,FALSE,TRUE
i068,i123,chimp,5,South,2018,South__2018,0,134.55,720,0,468,1869,0,0,F,M,4,FALSE,TRUE
i085,i123,chimp,5,South,2018,South__2018,0,164.483333333333,2640,0,827,1948,0,2,F,M,4,FALSE,FALSE
i139,i123,chimp,5,South,2018,South__2018,0,158.15,480,0,448,1916,0,0,F,M,4,FALSE,TRUE
i140,i123,chimp,5,South,2018,South__2018,0,129.896111111111,3798,1,460,1943,0,0,F,M,4,FALSE,FALSE
i131,i040,chimp,5,South,2018,South__2018,0,196.433333333333,1320,0,1051,2198,0,2,F,M,4,FALSE,FALSE
i013,i040,chimp,5,South,2018,South__2018,0,185.733333333333,1800,0,456,2065,0,0,F,M,4,FALSE,FALSE
i082,i040,chimp,5,South,2018,South__2018,0,208.75,900,0,767,2152,0,1,F,M,4,FALSE,FALSE
i108,i040,chimp,5,South,2018,South__2018,0,203.133333333333,2880,2,834,2188,0,1,F,M,4,FALSE,FALSE
i130,i040,chimp,5,South,2018,South__2018,0,227.366666666667,4800,0,988,2129,0,1,F,M,4,FALSE,FALSE
i029,i040,chimp,5,South,2018,South__2018,0,268.833333333333,14880,5,1286,2145,1,0,M,M,4,FALSE,FALSE
i101,i040,chimp,5,South,2018,South__2018,0,203.6,60,1,788,2207,0,1,F,M,4,FALSE,FALSE
i018,i040,chimp,5,South,2018,South__2018,0,175.728333333333,249,0,403,1987,0,0,F,M,4,FALSE,FALSE
i068,i040,chimp,5,South,2018,South__2018,0,199.816666666667,1860,0,571,2096,0,1,F,M,4,FALSE,FALSE
i085,i040,chimp,5,South,2018,South__2018,0,229.75,3780,0,960,2145,0,2,F,M,4,FALSE,FALSE
i139,i040,chimp,5,South,2018,South__2018,0,223.416666666667,3180,0,536,2158,0,0,F,M,4,FALSE,FALSE
i140,i040,chimp,5,South,2018,South__2018,0,195.162777777778,14105,0,570,2163,0,1,F,M,4,FALSE,FALSE
i013,i131,chimp,5,South,2018,South__2018,0,91.0666666666667,0,0,384,1822,0,0,F,F,4,FALSE,FALSE
i082,i131,chimp,5,South,2018,South__2018,0,114.083333333333,720,0,865,1739,0,0,F,F,4,FALSE,FALSE
i108,i131,chimp,5,South,2018,South__2018,0,108.466666666667,2340,0,952,1755,1,1,F,F,4,FALSE,FALSE
i130,i131,chimp,5,South,2018,South__2018,0,132.7,960,0,836,1966,0,0,F,F,4,FALSE,FALSE
i029,i131,chimp,5,South,2018,South__2018,0,174.166666666667,2100,1,979,2137,0,0,M,F,4,FALSE,FALSE
i101,i131,chimp,5,South,2018,South__2018,0,108.933333333333,180,0,625,2055,1,0,F,F,4,FALSE,FALSE
i018,i131,chimp,5,South,2018,South__2018,0,81.0616666666667,0,3,339,1736,0,0,F,F,4,FALSE,FALSE
i068,i131,chimp,5,South,2018,South__2018,0,105.15,1200,0,440,1912,0,0,F,F,4,FALSE,FALSE
i085,i131,chimp,5,South,2018,South__2018,0,135.083333333333,1380,0,1044,1746,1,2,F,F,4,FALSE,FALSE
i139,i131,chimp,5,South,2018,South__2018,0,128.75,900,0,489,1890,0,0,F,F,4,FALSE,FALSE
i140,i131,chimp,5,South,2018,South__2018,0,100.496111111111,720,0,518,1900,0,0,F,F,4,FALSE,FALSE
i082,i013,chimp,5,South,2018,South__2018,0,103.383333333333,780,0,270,1606,0,0,F,F,4,FALSE,FALSE
i108,i013,chimp,5,South,2018,South__2018,0,97.7666666666667,180,0,310,1669,0,0,F,F,4,FALSE,FALSE
i130,i013,chimp,5,South,2018,South__2018,0,122,0,0,348,1726,0,0,F,F,4,FALSE,FALSE
i029,i013,chimp,5,South,2018,South__2018,0,163.466666666667,780,0,414,1974,0,1,M,F,4,FALSE,FALSE
i101,i013,chimp,5,South,2018,South__2018,0,98.2333333333333,900,0,618,1334,4,2,F,F,4,FALSE,FALSE
i018,i013,chimp,5,South,2018,South__2018,1,70.3616666666667,2545,0,598,749,4,0,F,F,4,FALSE,FALSE
i068,i013,chimp,5,South,2018,South__2018,0,94.45,0,0,399,1225,1,0,F,F,4,FALSE,FALSE
i085,i013,chimp,5,South,2018,South__2018,0,124.383333333333,120,0,325,1737,0,0,F,F,4,FALSE,FALSE
i139,i013,chimp,5,South,2018,South__2018,0,118.05,540,0,469,1182,1,0,F,F,4,FALSE,FALSE
i140,i013,chimp,5,South,2018,South__2018,0,89.7961111111111,480,0,474,1216,0,0,F,F,4,FALSE,FALSE
i108,i082,chimp,5,South,2018,South__2018,0,120.783333333333,1500,0,882,1495,0,1,F,F,4,TRUE,FALSE
i130,i082,chimp,5,South,2018,South__2018,0,145.016666666667,2580,0,774,1698,0,0,F,F,4,TRUE,FALSE
i029,i082,chimp,5,South,2018,South__2018,0,186.483333333333,1080,0,706,2080,0,0,M,F,4,TRUE,TRUE
i101,i082,chimp,5,South,2018,South__2018,0,121.25,240,0,438,1912,0,0,F,F,4,FALSE,FALSE
i018,i082,chimp,5,South,2018,South__2018,0,93.3783333333333,0,0,222,1523,0,0,F,F,4,FALSE,TRUE
i068,i082,chimp,5,South,2018,South__2018,0,117.466666666667,1260,0,329,1693,0,0,F,F,4,TRUE,TRUE
i085,i082,chimp,5,South,2018,South__2018,0,147.4,180,0,834,1626,0,0,F,F,4,FALSE,FALSE
i139,i082,chimp,5,South,2018,South__2018,0,141.066666666667,60,0,336,1713,0,0,F,F,4,FALSE,TRUE
i140,i082,chimp,5,South,2018,South__2018,0,112.812777777778,188,0,364,1724,0,0,F,F,4,FALSE,FALSE
i130,i108,chimp,5,South,2018,South__2018,0,139.4,3180,0,856,1719,0,0,F,F,4,TRUE,FALSE
i029,i108,chimp,5,South,2018,South__2018,0,180.866666666667,1740,2,775,2114,0,0,M,F,4,TRUE,FALSE
i101,i108,chimp,5,South,2018,South__2018,0,115.633333333333,600,0,484,1969,0,0,F,F,4,FALSE,FALSE
i018,i108,chimp,5,South,2018,South__2018,0,87.7616666666667,0,2,258,1590,0,0,F,F,4,FALSE,FALSE
i068,i108,chimp,5,South,2018,South__2018,0,111.85,0,0,344,1781,0,0,F,F,4,TRUE,FALSE
i085,i108,chimp,5,South,2018,South__2018,0,141.783333333333,2760,0,919,1644,1,1,F,F,4,FALSE,FALSE
i139,i108,chimp,5,South,2018,South__2018,0,135.45,660,0,343,1809,0,0,F,F,4,FALSE,FALSE
i140,i108,chimp,5,South,2018,South__2018,0,107.196111111111,253,0,356,1835,0,0,F,F,4,FALSE,FALSE
i029,i130,chimp,5,South,2018,South__2018,0,205.1,300,0,926,2058,1,2,M,F,4,TRUE,FALSE
i101,i130,chimp,5,South,2018,South__2018,0,139.866666666667,0,0,510,2038,0,0,F,F,4,FALSE,FALSE
i018,i130,chimp,5,South,2018,South__2018,0,111.995,0,0,286,1657,0,0,F,F,4,FALSE,FALSE
i068,i130,chimp,5,South,2018,South__2018,0,136.083333333333,0,0,408,1812,0,0,F,F,4,TRUE,FALSE
i085,i130,chimp,5,South,2018,South__2018,0,166.016666666667,1560,2,878,1780,0,2,F,F,4,FALSE,FALSE
i139,i130,chimp,5,South,2018,South__2018,0,159.683333333333,0,0,375,1872,0,0,F,F,4,FALSE,FALSE
i140,i130,chimp,5,South,2018,South__2018,0,131.429444444444,0,1,412,1874,0,0,F,F,4,FALSE,FALSE
i101,i029,chimp,5,South,2018,South__2018,0,181.333333333333,660,1,701,2161,0,2,F,M,4,FALSE,FALSE
i018,i029,chimp,5,South,2018,South__2018,0,153.461666666667,0,0,365,1892,0,1,F,M,4,FALSE,TRUE
i068,i029,chimp,5,South,2018,South__2018,0,177.55,1200,0,509,2025,0,1,F,M,4,TRUE,TRUE
i085,i029,chimp,5,South,2018,South__2018,0,207.483333333333,4140,1,901,2071,0,3,F,M,4,FALSE,FALSE
i139,i029,chimp,5,South,2018,South__2018,0,201.15,1020,0,473,2088,0,0,F,M,4,FALSE,TRUE
i140,i029,chimp,5,South,2018,South__2018,0,172.896111111111,540,0,503,2097,0,0,F,M,4,FALSE,FALSE
i018,i101,chimp,5,South,2018,South__2018,0,88.2283333333333,0,0,512,1309,3,0,F,F,4,FALSE,FALSE
i068,i101,chimp,5,South,2018,South__2018,0,112.316666666667,2340,0,639,1459,1,0,F,F,4,FALSE,FALSE
i085,i101,chimp,5,South,2018,South__2018,0,142.25,120,0,538,1998,0,0,F,F,4,FALSE,FALSE
i139,i101,chimp,5,South,2018,South__2018,0,135.916666666667,2220,1,611,1514,1,0,F,F,4,FALSE,FALSE
i140,i101,chimp,5,South,2018,South__2018,0,107.662777777778,544,0,609,1555,0,0,F,F,4,FALSE,FALSE
i068,i018,chimp,5,South,2018,South__2018,0,84.445,0,0,358,1135,1,0,F,F,4,FALSE,TRUE
i085,i018,chimp,5,South,2018,South__2018,0,114.378333333333,142,0,294,1637,0,0,F,F,4,FALSE,FALSE
i139,i018,chimp,5,South,2018,South__2018,0,108.045,0,0,371,1149,1,0,F,F,4,FALSE,TRUE
i140,i018,chimp,5,South,2018,South__2018,0,79.7911111111111,0,0,380,1179,0,0,F,F,4,FALSE,FALSE
i085,i068,chimp,5,South,2018,South__2018,0,138.466666666667,0,0,365,1843,0,0,F,F,4,FALSE,FALSE
i139,i068,chimp,5,South,2018,South__2018,0,132.133333333333,3120,1,578,1219,3,0,F,F,4,FALSE,TRUE
i140,i068,chimp,5,South,2018,South__2018,0,103.879444444444,360,1,580,1256,1,0,F,F,4,FALSE,FALSE
i139,i085,chimp,5,South,2018,South__2018,0,162.066666666667,0,0,382,1853,0,1,F,F,4,FALSE,FALSE
i140,i085,chimp,5,South,2018,South__2018,0,133.812777777778,5,0,394,1880,0,0,F,F,4,FALSE,FALSE
i140,i139,chimp,5,South,2018,South__2018,1,127.479444444444,7343,0,891,972,2,3,F,F,4,FALSE,FALSE
i006,i136,chimp,7,North,2016,North__2016,0,624.95,15120,27,2483,5821,2,1,F,M,4,FALSE,FALSE
i030,i136,chimp,7,North,2016,North__2016,0,590.85,7260,12,2490,5800,1,1,F,M,4,FALSE,FALSE
i022,i136,chimp,7,North,2016,North__2016,0,632.35,46500,89,3275,4927,12,6,M,M,4,TRUE,TRUE
i035,i136,chimp,7,North,2016,North__2016,0,619.933333333333,12840,36,2986,5072,4,2,F,M,4,FALSE,TRUE
i055,i136,chimp,7,North,2016,North__2016,1,564.583333333333,1380,2,2401,5165,2,0,F,M,4,TRUE,FALSE
i107,i136,chimp,7,North,2016,North__2016,1,554.3,3960,1,2495,5232,3,2,F,M,4,FALSE,TRUE
i073,i136,chimp,7,North,2016,North__2016,0,536.8,40440,1,3383,4316,8,2,M,M,4,TRUE,TRUE
i027,i136,chimp,7,North,2016,North__2016,0,666.733333333333,14400,18,2337,5615,2,1,F,M,4,FALSE,FALSE
i076,i136,chimp,7,North,2016,North__2016,0,518.85,21480,23,3263,4787,2,5,M,M,4,TRUE,TRUE
i135,i136,chimp,7,North,2016,North__2016,0,534.65,9600,8,2555,5416,0,0,F,M,4,TRUE,TRUE
i030,i006,chimp,7,North,2016,North__2016,1,675.066666666667,74040,0,4462,4598,2,0,F,F,4,FALSE,FALSE
i022,i006,chimp,7,North,2016,North__2016,0,716.566666666667,8580,36,2805,6167,1,0,M,F,4,FALSE,FALSE
i035,i006,chimp,7,North,2016,North__2016,0,704.15,6000,3,2943,5885,0,0,F,F,4,FALSE,FALSE
i055,i006,chimp,7,North,2016,North__2016,0,648.8,8220,3,2837,5499,0,0,F,F,4,FALSE,FALSE
i107,i006,chimp,7,North,2016,North__2016,0,638.516666666667,4200,2,2886,5611,0,0,F,F,4,FALSE,FALSE
i073,i006,chimp,7,North,2016,North__2016,1,621.016666666667,17760,7,2701,5768,0,1,M,F,4,FALSE,FALSE
i027,i006,chimp,7,North,2016,North__2016,0,750.95,38280,10,3448,5274,0,0,F,F,4,FALSE,FALSE
i076,i006,chimp,7,North,2016,North__2016,0,603.066666666667,2400,26,2822,5998,0,0,M,F,4,FALSE,FALSE
i135,i006,chimp,7,North,2016,North__2016,0,618.866666666667,16020,3,3056,5685,0,0,F,F,4,FALSE,FALSE
i022,i030,chimp,7,North,2016,North__2016,0,682.466666666667,7020,37,2798,6160,0,1,M,F,4,FALSE,FALSE
i035,i030,chimp,7,North,2016,North__2016,0,670.05,2220,0,2933,5881,5,0,F,F,4,FALSE,FALSE
i055,i030,chimp,7,North,2016,North__2016,0,614.7,5160,4,2817,5505,0,0,F,F,4,FALSE,FALSE
i107,i030,chimp,7,North,2016,North__2016,0,604.416666666667,5460,0,2859,5624,1,0,F,F,4,FALSE,FALSE
i073,i030,chimp,7,North,2016,North__2016,1,586.916666666667,11100,2,2712,5743,1,1,M,F,4,FALSE,FALSE
i027,i030,chimp,7,North,2016,North__2016,0,716.85,25800,2,3437,5271,0,0,F,F,4,FALSE,FALSE
i076,i030,chimp,7,North,2016,North__2016,0,568.966666666667,540,16,2834,5972,1,1,M,F,4,FALSE,FALSE
i135,i030,chimp,7,North,2016,North__2016,0,584.766666666667,7620,2,3049,5678,0,0,F,F,4,FALSE,FALSE
i035,i022,chimp,7,North,2016,North__2016,0,711.55,53820,59,3501,5225,2,7,F,M,4,FALSE,TRUE
i055,i022,chimp,7,North,2016,North__2016,0,656.2,7620,30,2750,5484,0,1,F,M,4,TRUE,FALSE
i107,i022,chimp,7,North,2016,North__2016,0,645.916666666667,21600,37,2903,5492,0,4,F,M,4,FALSE,TRUE
i073,i022,chimp,7,North,2016,North__2016,0,628.416666666667,39480,104,3414,4953,4,7,M,M,4,TRUE,TRUE
i027,i022,chimp,7,North,2016,North__2016,0,758.35,9240,35,2607,6013,0,1,F,M,4,FALSE,FALSE
i076,i022,chimp,7,North,2016,North__2016,0,610.466666666667,30900,44,3664,5054,3,4,M,M,4,TRUE,TRUE
i135,i022,chimp,7,North,2016,North__2016,0,626.266666666667,51600,30,3186,5453,1,4,F,M,4,TRUE,TRUE
i055,i035,chimp,7,North,2016,North__2016,0,643.783333333333,1860,0,2744,5346,1,2,F,F,4,FALSE,FALSE
i107,i035,chimp,7,North,2016,North__2016,0,633.5,6480,3,2843,5408,4,3,F,F,4,FALSE,TRUE
i073,i035,chimp,7,North,2016,North__2016,0,616,14400,14,3127,5096,0,5,M,F,4,FALSE,TRUE
i027,i035,chimp,7,North,2016,North__2016,0,745.933333333333,17760,4,2851,5625,1,0,F,F,4,FALSE,FALSE
i076,i035,chimp,7,North,2016,North__2016,0,598.05,12840,35,3468,5106,1,3,M,F,4,FALSE,TRUE
i135,i035,chimp,7,North,2016,North__2016,0,613.85,18480,1,3103,5392,3,2,F,F,4,FALSE,TRUE
i107,i055,chimp,7,North,2016,North__2016,1,578.15,51480,0,3697,4062,6,2,F,F,4,FALSE,FALSE
i073,i055,chimp,7,North,2016,North__2016,0,560.65,4680,16,2481,5250,0,2,M,F,4,TRUE,FALSE
i027,i055,chimp,7,North,2016,North__2016,0,690.583333333333,13800,9,2765,5219,0,1,F,F,4,FALSE,FALSE
i076,i055,chimp,7,North,2016,North__2016,0,542.7,9120,33,2772,5310,0,1,M,F,4,TRUE,FALSE
i135,i055,chimp,7,North,2016,North__2016,0,558.5,6840,1,2753,5250,1,0,F,F,4,TRUE,FALSE
i073,i107,chimp,7,North,2016,North__2016,0,550.366666666667,10260,13,2594,5298,0,1,M,F,4,FALSE,TRUE
i027,i107,chimp,7,North,2016,North__2016,0,680.3,8460,2,2773,5372,0,2,F,F,4,FALSE,FALSE
i076,i107,chimp,7,North,2016,North__2016,0,532.416666666667,12180,13,2884,5359,0,2,M,F,4,FALSE,TRUE
i135,i107,chimp,7,North,2016,North__2016,0,548.216666666667,8880,1,2858,5306,1,0,F,F,4,FALSE,TRUE
i027,i073,chimp,7,North,2016,North__2016,0,662.8,12180,13,2460,5657,1,1,F,M,4,FALSE,FALSE
i076,i073,chimp,7,North,2016,North__2016,0,514.916666666667,17220,20,3393,4822,1,5,M,M,4,TRUE,TRUE
i135,i073,chimp,7,North,2016,North__2016,0,530.716666666667,9120,15,2728,5408,0,2,F,M,4,TRUE,TRUE
i076,i027,chimp,7,North,2016,North__2016,1,644.85,15300,1,2809,5659,0,2,M,F,4,FALSE,FALSE
i135,i027,chimp,7,North,2016,North__2016,0,660.65,18900,4,2980,5409,1,0,F,F,4,FALSE,FALSE
i135,i076,chimp,7,North,2016,North__2016,0,512.766666666667,4920,17,3117,5370,0,0,F,M,4,TRUE,TRUE
i006,i136,chimp,7,North,2017,North__2017,0,427.233333333333,10140,8,2209,4049,1,0,F,M,4,TRUE,TRUE
i030,i136,chimp,7,North,2017,North__2017,0,389.366666666667,4680,16,2224,4044,0,0,F,M,4,TRUE,TRUE
i022,i136,chimp,7,North,2017,North__2017,0,371.116666666667,28140,45,2299,3441,4,1,M,M,4,TRUE,FALSE
i035,i136,chimp,7,North,2017,North__2017,0,428.15,3300,10,2091,3535,1,1,F,M,4,FALSE,TRUE
i055,i136,chimp,7,North,2017,North__2017,1,376.566666666667,5160,6,2097,3707,1,0,F,M,4,FALSE,TRUE
i107,i136,chimp,7,North,2017,North__2017,1,418.883333333333,5940,1,2112,3749,1,5,F,M,4,TRUE,FALSE
i073,i136,chimp,7,North,2017,North__2017,0,356,14160,6,2279,3374,7,3,M,M,4,FALSE,TRUE
i027,i136,chimp,7,North,2017,North__2017,0,431.666666666667,12600,18,2047,3843,5,0,F,M,4,FALSE,FALSE
i076,i136,chimp,7,North,2017,North__2017,0,384.033333333333,22680,19,2253,3494,3,0,M,M,4,FALSE,TRUE
i135,i136,chimp,7,North,2017,North__2017,0,441.05,5280,17,2104,3830,1,0,F,M,4,FALSE,TRUE
i030,i006,chimp,7,North,2017,North__2017,1,464.766666666667,32340,0,3334,3602,5,2,F,F,4,TRUE,TRUE
i022,i006,chimp,7,North,2017,North__2017,0,446.516666666667,6180,9,2242,4166,0,1,M,F,4,TRUE,FALSE
i035,i006,chimp,7,North,2017,North__2017,0,503.55,1860,1,2268,4026,1,0,F,F,4,FALSE,TRUE
i055,i006,chimp,7,North,2017,North__2017,0,451.966666666667,4740,1,2350,4122,0,0,F,F,4,FALSE,TRUE
i107,i006,chimp,7,North,2017,North__2017,0,494.283333333333,5340,0,2331,4198,0,1,F,F,4,TRUE,FALSE
i073,i006,chimp,7,North,2017,North__2017,1,431.4,3360,3,2325,3996,0,1,M,F,4,FALSE,TRUE
i027,i006,chimp,7,North,2017,North__2017,0,507.066666666667,9480,2,2460,4098,1,1,F,F,4,FALSE,FALSE
i076,i006,chimp,7,North,2017,North__2017,0,459.433333333333,3900,21,2293,4122,0,0,M,F,4,FALSE,TRUE
i135,i006,chimp,7,North,2017,North__2017,0,516.45,9540,0,2443,4159,0,0,F,F,4,FALSE,TRUE
i022,i030,chimp,7,North,2017,North__2017,0,408.65,9300,16,2303,4115,1,1,M,F,4,TRUE,FALSE
i035,i030,chimp,7,North,2017,North__2017,0,465.683333333333,3780,2,2259,4045,2,0,F,F,4,FALSE,TRUE
i055,i030,chimp,7,North,2017,North__2017,0,414.1,2100,3,2342,4140,0,0,F,F,4,FALSE,TRUE
i107,i030,chimp,7,North,2017,North__2017,0,456.416666666667,5520,2,2322,4217,1,0,F,F,4,TRUE,FALSE
i073,i030,chimp,7,North,2017,North__2017,1,393.533333333333,5460,1,2359,3972,2,2,M,F,4,FALSE,TRUE
i027,i030,chimp,7,North,2017,North__2017,0,469.2,12720,0,2474,4094,1,0,F,F,4,FALSE,FALSE
i076,i030,chimp,7,North,2017,North__2017,0,421.566666666667,780,6,2323,4102,0,1,M,F,4,FALSE,TRUE
i135,i030,chimp,7,North,2017,North__2017,0,478.583333333333,7980,0,2464,4148,0,0,F,F,4,FALSE,TRUE
i035,i022,chimp,7,North,2017,North__2017,0,447.433333333333,8700,13,2155,3621,2,3,F,M,4,FALSE,FALSE
i055,i022,chimp,7,North,2017,North__2017,0,395.85,2940,13,2012,3942,0,0,F,M,4,FALSE,FALSE
i107,i022,chimp,7,North,2017,North__2017,0,438.166666666667,5520,18,2022,3989,1,0,F,M,4,TRUE,FALSE
i073,i022,chimp,7,North,2017,North__2017,0,375.283333333333,24360,28,2328,3475,2,2,M,M,4,FALSE,FALSE
i027,i022,chimp,7,North,2017,North__2017,0,450.95,12300,21,2193,3847,2,5,F,M,4,FALSE,FALSE
i076,i022,chimp,7,North,2017,North__2017,0,403.316666666667,19500,23,2448,3449,2,0,M,M,4,FALSE,FALSE
i135,i022,chimp,7,North,2017,North__2017,0,460.333333333333,16560,15,2333,3751,0,3,F,M,4,FALSE,FALSE
i055,i035,chimp,7,North,2017,North__2017,0,452.883333333333,3960,3,2160,3680,0,0,F,F,4,FALSE,TRUE
i107,i035,chimp,7,North,2017,North__2017,0,495.2,2280,2,2122,3775,5,1,F,F,4,FALSE,FALSE
i073,i035,chimp,7,North,2017,North__2017,0,432.316666666667,4920,4,2109,3580,0,4,M,F,4,FALSE,TRUE
i027,i035,chimp,7,North,2017,North__2017,0,507.983333333333,6660,1,2111,3815,3,0,F,F,4,FALSE,FALSE
i076,i035,chimp,7,North,2017,North__2017,0,460.35,12000,35,2223,3560,1,0,M,F,4,FALSE,TRUE
i135,i035,chimp,7,North,2017,North__2017,0,517.366666666667,6060,1,2161,3809,3,0,F,F,4,FALSE,TRUE
i107,i055,chimp,7,North,2017,North__2017,1,443.616666666667,30360,1,2891,3184,5,2,F,F,4,FALSE,FALSE
i073,i055,chimp,7,North,2017,North__2017,0,380.733333333333,4860,12,2088,3779,0,1,M,F,4,FALSE,TRUE
i027,i055,chimp,7,North,2017,North__2017,0,456.4,5520,2,2107,3997,0,0,F,F,4,FALSE,FALSE
i076,i055,chimp,7,North,2017,North__2017,0,408.766666666667,3780,13,2087,3874,0,0,M,F,4,FALSE,TRUE
i135,i055,chimp,7,North,2017,North__2017,0,465.783333333333,3960,4,2158,3990,1,0,F,F,4,FALSE,TRUE
i073,i107,chimp,7,North,2017,North__2017,0,423.05,3960,7,2091,3833,2,1,M,F,4,FALSE,FALSE
i027,i107,chimp,7,North,2017,North__2017,0,498.716666666667,8880,0,2114,4047,0,0,F,F,4,FALSE,FALSE
i076,i107,chimp,7,North,2017,North__2017,0,451.083333333333,2160,18,2078,3940,0,0,M,F,4,FALSE,FALSE
i135,i107,chimp,7,North,2017,North__2017,0,508.1,11460,0,2167,4038,2,1,F,F,4,FALSE,FALSE
i027,i073,chimp,7,North,2017,North__2017,0,435.833333333333,9960,10,2164,3789,3,3,F,M,4,FALSE,FALSE
i076,i073,chimp,7,North,2017,North__2017,0,388.2,8040,11,2324,3486,2,2,M,M,4,FALSE,TRUE
i135,i073,chimp,7,North,2017,North__2017,0,445.216666666667,10800,16,2227,3770,1,2,F,M,4,FALSE,TRUE
i076,i027,chimp,7,North,2017,North__2017,1,463.866666666667,12960,1,2295,3752,1,2,M,F,4,FALSE,FALSE
i135,i027,chimp,7,North,2017,North__2017,0,520.883333333333,5040,1,2228,4006,1,0,F,F,4,FALSE,FALSE
i135,i076,chimp,7,North,2017,North__2017,0,473.25,3060,10,2235,3856,2,0,F,M,4,FALSE,TRUE
i006,i136,chimp,7,North,2018,North__2018,0,305.016666666667,5460,7,1320,3183,0,1,F,M,4,FALSE,TRUE
i030,i136,chimp,7,North,2018,North__2018,0,324.133333333333,6720,23,1375,2917,0,0,F,M,4,FALSE,FALSE
i022,i136,chimp,7,North,2018,North__2018,0,417.566666666667,14880,25,1446,3250,2,3,M,M,4,FALSE,TRUE
i035,i136,chimp,7,North,2018,North__2018,0,386.55,3060,12,1245,3129,1,0,F,M,4,FALSE,FALSE
i055,i136,chimp,7,North,2018,North__2018,1,252.6,600,6,950,2905,0,0,F,M,4,FALSE,FALSE
i107,i136,chimp,7,North,2018,North__2018,1,387.416666666667,6420,1,1212,3098,0,1,F,M,4,FALSE,TRUE
i073,i136,chimp,7,North,2018,North__2018,0,323.566666666667,19260,7,1415,2564,1,3,M,M,4,FALSE,TRUE
i027,i136,chimp,7,North,2018,North__2018,0,252.583333333333,1680,5,953,2821,0,1,F,M,4,FALSE,TRUE
i076,i136,chimp,7,North,2018,North__2018,0,289.633333333333,5520,8,1413,2919,3,0,M,M,4,FALSE,TRUE
i135,i136,chimp,7,North,2018,North__2018,0,278.583333333333,2100,14,1194,2740,1,0,F,M,4,FALSE,FALSE
i129,i136,chimp,7,North,2018,North__2018,0,331.96,5755,16,1296,3148,0,0,F,M,4,FALSE,FALSE
i030,i006,chimp,7,North,2018,North__2018,1,324.016666666667,5760,0,2055,2758,0,0,F,F,4,FALSE,FALSE
i022,i006,chimp,7,North,2018,North__2018,0,417.45,6180,6,1694,3523,0,3,M,F,4,FALSE,TRUE
i035,i006,chimp,7,North,2018,North__2018,0,386.433333333333,1500,0,1573,3322,0,0,F,F,4,FALSE,FALSE
i055,i006,chimp,7,North,2018,North__2018,0,252.483333333333,240,0,1259,3117,0,1,F,F,4,FALSE,FALSE
i107,i006,chimp,7,North,2018,North__2018,0,387.3,4260,1,1530,3301,0,0,F,F,4,FALSE,TRUE
i073,i006,chimp,7,North,2018,North__2018,1,323.45,5700,3,1375,3125,0,1,M,F,4,FALSE,TRUE
i027,i006,chimp,7,North,2018,North__2018,0,252.466666666667,1200,1,1277,3018,1,0,F,F,4,FALSE,TRUE
i076,i006,chimp,7,North,2018,North__2018,0,289.516666666667,600,12,1503,3350,0,2,M,F,4,FALSE,TRUE
i135,i006,chimp,7,North,2018,North__2018,0,278.466666666667,540,4,1502,2953,0,0,F,F,4,FALSE,FALSE
i129,i006,chimp,7,North,2018,North__2018,0,331.843333333333,2144,3,1718,3247,0,2,F,F,4,FALSE,FALSE
i022,i030,chimp,7,North,2018,North__2018,0,436.566666666667,6180,18,1570,3436,1,3,M,F,4,TRUE,FALSE
i035,i030,chimp,7,North,2018,North__2018,0,405.55,780,1,1452,3232,0,0,F,F,4,TRUE,FALSE
i055,i030,chimp,7,North,2018,North__2018,0,271.6,0,0,1209,2956,0,0,F,F,4,FALSE,FALSE
i107,i030,chimp,7,North,2018,North__2018,0,406.416666666667,2040,0,1406,3214,1,0,F,F,4,FALSE,FALSE
i073,i030,chimp,7,North,2018,North__2018,1,342.566666666667,4020,4,1410,2879,0,2,M,F,4,TRUE,FALSE
i027,i030,chimp,7,North,2018,North__2018,0,271.583333333333,660,0,1239,2845,1,0,F,F,4,FALSE,FALSE
i076,i030,chimp,7,North,2018,North__2018,0,308.633333333333,2160,6,1449,3193,0,0,M,F,4,FALSE,FALSE
i135,i030,chimp,7,North,2018,North__2018,0,297.583333333333,360,3,1456,2788,0,0,F,F,4,TRUE,FALSE
i129,i030,chimp,7,North,2018,North__2018,0,350.96,329,3,1573,3181,0,0,F,F,4,FALSE,FALSE
i035,i022,chimp,7,North,2018,North__2018,0,498.983333333333,8220,18,1775,3313,1,2,F,M,4,TRUE,FALSE
i055,i022,chimp,7,North,2018,North__2018,0,365.033333333333,1080,11,1299,3270,0,0,F,M,4,FALSE,FALSE
i107,i022,chimp,7,North,2018,North__2018,0,499.85,4800,13,1463,3561,0,1,F,M,4,FALSE,TRUE
i073,i022,chimp,7,North,2018,North__2018,0,436,10320,41,1555,3138,3,4,M,M,4,TRUE,TRUE
i027,i022,chimp,7,North,2018,North__2018,0,365.016666666667,6480,7,1296,3192,2,0,F,M,4,FALSE,TRUE
i076,i022,chimp,7,North,2018,North__2018,0,402.066666666667,22440,21,1799,3247,0,1,M,M,4,FALSE,TRUE
i135,i022,chimp,7,North,2018,North__2018,0,391.016666666667,5220,7,1409,3239,0,1,F,M,4,TRUE,FALSE
i129,i022,chimp,7,North,2018,North__2018,0,444.393333333333,1282,20,1876,3282,0,0,F,M,4,FALSE,FALSE
i055,i035,chimp,7,North,2018,North__2018,0,334.016666666667,2700,1,1120,3127,0,0,F,F,4,FALSE,FALSE
i107,i035,chimp,7,North,2018,North__2018,0,468.833333333333,2700,0,1405,3297,0,0,F,F,4,FALSE,FALSE
i073,i035,chimp,7,North,2018,North__2018,0,404.983333333333,1560,5,1292,3079,0,0,M,F,4,TRUE,FALSE
i027,i035,chimp,7,North,2018,North__2018,0,334,1560,1,1222,2944,1,0,F,F,4,FALSE,FALSE
i076,i035,chimp,7,North,2018,North__2018,0,371.05,900,8,1537,3187,0,1,M,F,4,FALSE,FALSE
i135,i035,chimp,7,North,2018,North__2018,0,360,1980,1,1378,2948,0,2,F,F,4,TRUE,FALSE
i129,i035,chimp,7,North,2018,North__2018,0,413.376666666667,1047,0,1690,3146,0,0,F,F,4,FALSE,FALSE
i107,i055,chimp,7,North,2018,North__2018,1,334.883333333333,4860,0,1595,2588,1,1,F,F,4,FALSE,FALSE
i073,i055,chimp,7,North,2018,North__2018,0,271.033333333333,4440,4,1082,2770,0,0,M,F,4,FALSE,FALSE
i027,i055,chimp,7,North,2018,North__2018,0,200.05,60,0,979,2668,0,0,F,F,4,FALSE,FALSE
i076,i055,chimp,7,North,2018,North__2018,0,237.1,660,8,1117,3088,0,0,M,F,4,FALSE,FALSE
i135,i055,chimp,7,North,2018,North__2018,0,226.05,960,0,1028,2779,1,0,F,F,4,FALSE,FALSE
i129,i055,chimp,7,North,2018,North__2018,0,279.426666666667,2760,1,1242,3075,0,0,F,F,4,FALSE,FALSE
i073,i107,chimp,7,North,2018,North__2018,0,405.85,3660,13,1140,3167,1,1,M,F,4,FALSE,TRUE
i027,i107,chimp,7,North,2018,North__2018,0,334.866666666667,2580,0,1196,2906,0,0,F,F,4,FALSE,TRUE
i076,i107,chimp,7,North,2018,North__2018,0,371.916666666667,3360,16,1349,3311,0,0,M,F,4,FALSE,TRUE
i135,i107,chimp,7,North,2018,North__2018,0,360.866666666667,4320,1,1275,2987,1,2,F,F,4,FALSE,FALSE
i129,i107,chimp,7,North,2018,North__2018,0,414.243333333333,2588,1,1427,3345,0,0,F,F,4,FALSE,FALSE
i027,i073,chimp,7,North,2018,North__2018,0,271.016666666667,1320,4,988,2783,1,2,F,M,4,FALSE,TRUE
i076,i073,chimp,7,North,2018,North__2018,0,308.066666666667,7020,3,1434,2895,1,1,M,M,4,FALSE,TRUE
i135,i073,chimp,7,North,2018,North__2018,0,297.016666666667,9240,12,1209,2722,0,4,F,M,4,TRUE,FALSE
i129,i073,chimp,7,North,2018,North__2018,0,350.393333333333,5807,3,1460,2981,0,0,F,M,4,FALSE,FALSE
i076,i027,chimp,7,North,2018,North__2018,1,237.083333333333,4860,1,1207,2917,0,1,M,F,4,FALSE,TRUE
i135,i027,chimp,7,North,2018,North__2018,0,226.033333333333,2400,0,1058,2668,0,1,F,F,4,FALSE,FALSE
i129,i027,chimp,7,North,2018,North__2018,0,279.41,485,2,1228,3008,0,0,F,F,4,FALSE,FALSE
i135,i076,chimp,7,North,2018,North__2018,0,263.083333333333,2460,11,1223,3061,0,1,F,M,4,FALSE,FALSE
i129,i076,chimp,7,North,2018,North__2018,0,316.46,7001,3,1630,3164,0,0,F,M,4,FALSE,FALSE
i129,i135,chimp,7,North,2018,North__2018,0,305.41,1443,6,1412,2984,0,0,F,F,4,FALSE,FALSE
i116,i093,chimp,6,East,2016,East__2016,0,250.783333333333,300,0,579,2523,0,0,F,F,4,FALSE,FALSE
i050,i093,chimp,6,East,2016,East__2016,0,364.833333333333,2640,1,602,3011,1,4,M,F,4,FALSE,FALSE
i088,i093,chimp,6,East,2016,East__2016,0,211.233333333333,0,0,424,2310,0,0,F,F,4,FALSE,FALSE
i124,i093,chimp,6,East,2016,East__2016,0,240.8,180,0,504,2279,0,0,F,F,4,FALSE,FALSE
i103,i093,chimp,6,East,2016,East__2016,0,376.983333333333,8100,1,596,3185,1,1,M,F,4,FALSE,FALSE
i125,i093,chimp,6,East,2016,East__2016,0,359.7,3480,2,673,2994,0,3,M,F,4,FALSE,FALSE
i049,i093,chimp,6,East,2016,East__2016,0,268.766666666667,420,0,482,2289,0,1,F,F,4,FALSE,FALSE
i112,i093,chimp,6,East,2016,East__2016,0,360.833333333333,1500,0,486,2873,0,0,M,F,4,FALSE,FALSE
i065,i093,chimp,6,East,2016,East__2016,0,258.166666666667,600,0,712,2758,0,0,F,F,4,FALSE,FALSE
i047,i093,chimp,6,East,2016,East__2016,0,290.65,3480,0,634,2274,1,0,F,F,4,FALSE,FALSE
i077,i093,chimp,6,East,2016,East__2016,0,291.983333333333,720,0,479,2613,0,0,M,F,4,FALSE,FALSE
i115,i093,chimp,6,East,2016,East__2016,0,232.066666666667,1260,0,558,2171,0,0,F,F,4,FALSE,FALSE
i056,i093,chimp,6,East,2016,East__2016,0,201.166666666667,960,0,658,2109,2,2,F,F,4,FALSE,FALSE
i100,i093,chimp,6,East,2016,East__2016,0,134.283333333333,0,0,579,2451,0,0,M,F,4,FALSE,FALSE
i050,i116,chimp,6,East,2016,East__2016,0,347.05,3600,1,1287,3274,1,6,M,F,4,FALSE,FALSE
i088,i116,chimp,6,East,2016,East__2016,0,193.45,0,0,1010,2672,0,2,F,F,4,FALSE,FALSE
i124,i116,chimp,6,East,2016,East__2016,0,223.016666666667,480,1,973,2758,0,3,F,F,4,FALSE,FALSE
i103,i116,chimp,6,East,2016,East__2016,0,359.2,1620,3,1280,3449,0,2,M,F,4,FALSE,FALSE
i125,i116,chimp,6,East,2016,East__2016,0,341.916666666667,1320,8,1357,3258,1,7,M,F,4,FALSE,TRUE
i049,i116,chimp,6,East,2016,East__2016,0,250.983333333333,660,1,993,2726,0,1,F,F,4,FALSE,TRUE
i112,i116,chimp,6,East,2016,East__2016,0,343.05,6720,5,1129,3178,0,2,M,F,4,FALSE,TRUE
i065,i116,chimp,6,East,2016,East__2016,0,240.383333333333,120,0,1640,2778,0,3,F,F,4,FALSE,FALSE
i047,i116,chimp,6,East,2016,East__2016,0,272.866666666667,300,0,916,2940,0,1,F,F,4,FALSE,FALSE
i077,i116,chimp,6,East,2016,East__2016,0,274.2,3480,4,1287,2753,0,2,M,F,4,FALSE,TRUE
i115,i116,chimp,6,East,2016,East__2016,0,214.283333333333,0,1,944,2733,0,1,F,F,4,FALSE,TRUE
i056,i116,chimp,6,East,2016,East__2016,0,183.383333333333,180,0,1025,2690,0,1,F,F,4,FALSE,TRUE
i100,i116,chimp,6,East,2016,East__2016,0,116.5,0,1,1129,2849,0,0,M,F,4,FALSE,TRUE
i088,i050,chimp,6,East,2016,East__2016,0,307.5,2700,2,1046,3147,1,5,F,M,4,FALSE,FALSE
i124,i050,chimp,6,East,2016,East__2016,0,337.066666666667,600,2,1006,3236,0,4,F,M,4,FALSE,FALSE
i103,i050,chimp,6,East,2016,East__2016,0,473.25,40800,3,1959,3281,5,8,M,M,4,FALSE,FALSE
i125,i050,chimp,6,East,2016,East__2016,0,455.966666666667,14700,9,1746,3380,5,13,M,M,4,TRUE,FALSE
i049,i050,chimp,6,East,2016,East__2016,0,365.033333333333,2220,1,1009,3221,0,1,F,M,4,TRUE,FALSE
i112,i050,chimp,6,East,2016,East__2016,0,457.1,3540,7,1433,3385,6,7,M,M,4,TRUE,FALSE
i065,i050,chimp,6,East,2016,East__2016,0,354.433333333333,2460,13,1537,3392,4,2,F,M,4,FALSE,FALSE
i047,i050,chimp,6,East,2016,East__2016,0,386.916666666667,7920,1,1118,3249,0,7,F,M,4,FALSE,FALSE
i077,i050,chimp,6,East,2016,East__2016,0,388.25,4020,7,1478,3073,2,8,M,M,4,TRUE,FALSE
i115,i050,chimp,6,East,2016,East__2016,0,328.333333333333,2940,4,996,3192,0,1,F,M,4,FALSE,FALSE
i056,i050,chimp,6,East,2016,East__2016,0,297.433333333333,3780,1,1048,3178,0,2,F,M,4,FALSE,FALSE
i100,i050,chimp,6,East,2016,East__2016,0,230.55,60,1,1233,3256,0,0,M,M,4,FALSE,FALSE
i124,i088,chimp,6,East,2016,East__2016,0,183.466666666667,0,1,881,2482,0,0,F,F,4,FALSE,FALSE
i103,i088,chimp,6,East,2016,East__2016,0,319.65,1800,0,1064,3297,0,1,M,F,4,FALSE,FALSE
i125,i088,chimp,6,East,2016,East__2016,0,302.366666666667,60,0,1157,3090,0,2,M,F,4,FALSE,FALSE
i049,i088,chimp,6,East,2016,East__2016,0,211.433333333333,2280,0,919,2432,0,0,F,F,4,FALSE,FALSE
i112,i088,chimp,6,East,2016,East__2016,0,303.5,2760,3,975,2964,0,1,M,F,4,FALSE,FALSE
i065,i088,chimp,6,East,2016,East__2016,0,200.833333333333,180,1,1222,2828,0,0,F,F,4,FALSE,FALSE
i047,i088,chimp,6,East,2016,East__2016,0,233.316666666667,180,0,851,2637,0,1,F,F,4,FALSE,FALSE
i077,i088,chimp,6,East,2016,East__2016,0,234.65,660,4,894,2778,0,0,M,F,4,FALSE,FALSE
i115,i088,chimp,6,East,2016,East__2016,0,174.733333333333,600,0,821,2488,0,0,F,F,4,FALSE,FALSE
i056,i088,chimp,6,East,2016,East__2016,0,143.833333333333,0,0,850,2497,1,1,F,F,4,FALSE,FALSE
i100,i088,chimp,6,East,2016,East__2016,0,76.95,0,1,959,2651,0,0,M,F,4,FALSE,FALSE
i103,i124,chimp,6,East,2016,East__2016,0,349.216666666667,0,2,1042,3368,0,0,M,F,4,FALSE,FALSE
i125,i124,chimp,6,East,2016,East__2016,0,331.933333333333,3960,1,1169,3127,0,4,M,F,4,FALSE,FALSE
i049,i124,chimp,6,East,2016,East__2016,0,241,0,0,837,2563,0,0,F,F,4,FALSE,FALSE
i112,i124,chimp,6,East,2016,East__2016,0,333.066666666667,840,3,1001,2987,0,3,M,F,4,FALSE,FALSE
i065,i124,chimp,6,East,2016,East__2016,0,230.4,960,1,1161,2938,0,0,F,F,4,FALSE,FALSE
i047,i124,chimp,6,East,2016,East__2016,0,262.883333333333,60,1,817,2720,0,0,F,F,4,FALSE,FALSE
i077,i124,chimp,6,East,2016,East__2016,0,264.216666666667,540,1,899,2822,0,1,M,F,4,FALSE,FALSE
i115,i124,chimp,6,East,2016,East__2016,0,204.3,0,0,811,2547,0,0,F,F,4,FALSE,FALSE
i056,i124,chimp,6,East,2016,East__2016,0,173.4,0,0,866,2530,0,0,F,F,4,FALSE,FALSE
i100,i124,chimp,6,East,2016,East__2016,1,106.516666666667,1860,0,1646,2013,0,4,M,F,4,FALSE,FALSE
i125,i103,chimp,6,East,2016,East__2016,0,468.116666666667,14160,7,1822,3472,2,0,M,M,4,FALSE,FALSE
i049,i103,chimp,6,East,2016,East__2016,0,377.183333333333,1620,0,950,3448,0,0,F,M,4,FALSE,FALSE
i112,i103,chimp,6,East,2016,East__2016,0,469.25,16560,8,1749,3237,5,6,M,M,4,FALSE,FALSE
i065,i103,chimp,6,East,2016,East__2016,0,366.583333333333,300,2,1507,3590,0,0,F,M,4,FALSE,FALSE
i047,i103,chimp,6,East,2016,East__2016,0,399.066666666667,7560,1,1028,3507,0,3,F,M,4,FALSE,FALSE
i077,i103,chimp,6,East,2016,East__2016,0,400.4,36180,3,1634,3085,5,9,M,M,4,FALSE,FALSE
i115,i103,chimp,6,East,2016,East__2016,0,340.483333333333,2340,1,943,3413,0,0,F,M,4,FALSE,FALSE
i056,i103,chimp,6,East,2016,East__2016,0,309.583333333333,2940,1,1054,3340,0,3,F,M,4,FALSE,FALSE
i100,i103,chimp,6,East,2016,East__2016,0,242.7,0,1,1245,3412,0,0,M,M,4,FALSE,FALSE
i049,i125,chimp,6,East,2016,East__2016,0,359.9,2460,1,1156,3128,0,1,F,M,4,TRUE,TRUE
i112,i125,chimp,6,East,2016,East__2016,0,451.966666666667,11940,7,1650,3222,4,8,M,M,4,TRUE,TRUE
i065,i125,chimp,6,East,2016,East__2016,0,349.3,4260,8,1681,3302,0,2,F,M,4,FALSE,FALSE
i047,i125,chimp,6,East,2016,East__2016,0,381.783333333333,3180,4,1129,3292,0,6,F,M,4,FALSE,FALSE
i077,i125,chimp,6,East,2016,East__2016,0,383.116666666667,5700,6,1512,3093,1,3,M,M,4,TRUE,TRUE
i115,i125,chimp,6,East,2016,East__2016,0,323.2,2220,6,1107,3135,0,1,F,M,4,FALSE,TRUE
i056,i125,chimp,6,East,2016,East__2016,0,292.3,5280,4,1123,3157,1,1,F,M,4,FALSE,TRUE
i100,i125,chimp,6,East,2016,East__2016,0,225.416666666667,480,2,1370,3173,0,0,M,M,4,FALSE,TRUE
i112,i049,chimp,6,East,2016,East__2016,0,361.033333333333,2280,1,872,3104,0,1,M,F,4,TRUE,TRUE
i065,i049,chimp,6,East,2016,East__2016,0,258.366666666667,1860,0,1174,2913,0,2,F,F,4,FALSE,FALSE
i047,i049,chimp,6,East,2016,East__2016,0,290.85,0,0,771,2754,0,0,F,F,4,FALSE,FALSE
i077,i049,chimp,6,East,2016,East__2016,0,292.183333333333,720,0,861,2848,0,0,M,F,4,TRUE,TRUE
i115,i049,chimp,6,East,2016,East__2016,0,232.266666666667,660,0,965,2381,0,0,F,F,4,FALSE,TRUE
i056,i049,chimp,6,East,2016,East__2016,0,201.366666666667,420,0,828,2556,0,2,F,F,4,FALSE,TRUE
i100,i049,chimp,6,East,2016,East__2016,0,134.483333333333,60,0,907,2740,0,0,M,F,4,FALSE,TRUE
i065,i112,chimp,6,East,2016,East__2016,0,350.433333333333,2820,5,1347,3328,0,0,F,M,4,FALSE,FALSE
i047,i112,chimp,6,East,2016,East__2016,0,382.916666666667,240,2,853,3260,0,2,F,M,4,FALSE,FALSE
i077,i112,chimp,6,East,2016,East__2016,0,384.25,3060,1,1254,3043,1,1,M,M,4,TRUE,TRUE
i115,i112,chimp,6,East,2016,East__2016,0,324.333333333333,1920,4,921,3013,0,1,F,M,4,FALSE,TRUE
i056,i112,chimp,6,East,2016,East__2016,0,293.433333333333,3240,0,921,3051,0,0,F,M,4,FALSE,TRUE
i100,i112,chimp,6,East,2016,East__2016,0,226.55,300,1,1163,3072,0,0,M,M,4,FALSE,TRUE
i047,i065,chimp,6,East,2016,East__2016,0,280.25,840,0,1097,3127,0,0,F,F,4,FALSE,FALSE
i077,i065,chimp,6,East,2016,East__2016,0,281.583333333333,3720,5,1310,3098,0,1,M,F,4,FALSE,FALSE
i115,i065,chimp,6,East,2016,East__2016,0,221.666666666667,1200,0,1206,2839,0,1,F,F,4,FALSE,FALSE
i056,i065,chimp,6,East,2016,East__2016,0,190.766666666667,60,1,1192,2891,0,0,F,F,4,FALSE,FALSE
i100,i065,chimp,6,East,2016,East__2016,0,123.883333333333,0,2,1353,2993,0,0,M,F,4,FALSE,FALSE
i077,i047,chimp,6,East,2016,East__2016,0,314.066666666667,2640,6,833,3013,0,1,M,F,4,FALSE,FALSE
i115,i047,chimp,6,East,2016,East__2016,0,254.15,300,1,793,2690,0,0,F,F,4,FALSE,FALSE
i056,i047,chimp,6,East,2016,East__2016,0,223.25,420,0,982,2539,2,3,F,F,4,FALSE,FALSE
i100,i047,chimp,6,East,2016,East__2016,0,156.366666666667,0,1,880,2904,0,0,M,F,4,FALSE,FALSE
i115,i077,chimp,6,East,2016,East__2016,0,255.483333333333,1320,3,824,2843,0,0,F,M,4,FALSE,TRUE
i056,i077,chimp,6,East,2016,East__2016,0,224.583333333333,300,0,912,2793,0,0,F,M,4,FALSE,TRUE
i100,i077,chimp,6,East,2016,East__2016,0,157.7,0,3,1104,2864,0,0,M,M,4,FALSE,TRUE
i056,i115,chimp,6,East,2016,East__2016,0,164.666666666667,1020,0,820,2522,0,0,F,F,4,FALSE,TRUE
i100,i115,chimp,6,East,2016,East__2016,0,97.7833333333333,0,1,931,2674,0,0,M,F,4,FALSE,TRUE
i100,i056,chimp,6,East,2016,East__2016,0,66.8833333333333,0,0,943,2700,0,0,M,F,4,FALSE,TRUE
i116,i093,chimp,6,East,2017,East__2017,0,314.55,480,1,1090,3228,0,1,F,F,4,FALSE,FALSE
i050,i093,chimp,6,East,2017,East__2017,0,399.933333333333,2520,2,1046,3716,0,5,M,F,4,FALSE,FALSE
i088,i093,chimp,6,East,2017,East__2017,0,256,1080,0,963,2778,0,1,F,F,4,FALSE,FALSE
i124,i093,chimp,6,East,2017,East__2017,0,316.466666666667,1380,0,1114,3037,0,0,F,F,4,TRUE,FALSE
i103,i093,chimp,6,East,2017,East__2017,0,379.966666666667,3120,2,1098,4006,0,4,M,F,4,FALSE,FALSE
i125,i093,chimp,6,East,2017,East__2017,0,399.8,2400,5,1167,3547,0,4,M,F,4,FALSE,FALSE
i049,i093,chimp,6,East,2017,East__2017,0,308.233333333333,480,0,1124,3070,0,0,F,F,4,TRUE,FALSE
i112,i093,chimp,6,East,2017,East__2017,0,385.45,11400,4,1181,3707,0,1,M,F,4,FALSE,FALSE
i065,i093,chimp,6,East,2017,East__2017,0,323.833333333333,660,1,1337,3412,1,1,F,F,4,TRUE,FALSE
i047,i093,chimp,6,East,2017,East__2017,0,309.666666666667,2100,1,1711,2420,1,0,F,F,4,FALSE,FALSE
i077,i093,chimp,6,East,2017,East__2017,0,362.5,780,4,1056,3635,0,2,M,F,4,FALSE,FALSE
i115,i093,chimp,6,East,2017,East__2017,0,303.666666666667,1020,1,1080,3102,0,0,F,F,4,TRUE,FALSE
i056,i093,chimp,6,East,2017,East__2017,0,267.866666666667,540,0,1484,2802,1,0,F,F,4,FALSE,FALSE
i053,i093,chimp,6,East,2017,East__2017,0,255.1,540,9,1279,3685,0,0,M,F,4,TRUE,FALSE
i100,i093,chimp,6,East,2017,East__2017,0,174.584166666667,0,4,1222,3232,0,0,M,F,4,FALSE,FALSE
i050,i116,chimp,6,East,2017,East__2017,0,389.916666666667,9600,6,1576,3378,1,7,M,F,4,FALSE,FALSE
i088,i116,chimp,6,East,2017,East__2017,0,245.983333333333,1140,0,842,3091,0,1,F,F,4,FALSE,FALSE
i124,i116,chimp,6,East,2017,East__2017,0,306.45,120,2,1156,3187,0,2,F,F,4,FALSE,FALSE
i103,i116,chimp,6,East,2017,East__2017,0,369.95,2460,5,1531,3765,0,2,M,F,4,FALSE,FALSE
i125,i116,chimp,6,East,2017,East__2017,0,389.783333333333,1860,9,1387,3519,0,3,M,F,4,FALSE,FALSE
i049,i116,chimp,6,East,2017,East__2017,0,298.216666666667,480,1,1199,3187,0,0,F,F,4,FALSE,FALSE
i112,i116,chimp,6,East,2017,East__2017,0,375.433333333333,8700,2,1381,3699,1,4,M,F,4,FALSE,FALSE
i065,i116,chimp,6,East,2017,East__2017,0,313.816666666667,2400,0,1661,3280,0,5,F,F,4,FALSE,FALSE
i047,i116,chimp,6,East,2017,East__2017,0,299.65,0,0,1053,3270,0,1,F,F,4,FALSE,FALSE
i077,i116,chimp,6,East,2017,East__2017,0,352.483333333333,11340,26,1444,3439,0,3,M,F,4,FALSE,FALSE
i115,i116,chimp,6,East,2017,East__2017,0,293.65,2880,0,1177,3197,0,1,F,F,4,FALSE,FALSE
i056,i116,chimp,6,East,2017,East__2017,0,257.85,60,0,1289,3189,1,0,F,F,4,FALSE,FALSE
i053,i116,chimp,6,East,2017,East__2017,0,245.083333333333,600,5,1524,3632,0,0,M,F,4,FALSE,FALSE
i100,i116,chimp,6,East,2017,East__2017,0,164.5675,1320,0,1417,3229,0,0,M,F,4,FALSE,FALSE
i088,i050,chimp,6,East,2017,East__2017,0,331.366666666667,1740,1,935,3442,0,5,F,M,4,FALSE,TRUE
i124,i050,chimp,6,East,2017,East__2017,0,391.833333333333,3060,1,1240,3547,0,1,F,M,4,FALSE,TRUE
i103,i050,chimp,6,East,2017,East__2017,0,455.333333333333,43200,5,2160,3580,3,12,M,M,4,FALSE,FALSE
i125,i050,chimp,6,East,2017,East__2017,0,475.166666666667,14520,8,1700,3650,2,7,M,M,4,FALSE,FALSE
i049,i050,chimp,6,East,2017,East__2017,0,383.6,2640,1,1176,3654,0,0,F,M,4,FALSE,FALSE
i112,i050,chimp,6,East,2017,East__2017,0,460.816666666667,6240,9,1806,3718,1,8,M,M,4,FALSE,FALSE
i065,i050,chimp,6,East,2017,East__2017,0,399.2,5820,3,1558,3827,1,4,F,M,4,FALSE,FALSE
i047,i050,chimp,6,East,2017,East__2017,0,385.033333333333,4980,2,1053,3714,1,5,F,M,4,FALSE,TRUE
i077,i050,chimp,6,East,2017,East__2017,0,437.866666666667,10020,16,1827,3500,3,6,M,M,4,FALSE,FALSE
i115,i050,chimp,6,East,2017,East__2017,0,379.033333333333,6600,1,1218,3600,0,6,F,M,4,FALSE,TRUE
i056,i050,chimp,6,East,2017,East__2017,0,343.233333333333,4620,1,1250,3672,0,2,F,M,4,FALSE,TRUE
i053,i050,chimp,6,East,2017,East__2017,0,330.466666666667,420,9,2021,3579,0,2,M,M,4,FALSE,TRUE
i100,i050,chimp,6,East,2017,East__2017,0,249.950833333333,180,3,1508,3582,0,0,M,M,4,FALSE,FALSE
i124,i088,chimp,6,East,2017,East__2017,0,247.9,0,0,985,2781,0,0,F,F,4,FALSE,TRUE
i103,i088,chimp,6,East,2017,East__2017,0,311.4,0,1,1035,3684,0,0,M,F,4,FALSE,FALSE
i125,i088,chimp,6,East,2017,East__2017,0,331.233333333333,2760,4,989,3340,0,0,M,F,4,FALSE,FALSE
i049,i088,chimp,6,East,2017,East__2017,0,239.666666666667,1080,1,991,2818,0,0,F,F,4,FALSE,FALSE
i112,i088,chimp,6,East,2017,East__2017,0,316.883333333333,2820,1,1050,3453,0,0,M,F,4,FALSE,FALSE
i065,i088,chimp,6,East,2017,East__2017,0,255.266666666667,0,1,1139,3225,0,1,F,F,4,FALSE,FALSE
i047,i088,chimp,6,East,2017,East__2017,0,241.1,360,1,1003,2743,0,0,F,F,4,FALSE,TRUE
i077,i088,chimp,6,East,2017,East__2017,0,293.933333333333,6120,14,1040,3266,0,1,M,F,4,FALSE,FALSE
i115,i088,chimp,6,East,2017,East__2017,0,235.1,600,0,893,2904,0,0,F,F,4,FALSE,TRUE
i056,i088,chimp,6,East,2017,East__2017,0,199.3,180,0,1032,2869,0,0,F,F,4,FALSE,TRUE
i053,i088,chimp,6,East,2017,East__2017,0,186.533333333333,240,0,1098,3481,0,0,M,F,4,FALSE,TRUE
i100,i088,chimp,6,East,2017,East__2017,0,106.0175,0,0,1054,3015,0,0,M,F,4,FALSE,FALSE
i103,i124,chimp,6,East,2017,East__2017,0,371.866666666667,0,5,1337,3792,0,1,M,F,4,FALSE,FALSE
i125,i124,chimp,6,East,2017,East__2017,0,391.7,2040,4,1235,3504,0,2,M,F,4,FALSE,FALSE
i049,i124,chimp,6,East,2017,East__2017,0,300.133333333333,960,2,1246,2973,0,1,F,F,4,TRUE,FALSE
i112,i124,chimp,6,East,2017,East__2017,0,377.35,7200,5,1320,3593,0,1,M,F,4,FALSE,FALSE
i065,i124,chimp,6,East,2017,East__2017,0,315.733333333333,1200,0,1439,3335,0,0,F,F,4,TRUE,FALSE
i047,i124,chimp,6,East,2017,East__2017,0,301.566666666667,780,0,1092,3064,0,0,F,F,4,FALSE,TRUE
i077,i124,chimp,6,East,2017,East__2017,0,354.4,1440,5,1220,3496,0,0,M,F,4,FALSE,FALSE
i115,i124,chimp,6,East,2017,East__2017,0,295.566666666667,1140,2,1198,3009,0,0,F,F,4,TRUE,TRUE
i056,i124,chimp,6,East,2017,East__2017,0,259.766666666667,0,1,1221,3090,0,0,F,F,4,FALSE,TRUE
i053,i124,chimp,6,East,2017,East__2017,0,247,180,4,1390,3599,0,0,M,F,4,TRUE,TRUE
i100,i124,chimp,6,East,2017,East__2017,1,166.484166666667,3060,0,1999,2480,0,2,M,F,4,FALSE,FALSE
i125,i103,chimp,6,East,2017,East__2017,0,455.2,12360,4,1893,3799,3,2,M,M,4,FALSE,FALSE
i049,i103,chimp,6,East,2017,East__2017,0,363.633333333333,0,1,1319,3853,0,0,F,M,4,FALSE,FALSE
i112,i103,chimp,6,East,2017,East__2017,0,440.85,13200,1,2169,3697,3,6,M,M,4,FALSE,FALSE
i065,i103,chimp,6,East,2017,East__2017,0,379.233333333333,1500,5,1666,4061,0,1,F,M,4,FALSE,FALSE
i047,i103,chimp,6,East,2017,East__2017,0,365.066666666667,1560,5,1134,3975,0,0,F,M,4,FALSE,FALSE
i077,i103,chimp,6,East,2017,East__2017,0,417.9,33360,3,2142,3527,4,5,M,M,4,FALSE,FALSE
i115,i103,chimp,6,East,2017,East__2017,0,359.066666666667,420,3,1268,3892,0,0,F,M,4,FALSE,FALSE
i056,i103,chimp,6,East,2017,East__2017,0,323.266666666667,1740,4,1384,3880,1,1,F,M,4,FALSE,FALSE
i053,i103,chimp,6,East,2017,East__2017,0,310.5,1320,6,2157,3785,1,3,M,M,4,FALSE,FALSE
i100,i103,chimp,6,East,2017,East__2017,0,229.984166666667,420,0,1594,3838,0,0,M,M,4,FALSE,FALSE
i049,i125,chimp,6,East,2017,East__2017,0,383.466666666667,840,3,1277,3505,0,1,F,M,4,FALSE,FALSE
i112,i125,chimp,6,East,2017,East__2017,0,460.683333333333,5220,12,1961,3515,3,4,M,M,4,FALSE,FALSE
i065,i125,chimp,6,East,2017,East__2017,0,399.066666666667,9540,4,1571,3766,0,2,F,M,4,FALSE,FALSE
i047,i125,chimp,6,East,2017,East__2017,0,384.9,1800,2,1108,3611,0,1,F,M,4,FALSE,FALSE
i077,i125,chimp,6,East,2017,East__2017,0,437.733333333333,17160,5,1725,3554,2,2,M,M,4,FALSE,FALSE
i115,i125,chimp,6,East,2017,East__2017,0,378.9,1200,5,1253,3517,1,2,F,M,4,FALSE,FALSE
i056,i125,chimp,6,East,2017,East__2017,0,343.1,4560,3,1345,3529,0,2,F,M,4,FALSE,FALSE
i053,i125,chimp,6,East,2017,East__2017,0,330.333333333333,2880,12,1896,3656,0,2,M,M,4,FALSE,FALSE
i100,i125,chimp,6,East,2017,East__2017,0,249.8175,660,8,1476,3566,0,0,M,M,4,FALSE,FALSE
i112,i049,chimp,6,East,2017,East__2017,0,369.116666666667,1620,6,1369,3587,0,0,M,F,4,FALSE,FALSE
i065,i049,chimp,6,East,2017,East__2017,0,307.5,1080,1,1501,3316,0,2,F,F,4,TRUE,FALSE
i047,i049,chimp,6,East,2017,East__2017,0,293.333333333333,1620,0,1084,3115,0,0,F,F,4,FALSE,FALSE
i077,i049,chimp,6,East,2017,East__2017,0,346.166666666667,1140,3,1198,3561,0,0,M,F,4,FALSE,FALSE
i115,i049,chimp,6,East,2017,East__2017,0,287.333333333333,840,0,1308,2942,0,0,F,F,4,TRUE,FALSE
i056,i049,chimp,6,East,2017,East__2017,0,251.533333333333,240,0,1299,3055,0,0,F,F,4,FALSE,FALSE
i053,i049,chimp,6,East,2017,East__2017,0,238.766666666667,120,1,1403,3629,0,0,M,F,4,TRUE,FALSE
i100,i049,chimp,6,East,2017,East__2017,0,158.250833333333,960,0,1388,3134,1,0,M,F,4,FALSE,FALSE
i065,i112,chimp,6,East,2017,East__2017,0,384.716666666667,5700,5,1612,3899,0,3,F,M,4,FALSE,FALSE
i047,i112,chimp,6,East,2017,East__2017,0,370.55,5280,1,1132,3761,0,6,F,M,4,FALSE,FALSE
i077,i112,chimp,6,East,2017,East__2017,0,423.383333333333,10680,5,1896,3557,6,1,M,M,4,FALSE,FALSE
i115,i112,chimp,6,East,2017,East__2017,0,364.55,3900,3,1303,3641,0,1,F,M,4,FALSE,FALSE
i056,i112,chimp,6,East,2017,East__2017,0,328.75,1740,3,1337,3711,0,0,F,M,4,FALSE,FALSE
i053,i112,chimp,6,East,2017,East__2017,0,315.983333333333,4320,3,2003,3723,0,2,M,M,4,FALSE,FALSE
i100,i112,chimp,6,East,2017,East__2017,0,235.4675,660,3,1577,3639,0,0,M,M,4,FALSE,FALSE
i047,i065,chimp,6,East,2017,East__2017,0,308.933333333333,240,0,1349,3405,1,0,F,F,4,FALSE,FALSE
i077,i065,chimp,6,East,2017,East__2017,0,361.766666666667,8280,18,1631,3683,1,1,M,F,4,FALSE,FALSE
i115,i065,chimp,6,East,2017,East__2017,0,302.933333333333,2280,1,1423,3382,0,1,F,F,4,TRUE,FALSE
i056,i065,chimp,6,East,2017,East__2017,0,267.133333333333,300,0,1602,3307,0,0,F,F,4,FALSE,FALSE
i053,i065,chimp,6,East,2017,East__2017,0,254.366666666667,2760,2,1769,3818,0,0,M,F,4,TRUE,FALSE
i100,i065,chimp,6,East,2017,East__2017,0,173.850833333333,600,1,1688,3389,0,0,M,F,4,FALSE,FALSE
i077,i047,chimp,6,East,2017,East__2017,0,347.6,2640,2,1023,3673,0,0,M,F,4,FALSE,FALSE
i115,i047,chimp,6,East,2017,East__2017,0,288.766666666667,1980,0,1065,3122,0,2,F,F,4,FALSE,TRUE
i056,i047,chimp,6,East,2017,East__2017,0,252.966666666667,540,0,1471,2820,0,1,F,F,4,FALSE,TRUE
i053,i047,chimp,6,East,2017,East__2017,0,240.2,180,2,1296,3673,0,0,M,F,4,FALSE,TRUE
i100,i047,chimp,6,East,2017,East__2017,0,159.684166666667,0,2,1173,3286,0,0,M,F,4,FALSE,FALSE
i115,i077,chimp,6,East,2017,East__2017,0,341.6,1920,8,1231,3516,0,1,F,M,4,FALSE,FALSE
i056,i077,chimp,6,East,2017,East__2017,0,305.8,2700,3,1287,3564,0,0,F,M,4,FALSE,FALSE
i053,i077,chimp,6,East,2017,East__2017,0,293.033333333333,780,10,1816,3713,0,2,M,M,4,FALSE,FALSE
i100,i077,chimp,6,East,2017,East__2017,0,212.5175,360,6,1472,3547,0,0,M,M,4,FALSE,FALSE
i056,i115,chimp,6,East,2017,East__2017,0,246.966666666667,0,0,1239,3103,0,0,F,F,4,FALSE,TRUE
i053,i115,chimp,6,East,2017,East__2017,0,234.2,1740,3,1408,3612,0,1,M,F,4,TRUE,TRUE
i100,i115,chimp,6,East,2017,East__2017,0,153.684166666667,360,0,1315,3195,0,0,M,F,4,FALSE,FALSE
i053,i056,chimp,6,East,2017,East__2017,0,198.4,420,1,1542,3582,0,0,M,F,4,FALSE,TRUE
i100,i056,chimp,6,East,2017,East__2017,0,117.884166666667,0,0,1409,3205,0,0,M,F,4,FALSE,FALSE
i100,i053,chimp,6,East,2017,East__2017,0,105.1175,540,1,1664,3628,0,0,M,M,4,FALSE,FALSE
i116,i093,chimp,6,East,2018,East__2018,0,292.783333333333,1080,2,905,2686,1,1,F,F,4,FALSE,TRUE
i050,i093,chimp,6,East,2018,East__2018,0,387.1,4020,1,658,2881,0,2,M,F,4,TRUE,TRUE
i088,i093,chimp,6,East,2018,East__2018,0,234.016666666667,0,1,694,2393,0,0,F,F,4,FALSE,FALSE
i124,i093,chimp,6,East,2018,East__2018,0,258.833333333333,0,0,608,2378,0,0,F,F,4,FALSE,FALSE
i103,i093,chimp,6,East,2018,East__2018,0,321.75,780,1,785,3117,0,2,M,F,4,FALSE,FALSE
i125,i093,chimp,6,East,2018,East__2018,0,374.333333333333,1740,3,647,2930,0,1,M,F,4,FALSE,FALSE
i049,i093,chimp,6,East,2018,East__2018,0,242.166666666667,960,0,712,2327,0,0,F,F,4,FALSE,FALSE
i112,i093,chimp,6,East,2018,East__2018,0,392.1,3540,0,788,3013,0,1,M,F,4,TRUE,FALSE
i065,i093,chimp,6,East,2018,East__2018,0,307.2,840,0,957,2643,0,0,F,F,4,FALSE,TRUE
i047,i093,chimp,6,East,2018,East__2018,0,266.05,1320,0,984,2200,0,0,F,F,4,FALSE,TRUE
i077,i093,chimp,6,East,2018,East__2018,0,311.233333333333,1440,2,708,3000,0,0,M,F,4,TRUE,FALSE
i115,i093,chimp,6,East,2018,East__2018,0,266.883333333333,540,1,920,2343,1,0,F,F,4,TRUE,FALSE
i056,i093,chimp,6,East,2018,East__2018,0,242.133333333333,3180,0,1257,2159,1,1,F,F,4,FALSE,FALSE
i053,i093,chimp,6,East,2018,East__2018,0,248.4,300,4,931,2892,0,0,M,F,4,FALSE,TRUE
i100,i093,chimp,6,East,2018,East__2018,0,196.451666666667,0,0,770,2741,0,0,M,F,4,FALSE,TRUE
i036,i093,chimp,6,East,2018,East__2018,0,203.800555555556,20,3,975,2863,0,1,M,F,4,FALSE,TRUE
i050,i116,chimp,6,East,2018,East__2018,0,350.283333333333,6180,1,1035,3035,1,10,M,F,4,FALSE,TRUE
i088,i116,chimp,6,East,2018,East__2018,0,197.2,0,0,848,2770,0,2,F,F,4,FALSE,FALSE
i124,i116,chimp,6,East,2018,East__2018,0,222.016666666667,180,2,943,2574,0,0,F,F,4,FALSE,FALSE
i103,i116,chimp,6,East,2018,East__2018,0,284.933333333333,2820,1,1201,3232,0,7,M,F,4,FALSE,FALSE
i125,i116,chimp,6,East,2018,East__2018,0,337.516666666667,2700,2,989,3119,0,1,M,F,4,FALSE,FALSE
i049,i116,chimp,6,East,2018,East__2018,0,205.35,60,1,914,2656,0,0,F,F,4,FALSE,FALSE
i112,i116,chimp,6,East,2018,East__2018,0,355.283333333333,3420,8,1105,3227,0,1,M,F,4,FALSE,FALSE
i065,i116,chimp,6,East,2018,East__2018,0,270.383333333333,2880,1,1762,2369,1,2,F,F,4,FALSE,TRUE
i047,i116,chimp,6,East,2018,East__2018,0,229.233333333333,540,0,1030,2685,0,1,F,F,4,FALSE,TRUE
i077,i116,chimp,6,East,2018,East__2018,0,274.416666666667,3180,5,1095,3144,0,3,M,F,4,FALSE,FALSE
i115,i116,chimp,6,East,2018,East__2018,0,230.066666666667,840,0,1232,2562,1,0,F,F,4,FALSE,FALSE
i056,i116,chimp,6,East,2018,East__2018,0,205.316666666667,1080,0,1158,2789,0,1,F,F,4,FALSE,FALSE
i053,i116,chimp,6,East,2018,East__2018,0,211.583333333333,360,4,1212,3142,0,1,M,F,4,FALSE,TRUE
i100,i116,chimp,6,East,2018,East__2018,0,159.635,1613,2,1167,2875,0,0,M,F,4,FALSE,TRUE
i036,i116,chimp,6,East,2018,East__2018,0,166.983888888889,960,2,1623,2746,0,0,M,F,4,FALSE,TRUE
i088,i050,chimp,6,East,2018,East__2018,0,291.516666666667,5880,11,954,2612,0,2,F,M,4,FALSE,FALSE
i124,i050,chimp,6,East,2018,East__2018,0,316.333333333333,2760,1,838,2627,0,2,F,M,4,FALSE,FALSE
i103,i050,chimp,6,East,2018,East__2018,0,379.25,32100,2,1489,2892,2,11,M,M,4,FALSE,FALSE
i125,i050,chimp,6,East,2018,East__2018,0,431.833333333333,10260,4,1203,2853,3,8,M,M,4,FALSE,FALSE
i049,i050,chimp,6,East,2018,East__2018,0,299.666666666667,240,2,702,2816,0,0,F,M,4,FALSE,FALSE
i112,i050,chimp,6,East,2018,East__2018,0,449.6,4020,6,1367,2913,3,4,M,M,4,TRUE,FALSE
i065,i050,chimp,6,East,2018,East__2018,0,364.7,4500,3,1027,3052,0,5,F,M,4,FALSE,TRUE
i047,i050,chimp,6,East,2018,East__2018,0,323.55,2400,2,893,2770,1,2,F,M,4,FALSE,TRUE
i077,i050,chimp,6,East,2018,East__2018,0,368.733333333333,3360,3,1315,2872,2,4,M,M,4,TRUE,FALSE
i115,i050,chimp,6,East,2018,East__2018,0,324.383333333333,1080,2,823,2919,0,1,F,M,4,TRUE,FALSE
i056,i050,chimp,6,East,2018,East__2018,0,299.633333333333,2760,1,880,3015,1,4,F,M,4,FALSE,FALSE
i053,i050,chimp,6,East,2018,East__2018,0,305.9,1020,5,1415,2887,0,0,M,M,4,FALSE,TRUE
i100,i050,chimp,6,East,2018,East__2018,0,253.951666666667,660,5,1182,2808,0,0,M,M,4,FALSE,TRUE
i036,i050,chimp,6,East,2018,East__2018,0,261.300555555556,360,5,1288,3029,0,0,M,M,4,FALSE,TRUE
i124,i088,chimp,6,East,2018,East__2018,0,163.25,0,0,783,2230,0,0,F,F,4,FALSE,FALSE
i103,i088,chimp,6,East,2018,East__2018,0,226.166666666667,1200,3,1182,2747,0,2,M,F,4,FALSE,FALSE
i125,i088,chimp,6,East,2018,East__2018,0,278.75,3600,12,1027,2577,0,1,M,F,4,FALSE,FALSE
i049,i088,chimp,6,East,2018,East__2018,0,146.583333333333,240,0,694,2372,0,0,F,F,4,FALSE,FALSE
i112,i088,chimp,6,East,2018,East__2018,0,296.516666666667,7020,7,1112,2716,0,0,M,F,4,FALSE,FALSE
i065,i088,chimp,6,East,2018,East__2018,0,211.616666666667,120,0,941,2686,0,0,F,F,4,FALSE,FALSE
i047,i088,chimp,6,East,2018,East__2018,0,170.466666666667,0,0,895,2316,0,0,F,F,4,FALSE,FALSE
i077,i088,chimp,6,East,2018,East__2018,0,215.65,8040,13,1081,2654,0,0,M,F,4,FALSE,FALSE
i115,i088,chimp,6,East,2018,East__2018,0,171.3,960,0,801,2489,0,0,F,F,4,FALSE,FALSE
i056,i088,chimp,6,East,2018,East__2018,0,146.55,0,0,791,2652,0,0,F,F,4,FALSE,FALSE
i053,i088,chimp,6,East,2018,East__2018,0,152.816666666667,1500,2,1178,2672,0,0,M,F,4,FALSE,FALSE
i100,i088,chimp,6,East,2018,East__2018,0,100.868333333333,120,1,1010,2528,0,0,M,F,4,FALSE,FALSE
i036,i088,chimp,6,East,2018,East__2018,0,108.217222222222,1140,0,1206,2659,0,0,M,F,4,FALSE,FALSE
i103,i124,chimp,6,East,2018,East__2018,0,250.983333333333,900,2,962,2866,0,2,M,F,4,FALSE,FALSE
i125,i124,chimp,6,East,2018,East__2018,0,303.566666666667,1560,0,826,2677,0,1,M,F,4,FALSE,FALSE
i049,i124,chimp,6,East,2018,East__2018,0,171.4,0,0,805,2160,0,1,F,F,4,FALSE,FALSE
i112,i124,chimp,6,East,2018,East__2018,0,321.333333333333,2040,0,927,2800,0,0,M,F,4,FALSE,FALSE
i065,i124,chimp,6,East,2018,East__2018,0,236.433333333333,240,0,1005,2521,0,0,F,F,4,FALSE,FALSE
i047,i124,chimp,6,East,2018,East__2018,0,195.283333333333,180,0,729,2381,0,0,F,F,4,FALSE,FALSE
i077,i124,chimp,6,East,2018,East__2018,0,240.466666666667,240,1,914,2720,0,0,M,F,4,FALSE,FALSE
i115,i124,chimp,6,East,2018,East__2018,0,196.116666666667,600,0,806,2383,0,0,F,F,4,FALSE,FALSE
i056,i124,chimp,6,East,2018,East__2018,0,171.366666666667,0,0,789,2553,0,0,F,F,4,FALSE,FALSE
i053,i124,chimp,6,East,2018,East__2018,0,177.633333333333,120,5,962,2787,1,0,M,F,4,FALSE,FALSE
i100,i124,chimp,6,East,2018,East__2018,1,125.685,4966,1,1358,2079,1,3,M,F,4,FALSE,FALSE
i036,i124,chimp,6,East,2018,East__2018,0,133.033888888889,345,0,1046,2718,0,0,M,F,4,FALSE,FALSE
i125,i103,chimp,6,East,2018,East__2018,0,366.483333333333,23160,9,1536,2883,1,1,M,M,4,FALSE,FALSE
i049,i103,chimp,6,East,2018,East__2018,0,234.316666666667,2400,5,898,2983,0,0,F,M,4,FALSE,FALSE
i112,i103,chimp,6,East,2018,East__2018,0,384.25,10980,6,1635,3008,2,4,M,M,4,FALSE,FALSE
i065,i103,chimp,6,East,2018,East__2018,0,299.35,4620,4,1240,3202,0,3,F,M,4,FALSE,FALSE
i047,i103,chimp,6,East,2018,East__2018,0,258.2,5700,4,1087,2939,0,2,F,M,4,FALSE,FALSE
i077,i103,chimp,6,East,2018,East__2018,0,303.383333333333,29580,1,1720,2830,0,5,M,M,4,FALSE,FALSE
i115,i103,chimp,6,East,2018,East__2018,0,259.033333333333,2220,0,1029,3076,0,0,F,M,4,FALSE,FALSE
i056,i103,chimp,6,East,2018,East__2018,0,234.283333333333,3000,0,1094,3164,0,3,F,M,4,FALSE,FALSE
i053,i103,chimp,6,East,2018,East__2018,0,240.55,2880,3,1583,3082,0,1,M,M,4,FALSE,FALSE
i100,i103,chimp,6,East,2018,East__2018,0,188.601666666667,918,0,1384,2969,0,0,M,M,4,FALSE,FALSE
i036,i103,chimp,6,East,2018,East__2018,0,195.950555555556,1489,3,1554,3126,0,1,M,M,4,FALSE,FALSE
i049,i125,chimp,6,East,2018,East__2018,0,286.9,1740,12,826,2730,1,0,F,M,4,FALSE,FALSE
i112,i125,chimp,6,East,2018,East__2018,0,436.833333333333,7920,3,1424,2894,1,1,M,M,4,FALSE,FALSE
i065,i125,chimp,6,East,2018,East__2018,0,351.933333333333,1380,4,1047,3070,1,0,F,M,4,FALSE,FALSE
i047,i125,chimp,6,East,2018,East__2018,0,310.783333333333,3480,2,881,2820,0,0,F,M,4,FALSE,FALSE
i077,i125,chimp,6,East,2018,East__2018,0,355.966666666667,8460,10,1378,2847,2,4,M,M,4,FALSE,FALSE
i115,i125,chimp,6,East,2018,East__2018,0,311.616666666667,1320,7,869,2911,1,0,F,M,4,FALSE,FALSE
i056,i125,chimp,6,East,2018,East__2018,0,286.866666666667,1740,0,885,3048,0,1,F,M,4,FALSE,FALSE
i053,i125,chimp,6,East,2018,East__2018,0,293.133333333333,3060,5,1293,3047,0,0,M,M,4,FALSE,FALSE
i100,i125,chimp,6,East,2018,East__2018,0,241.185,1314,4,1158,2870,0,0,M,M,4,FALSE,FALSE
i036,i125,chimp,6,East,2018,East__2018,0,248.533888888889,3820,7,1316,3039,0,0,M,M,4,FALSE,FALSE
i112,i049,chimp,6,East,2018,East__2018,0,304.666666666667,3360,10,921,2859,0,0,M,F,4,FALSE,FALSE
i065,i049,chimp,6,East,2018,East__2018,0,219.766666666667,360,1,982,2597,0,0,F,F,4,FALSE,FALSE
i047,i049,chimp,6,East,2018,East__2018,0,178.616666666667,480,0,735,2428,0,0,F,F,4,FALSE,FALSE
i077,i049,chimp,6,East,2018,East__2018,0,223.8,720,9,867,2820,0,0,M,F,4,FALSE,FALSE
i115,i049,chimp,6,East,2018,East__2018,0,179.45,120,0,918,2324,0,0,F,F,4,FALSE,FALSE
i056,i049,chimp,6,East,2018,East__2018,0,154.7,60,0,906,2489,0,0,F,F,4,FALSE,FALSE
i053,i049,chimp,6,East,2018,East__2018,0,160.966666666667,1200,4,892,2910,0,0,M,F,4,FALSE,FALSE
i100,i049,chimp,6,East,2018,East__2018,0,109.018333333333,19,1,964,2526,0,0,M,F,4,FALSE,FALSE
i036,i049,chimp,6,East,2018,East__2018,0,116.367222222222,788,0,1025,2792,0,0,M,F,4,FALSE,FALSE
i065,i112,chimp,6,East,2018,East__2018,0,369.7,1740,9,1134,3207,2,0,F,M,4,FALSE,FALSE
i047,i112,chimp,6,East,2018,East__2018,0,328.55,600,5,1023,2902,0,0,F,M,4,FALSE,FALSE
i077,i112,chimp,6,East,2018,East__2018,0,373.733333333333,6480,2,1579,2870,4,4,M,M,4,TRUE,FALSE
i115,i112,chimp,6,East,2018,East__2018,0,329.383333333333,960,2,976,3028,0,0,F,M,4,TRUE,FALSE
i056,i112,chimp,6,East,2018,East__2018,0,304.633333333333,6600,1,1059,3098,0,1,F,M,4,FALSE,FALSE
i053,i112,chimp,6,East,2018,East__2018,0,310.9,3900,2,1579,2985,0,0,M,M,4,FALSE,FALSE
i100,i112,chimp,6,East,2018,East__2018,0,258.951666666667,1250,2,1307,2945,0,0,M,M,4,FALSE,FALSE
i036,i112,chimp,6,East,2018,East__2018,0,266.300555555556,2287,1,1417,3162,0,0,M,M,4,FALSE,FALSE
i047,i065,chimp,6,East,2018,East__2018,0,243.65,480,0,1105,2619,0,0,F,F,4,FALSE,TRUE
i077,i065,chimp,6,East,2018,East__2018,0,288.833333333333,1200,6,1117,3131,1,2,M,F,4,FALSE,FALSE
i115,i065,chimp,6,East,2018,East__2018,0,244.483333333333,1800,1,1303,2500,4,1,F,F,4,FALSE,FALSE
i056,i065,chimp,6,East,2018,East__2018,0,219.733333333333,360,0,1243,2713,0,1,F,F,4,FALSE,FALSE
i053,i065,chimp,6,East,2018,East__2018,0,226,780,1,1287,3076,0,0,M,F,4,FALSE,TRUE
i100,i065,chimp,6,East,2018,East__2018,0,174.051666666667,83,0,1214,2837,0,0,M,F,4,FALSE,TRUE
i036,i065,chimp,6,East,2018,East__2018,1,181.400555555556,6006,0,1869,2509,0,2,M,F,4,FALSE,TRUE
i077,i047,chimp,6,East,2018,East__2018,0,247.683333333333,1980,5,953,2879,0,1,M,F,4,FALSE,FALSE
i115,i047,chimp,6,East,2018,East__2018,0,203.333333333333,0,0,937,2450,0,0,F,F,4,FALSE,FALSE
i056,i047,chimp,6,East,2018,East__2018,0,178.583333333333,60,0,1117,2423,0,1,F,F,4,FALSE,FALSE
i053,i047,chimp,6,East,2018,East__2018,0,184.85,600,2,1156,2791,0,0,M,F,4,FALSE,TRUE
i100,i047,chimp,6,East,2018,East__2018,0,132.901666666667,270,0,933,2702,0,0,M,F,4,FALSE,TRUE
i036,i047,chimp,6,East,2018,East__2018,0,140.250555555556,91,1,1237,2725,0,0,M,F,4,FALSE,TRUE
i115,i077,chimp,6,East,2018,East__2018,0,248.516666666667,3060,4,974,2937,0,0,F,M,4,TRUE,FALSE
i056,i077,chimp,6,East,2018,East__2018,0,223.766666666667,1980,5,1006,3058,0,1,F,M,4,FALSE,FALSE
i053,i077,chimp,6,East,2018,East__2018,0,230.033333333333,1440,7,1410,3061,1,0,M,M,4,FALSE,FALSE
i100,i077,chimp,6,East,2018,East__2018,0,178.085,600,6,1270,2889,0,0,M,M,4,FALSE,FALSE
i036,i077,chimp,6,East,2018,East__2018,0,185.433888888889,1670,5,1421,3065,0,0,M,M,4,FALSE,FALSE
i056,i115,chimp,6,East,2018,East__2018,0,179.416666666667,60,0,1093,2526,0,0,F,F,4,FALSE,FALSE
i053,i115,chimp,6,East,2018,East__2018,0,185.683333333333,180,6,1120,2906,0,0,M,F,4,FALSE,FALSE
i100,i115,chimp,6,East,2018,East__2018,0,133.735,0,0,976,2738,0,0,M,F,4,FALSE,FALSE
i036,i115,chimp,6,East,2018,East__2018,0,141.083888888889,29,0,1327,2714,0,1,M,F,4,FALSE,FALSE
i053,i056,chimp,6,East,2018,East__2018,0,160.933333333333,420,2,1172,3007,0,0,M,F,4,FALSE,FALSE
i100,i056,chimp,6,East,2018,East__2018,0,108.985,0,1,1002,2865,0,0,M,F,4,FALSE,FALSE
i036,i056,chimp,6,East,2018,East__2018,0,116.333888888889,0,0,1294,2900,0,0,M,F,4,FALSE,FALSE
i100,i053,chimp,6,East,2018,East__2018,0,115.251666666667,0,0,1321,2953,1,0,M,M,4,FALSE,TRUE
i036,i053,chimp,6,East,2018,East__2018,0,122.600555555556,796,0,1562,3039,0,0,M,M,4,FALSE,TRUE
i036,i100,chimp,6,East,2018,East__2018,0,70.6522222222222,88,0,1401,2888,0,0,M,M,4,FALSE,TRUE
i025,i067,chimp,4,Kanyawara,2016,Kanyawara__2016,0,286.433333333333,0,0,198,3130,0,0,F,F,1,FALSE,FALSE
i025,i110,chimp,4,Kanyawara,2016,Kanyawara__2016,0,442.966666666667,0,0,952,4058,0,0,F,F,1,FALSE,TRUE
i025,i043,chimp,4,Kanyawara,2016,Kanyawara__2016,0,374.7,0,0,1013,3629,0,0,F,M,1,FALSE,FALSE
i025,i102,chimp,4,Kanyawara,2016,Kanyawara__2016,0,491.433333333333,240,0,948,4210,1,0,F,F,1,FALSE,FALSE
i025,i092,chimp,4,Kanyawara,2016,Kanyawara__2016,0,394.816666666667,180,10,1338,3864,0,0,F,M,1,FALSE,TRUE
i025,i137,chimp,4,Kanyawara,2016,Kanyawara__2016,0,335.933333333333,0,0,696,3407,0,0,F,F,1,FALSE,FALSE
i025,i089,chimp,4,Kanyawara,2016,Kanyawara__2016,0,349.033333333333,0,1,668,3361,0,0,F,F,1,FALSE,TRUE
i025,i003,chimp,4,Kanyawara,2016,Kanyawara__2016,0,381.583333333333,0,0,670,3306,0,0,F,F,1,FALSE,TRUE
i025,i014,chimp,4,Kanyawara,2016,Kanyawara__2016,0,393.15,1080,3,934,3562,0,0,F,M,1,FALSE,FALSE
i025,i063,chimp,4,Kanyawara,2016,Kanyawara__2016,0,323.2,0,0,594,3562,1,0,F,F,1,FALSE,FALSE
i025,i081,chimp,4,Kanyawara,2016,Kanyawara__2016,0,328.216666666667,0,3,751,3666,0,0,F,F,1,FALSE,FALSE
i025,i097,chimp,4,Kanyawara,2016,Kanyawara__2016,0,373.15,0,0,285,3201,0,0,F,F,1,FALSE,FALSE
i025,i002,chimp,4,Kanyawara,2016,Kanyawara__2016,0,543.8,0,1,985,4360,0,0,F,F,1,FALSE,TRUE
i025,i064,chimp,4,Kanyawara,2016,Kanyawara__2016,0,398.766666666667,420,1,786,3930,0,0,F,M,1,FALSE,FALSE
i025,i019,chimp,4,Kanyawara,2016,Kanyawara__2016,0,240.216666666667,0,1,271,1396,0,0,F,F,1,FALSE,TRUE
i106,i025,chimp,4,Kanyawara,2016,Kanyawara__2016,1,459.783333333333,5040,0,1666,4140,0,0,M,F,1,FALSE,FALSE
i106,i067,chimp,4,Kanyawara,2016,Kanyawara__2016,0,352.116666666667,420,0,260,3754,0,0,M,F,1,FALSE,FALSE
i106,i110,chimp,4,Kanyawara,2016,Kanyawara__2016,0,508.65,2400,6,1119,4577,0,0,M,F,1,FALSE,FALSE
i106,i043,chimp,4,Kanyawara,2016,Kanyawara__2016,0,440.383333333333,2940,8,1310,4018,0,0,M,M,1,FALSE,FALSE
i106,i102,chimp,4,Kanyawara,2016,Kanyawara__2016,0,557.116666666667,1140,4,1075,4769,0,0,M,F,1,FALSE,FALSE
i106,i092,chimp,4,Kanyawara,2016,Kanyawara__2016,0,460.5,4140,3,1481,4407,0,0,M,M,1,FALSE,FALSE
i106,i137,chimp,4,Kanyawara,2016,Kanyawara__2016,0,401.616666666667,120,2,648,4141,0,0,M,F,1,FALSE,FALSE
i106,i089,chimp,4,Kanyawara,2016,Kanyawara__2016,0,414.716666666667,300,5,544,4171,0,0,M,F,1,FALSE,FALSE
i106,i003,chimp,4,Kanyawara,2016,Kanyawara__2016,0,447.266666666667,240,3,540,4122,0,0,M,F,1,FALSE,FALSE
i106,i014,chimp,4,Kanyawara,2016,Kanyawara__2016,0,458.833333333333,14940,17,1169,4013,0,0,M,M,1,FALSE,FALSE
i106,i063,chimp,4,Kanyawara,2016,Kanyawara__2016,0,388.883333333333,840,4,737,4105,0,0,M,F,1,FALSE,FALSE
i106,i081,chimp,4,Kanyawara,2016,Kanyawara__2016,0,393.9,2760,4,854,4249,0,0,M,F,1,FALSE,FALSE
i106,i097,chimp,4,Kanyawara,2016,Kanyawara__2016,0,438.833333333333,1200,1,323,3849,0,0,M,F,1,FALSE,FALSE
i106,i002,chimp,4,Kanyawara,2016,Kanyawara__2016,0,609.483333333333,1380,4,1074,4957,0,0,M,F,1,FALSE,FALSE
i106,i064,chimp,4,Kanyawara,2016,Kanyawara__2016,0,464.45,3180,2,1187,4215,0,0,M,M,1,FALSE,FALSE
i106,i019,chimp,4,Kanyawara,2016,Kanyawara__2016,0,305.9,960,0,265,1555,0,0,M,F,1,FALSE,FALSE
i046,i025,chimp,4,Kanyawara,2016,Kanyawara__2016,1,353.25,8220,1,2049,3562,0,0,M,F,1,FALSE,FALSE
i046,i106,chimp,4,Kanyawara,2016,Kanyawara__2016,1,418.933333333333,4200,3,2258,4039,0,0,M,M,1,FALSE,FALSE
i046,i067,chimp,4,Kanyawara,2016,Kanyawara__2016,0,245.583333333333,120,1,235,3584,0,0,M,F,1,FALSE,FALSE
i046,i110,chimp,4,Kanyawara,2016,Kanyawara__2016,0,402.116666666667,2220,10,1145,4356,0,0,M,F,1,FALSE,FALSE
i046,i043,chimp,4,Kanyawara,2016,Kanyawara__2016,0,333.85,60,0,1279,3854,0,0,M,M,1,TRUE,FALSE
i046,i102,chimp,4,Kanyawara,2016,Kanyawara__2016,0,450.583333333333,1740,5,1154,4495,0,0,M,F,1,FALSE,FALSE
i046,i092,chimp,4,Kanyawara,2016,Kanyawara__2016,0,353.966666666667,300,1,1494,4199,0,0,M,M,1,FALSE,FALSE
i046,i137,chimp,4,Kanyawara,2016,Kanyawara__2016,0,295.083333333333,0,0,763,3831,0,0,M,F,1,FALSE,FALSE
i046,i089,chimp,4,Kanyawara,2016,Kanyawara__2016,0,308.183333333333,480,1,688,3832,0,0,M,F,1,FALSE,FALSE
i046,i003,chimp,4,Kanyawara,2016,Kanyawara__2016,0,340.733333333333,0,2,673,3794,0,0,M,F,1,FALSE,FALSE
i046,i014,chimp,4,Kanyawara,2016,Kanyawara__2016,0,352.3,660,3,1145,3842,0,0,M,M,1,FALSE,FALSE
i046,i063,chimp,4,Kanyawara,2016,Kanyawara__2016,0,282.35,0,0,595,4052,0,0,M,F,1,FALSE,FALSE
i046,i081,chimp,4,Kanyawara,2016,Kanyawara__2016,0,287.366666666667,300,1,786,4122,0,0,M,F,1,FALSE,FALSE
i046,i097,chimp,4,Kanyawara,2016,Kanyawara__2016,0,332.3,540,0,295,3682,0,0,M,F,1,FALSE,FALSE
i046,i002,chimp,4,Kanyawara,2016,Kanyawara__2016,0,502.95,720,4,1077,4759,0,0,M,F,1,TRUE,FALSE
i046,i064,chimp,4,Kanyawara,2016,Kanyawara__2016,0,357.916666666667,1680,1,987,4220,0,0,M,M,1,FALSE,FALSE
i046,i019,chimp,4,Kanyawara,2016,Kanyawara__2016,0,199.366666666667,1620,0,327,1529,0,0,M,F,1,FALSE,FALSE
i075,i025,chimp,4,Kanyawara,2016,Kanyawara__2016,0,358.25,360,4,904,3407,0,0,M,F,1,FALSE,FALSE
i075,i106,chimp,4,Kanyawara,2016,Kanyawara__2016,0,423.933333333333,11040,6,1285,3712,1,0,M,M,1,FALSE,FALSE
i075,i046,chimp,4,Kanyawara,2016,Kanyawara__2016,0,317.4,1020,0,1055,3747,0,0,M,M,1,FALSE,FALSE
i075,i067,chimp,4,Kanyawara,2016,Kanyawara__2016,0,250.583333333333,0,1,177,2342,0,0,M,F,1,FALSE,FALSE
i075,i110,chimp,4,Kanyawara,2016,Kanyawara__2016,0,407.116666666667,0,0,630,3571,0,0,M,F,1,FALSE,FALSE
i075,i043,chimp,4,Kanyawara,2016,Kanyawara__2016,0,338.85,2160,0,738,3095,0,0,M,M,1,FALSE,FALSE
i075,i102,chimp,4,Kanyawara,2016,Kanyawara__2016,0,455.583333333333,0,0,504,3845,0,0,M,F,1,FALSE,FALSE
i075,i092,chimp,4,Kanyawara,2016,Kanyawara__2016,0,358.966666666667,1020,4,830,3563,0,0,M,M,1,FALSE,FALSE
i075,i137,chimp,4,Kanyawara,2016,Kanyawara__2016,0,300.083333333333,0,0,347,2947,0,0,M,F,1,FALSE,FALSE
i075,i089,chimp,4,Kanyawara,2016,Kanyawara__2016,0,313.183333333333,120,1,287,2933,0,0,M,F,1,FALSE,FALSE
i075,i003,chimp,4,Kanyawara,2016,Kanyawara__2016,0,345.733333333333,60,1,286,2881,0,0,M,F,1,FALSE,FALSE
i075,i014,chimp,4,Kanyawara,2016,Kanyawara__2016,0,357.3,13680,4,710,2977,1,1,M,M,1,FALSE,FALSE
i075,i063,chimp,4,Kanyawara,2016,Kanyawara__2016,0,287.35,0,1,562,2785,0,0,M,F,1,FALSE,FALSE
i075,i081,chimp,4,Kanyawara,2016,Kanyawara__2016,0,292.366666666667,1920,1,533,3075,0,0,M,F,1,FALSE,FALSE
i075,i097,chimp,4,Kanyawara,2016,Kanyawara__2016,0,337.3,240,0,228,2449,0,0,M,F,1,FALSE,FALSE
i075,i002,chimp,4,Kanyawara,2016,Kanyawara__2016,0,507.95,2160,1,570,3966,0,1,M,F,1,FALSE,FALSE
i075,i064,chimp,4,Kanyawara,2016,Kanyawara__2016,0,362.916666666667,1200,4,577,3330,0,0,M,M,1,FALSE,FALSE
i075,i019,chimp,4,Kanyawara,2016,Kanyawara__2016,0,204.366666666667,0,0,129,1225,0,0,M,F,1,FALSE,FALSE
i096,i025,chimp,4,Kanyawara,2016,Kanyawara__2016,0,271.9,0,0,287,1508,0,0,F,F,1,FALSE,FALSE
i096,i106,chimp,4,Kanyawara,2016,Kanyawara__2016,0,337.583333333333,120,0,313,1665,0,0,F,M,1,FALSE,FALSE
i096,i046,chimp,4,Kanyawara,2016,Kanyawara__2016,0,231.05,0,0,338,1668,0,0,F,M,1,FALSE,FALSE
i096,i075,chimp,4,Kanyawara,2016,Kanyawara__2016,0,236.05,180,2,304,1215,0,0,F,M,1,FALSE,FALSE
i096,i067,chimp,4,Kanyawara,2016,Kanyawara__2016,0,164.233333333333,120,0,104,955,0,0,F,F,1,FALSE,FALSE
i096,i110,chimp,4,Kanyawara,2016,Kanyawara__2016,0,320.766666666667,0,0,289,1459,0,0,F,F,1,FALSE,FALSE
i096,i043,chimp,4,Kanyawara,2016,Kanyawara__2016,0,252.5,0,0,206,1331,0,0,F,M,1,FALSE,FALSE
i096,i102,chimp,4,Kanyawara,2016,Kanyawara__2016,0,369.233333333333,240,0,236,1691,0,0,F,F,1,FALSE,FALSE
i096,i092,chimp,4,Kanyawara,2016,Kanyawara__2016,0,272.616666666667,0,3,348,1609,0,0,F,M,1,FALSE,FALSE
i096,i137,chimp,4,Kanyawara,2016,Kanyawara__2016,0,213.733333333333,60,0,235,1338,0,0,F,F,1,FALSE,FALSE
i096,i089,chimp,4,Kanyawara,2016,Kanyawara__2016,0,226.833333333333,0,0,182,1324,0,0,F,F,1,FALSE,FALSE
i096,i003,chimp,4,Kanyawara,2016,Kanyawara__2016,0,259.383333333333,0,0,191,1271,0,0,F,F,1,FALSE,FALSE
i096,i014,chimp,4,Kanyawara,2016,Kanyawara__2016,0,270.95,0,3,172,899,0,0,F,M,1,FALSE,FALSE
i096,i063,chimp,4,Kanyawara,2016,Kanyawara__2016,0,201,0,0,250,1244,0,0,F,F,1,FALSE,FALSE
i096,i081,chimp,4,Kanyawara,2016,Kanyawara__2016,0,206.016666666667,60,0,261,1288,0,0,F,F,1,FALSE,FALSE
i096,i097,chimp,4,Kanyawara,2016,Kanyawara__2016,0,250.95,0,0,107,1007,0,0,F,F,1,FALSE,FALSE
i096,i002,chimp,4,Kanyawara,2016,Kanyawara__2016,0,421.6,0,0,239,1782,0,0,F,F,1,FALSE,FALSE
i096,i064,chimp,4,Kanyawara,2016,Kanyawara__2016,0,276.566666666667,0,0,217,1456,0,0,F,M,1,FALSE,FALSE
i096,i019,chimp,4,Kanyawara,2016,Kanyawara__2016,0,118.016666666667,0,0,86,1095,0,0,F,F,1,FALSE,FALSE
i017,i025,chimp,4,Kanyawara,2016,Kanyawara__2016,0,418.883333333333,300,4,1581,4414,0,0,M,F,1,FALSE,FALSE
i017,i106,chimp,4,Kanyawara,2016,Kanyawara__2016,0,484.566666666667,1740,5,2422,4259,0,0,M,M,1,FALSE,FALSE
i017,i046,chimp,4,Kanyawara,2016,Kanyawara__2016,0,378.033333333333,0,4,2023,4463,0,0,M,M,1,FALSE,FALSE
i017,i075,chimp,4,Kanyawara,2016,Kanyawara__2016,0,383.033333333333,1140,1,1310,3876,0,0,M,M,1,FALSE,FALSE
i017,i096,chimp,4,Kanyawara,2016,Kanyawara__2016,1,296.683333333333,12360,0,510,1536,1,0,M,F,1,FALSE,FALSE
i017,i067,chimp,4,Kanyawara,2016,Kanyawara__2016,0,311.216666666667,600,0,311,3892,0,0,M,F,1,FALSE,FALSE
i017,i110,chimp,4,Kanyawara,2016,Kanyawara__2016,0,467.75,1620,1,1120,4765,0,0,M,F,1,FALSE,FALSE
i017,i043,chimp,4,Kanyawara,2016,Kanyawara__2016,0,399.483333333333,18360,1,1289,4228,0,0,M,M,1,FALSE,FALSE
i017,i102,chimp,4,Kanyawara,2016,Kanyawara__2016,0,516.216666666667,3180,1,1146,4887,0,0,M,F,1,FALSE,FALSE
i017,i092,chimp,4,Kanyawara,2016,Kanyawara__2016,0,419.6,2400,2,1647,4430,0,0,M,M,1,FALSE,FALSE
i017,i137,chimp,4,Kanyawara,2016,Kanyawara__2016,0,360.716666666667,60,3,750,4228,0,0,M,F,1,FALSE,FALSE
i017,i089,chimp,4,Kanyawara,2016,Kanyawara__2016,0,373.816666666667,0,4,637,4267,0,0,M,F,1,FALSE,FALSE
i017,i003,chimp,4,Kanyawara,2016,Kanyawara__2016,0,406.366666666667,0,8,633,4218,0,0,M,F,1,FALSE,FALSE
i017,i014,chimp,4,Kanyawara,2016,Kanyawara__2016,0,417.933333333333,1320,6,1386,3985,0,0,M,M,1,FALSE,FALSE
i017,i063,chimp,4,Kanyawara,2016,Kanyawara__2016,0,347.983333333333,2400,2,898,4133,0,0,M,F,1,FALSE,FALSE
i017,i081,chimp,4,Kanyawara,2016,Kanyawara__2016,0,353,840,1,1023,4269,0,0,M,F,1,FALSE,FALSE
i017,i097,chimp,4,Kanyawara,2016,Kanyawara__2016,0,397.933333333333,0,0,352,4009,0,0,M,F,1,FALSE,FALSE
i017,i002,chimp,4,Kanyawara,2016,Kanyawara__2016,0,568.583333333333,5040,8,1213,5007,0,0,M,F,1,FALSE,FALSE
i017,i064,chimp,4,Kanyawara,2016,Kanyawara__2016,0,423.55,0,3,1210,4381,0,0,M,M,1,FALSE,FALSE
i017,i019,chimp,4,Kanyawara,2016,Kanyawara__2016,0,265,0,1,260,1577,0,0,M,F,1,FALSE,FALSE
i001,i025,chimp,4,Kanyawara,2016,Kanyawara__2016,0,272.766666666667,300,3,727,3182,0,0,F,F,1,FALSE,FALSE
i001,i106,chimp,4,Kanyawara,2016,Kanyawara__2016,0,338.45,780,5,933,3662,0,0,F,M,1,FALSE,FALSE
i001,i046,chimp,4,Kanyawara,2016,Kanyawara__2016,0,231.916666666667,780,5,927,3473,0,0,F,M,1,TRUE,FALSE
i001,i075,chimp,4,Kanyawara,2016,Kanyawara__2016,0,236.916666666667,420,0,498,2602,0,0,F,M,1,FALSE,FALSE
i001,i096,chimp,4,Kanyawara,2016,Kanyawara__2016,0,150.566666666667,0,0,73,681,0,0,F,F,1,FALSE,FALSE
i001,i017,chimp,4,Kanyawara,2016,Kanyawara__2016,0,297.55,2580,2,989,3795,0,0,F,M,1,FALSE,FALSE
i001,i067,chimp,4,Kanyawara,2016,Kanyawara__2016,0,165.1,0,0,186,1931,0,0,F,F,1,FALSE,FALSE
i001,i110,chimp,4,Kanyawara,2016,Kanyawara__2016,0,321.633333333333,0,0,604,3195,0,0,F,F,1,FALSE,FALSE
i001,i043,chimp,4,Kanyawara,2016,Kanyawara__2016,0,253.366666666667,360,0,624,2807,0,0,F,M,1,TRUE,FALSE
i001,i102,chimp,4,Kanyawara,2016,Kanyawara__2016,0,370.1,1200,2,508,3439,0,0,F,F,1,FALSE,FALSE
i001,i092,chimp,4,Kanyawara,2016,Kanyawara__2016,0,273.483333333333,840,2,773,3218,0,0,F,M,1,FALSE,FALSE
i001,i137,chimp,4,Kanyawara,2016,Kanyawara__2016,0,214.6,0,2,251,2641,0,0,F,F,1,FALSE,FALSE
i001,i089,chimp,4,Kanyawara,2016,Kanyawara__2016,0,227.7,0,0,262,2556,0,0,F,F,1,FALSE,FALSE
i001,i003,chimp,4,Kanyawara,2016,Kanyawara__2016,0,260.25,0,0,260,2505,0,0,F,F,1,FALSE,FALSE
i001,i014,chimp,4,Kanyawara,2016,Kanyawara__2016,0,271.816666666667,4380,1,678,2607,0,0,F,M,1,FALSE,FALSE
i001,i063,chimp,4,Kanyawara,2016,Kanyawara__2016,0,201.866666666667,0,1,214,2731,0,0,F,F,1,FALSE,FALSE
i001,i081,chimp,4,Kanyawara,2016,Kanyawara__2016,0,206.883333333333,120,6,409,2797,0,0,F,F,1,FALSE,FALSE
i001,i097,chimp,4,Kanyawara,2016,Kanyawara__2016,0,251.816666666667,1560,0,200,2075,0,0,F,F,1,FALSE,FALSE
i001,i002,chimp,4,Kanyawara,2016,Kanyawara__2016,0,422.466666666667,0,5,490,3644,0,0,F,F,1,TRUE,FALSE
i001,i064,chimp,4,Kanyawara,2016,Kanyawara__2016,0,277.433333333333,60,1,514,2991,0,0,F,M,1,FALSE,FALSE
i001,i019,chimp,4,Kanyawara,2016,Kanyawara__2016,0,118.883333333333,0,0,7,626,0,0,F,F,1,FALSE,FALSE
i051,i025,chimp,4,Kanyawara,2016,Kanyawara__2016,0,496.066666666667,2040,7,1548,4396,0,0,M,F,1,FALSE,FALSE
i051,i106,chimp,4,Kanyawara,2016,Kanyawara__2016,0,561.75,11520,24,2289,4341,0,0,M,M,1,FALSE,FALSE
i051,i046,chimp,4,Kanyawara,2016,Kanyawara__2016,0,455.216666666667,2100,14,2032,4403,0,0,M,M,1,FALSE,FALSE
i051,i075,chimp,4,Kanyawara,2016,Kanyawara__2016,0,460.216666666667,11220,8,1396,3739,3,0,M,M,1,FALSE,FALSE
i051,i096,chimp,4,Kanyawara,2016,Kanyawara__2016,0,373.866666666667,1860,8,425,1857,0,0,M,F,1,FALSE,FALSE
i051,i017,chimp,4,Kanyawara,2016,Kanyawara__2016,0,520.85,1320,67,2490,4329,0,0,M,M,1,FALSE,FALSE
i051,i001,chimp,4,Kanyawara,2016,Kanyawara__2016,0,374.733333333333,4200,4,963,3770,0,0,M,F,1,FALSE,FALSE
i051,i067,chimp,4,Kanyawara,2016,Kanyawara__2016,0,388.4,1260,3,325,3827,0,0,M,F,1,FALSE,FALSE
i051,i110,chimp,4,Kanyawara,2016,Kanyawara__2016,0,544.933333333333,4980,5,1125,4709,0,0,M,F,1,FALSE,FALSE
i051,i043,chimp,4,Kanyawara,2016,Kanyawara__2016,0,476.666666666667,3300,9,1260,4206,0,0,M,M,1,FALSE,FALSE
i051,i102,chimp,4,Kanyawara,2016,Kanyawara__2016,0,593.4,360,1,1087,4895,0,0,M,F,1,FALSE,FALSE
i051,i092,chimp,4,Kanyawara,2016,Kanyawara__2016,0,496.783333333333,960,29,1678,4348,0,0,M,M,1,FALSE,FALSE
i051,i137,chimp,4,Kanyawara,2016,Kanyawara__2016,0,437.9,1500,0,840,4087,0,0,M,F,1,FALSE,FALSE
i051,i089,chimp,4,Kanyawara,2016,Kanyawara__2016,0,451,0,5,709,4144,0,0,M,F,1,FALSE,FALSE
i051,i003,chimp,4,Kanyawara,2016,Kanyawara__2016,0,483.55,300,2,708,4092,0,1,M,F,1,FALSE,FALSE
i051,i014,chimp,4,Kanyawara,2016,Kanyawara__2016,0,495.116666666667,6720,17,1173,4147,1,0,M,M,1,FALSE,FALSE
i051,i063,chimp,4,Kanyawara,2016,Kanyawara__2016,0,425.166666666667,1800,5,983,3997,0,0,M,F,1,FALSE,FALSE
i051,i081,chimp,4,Kanyawara,2016,Kanyawara__2016,0,430.183333333333,1620,2,1075,4166,0,0,M,F,1,FALSE,FALSE
i051,i097,chimp,4,Kanyawara,2016,Kanyawara__2016,0,475.116666666667,600,2,369,3941,0,0,M,F,1,FALSE,FALSE
i051,i002,chimp,4,Kanyawara,2016,Kanyawara__2016,0,645.766666666667,3840,3,1272,4897,0,3,M,F,1,FALSE,FALSE
i051,i064,chimp,4,Kanyawara,2016,Kanyawara__2016,0,500.733333333333,5220,3,1152,4388,0,0,M,M,1,FALSE,FALSE
i051,i019,chimp,4,Kanyawara,2016,Kanyawara__2016,0,342.183333333333,540,2,323,1740,0,0,M,F,1,FALSE,FALSE
i045,i025,chimp,4,Kanyawara,2016,Kanyawara__2016,0,355.766666666667,0,0,431,3265,0,0,F,F,1,FALSE,FALSE
i045,i106,chimp,4,Kanyawara,2016,Kanyawara__2016,0,421.45,660,0,455,3927,0,0,F,M,1,FALSE,FALSE
i045,i046,chimp,4,Kanyawara,2016,Kanyawara__2016,0,314.916666666667,0,2,516,3671,0,0,F,M,1,FALSE,FALSE
i045,i075,chimp,4,Kanyawara,2016,Kanyawara__2016,0,319.916666666667,0,0,329,2558,0,0,F,M,1,FALSE,FALSE
i045,i096,chimp,4,Kanyawara,2016,Kanyawara__2016,0,233.566666666667,0,1,93,1139,0,0,F,F,1,FALSE,FALSE
i045,i017,chimp,4,Kanyawara,2016,Kanyawara__2016,0,380.55,0,0,509,4062,0,0,F,M,1,FALSE,FALSE
i045,i001,chimp,4,Kanyawara,2016,Kanyawara__2016,0,234.433333333333,0,0,254,2231,0,0,F,F,1,FALSE,FALSE
i045,i051,chimp,4,Kanyawara,2016,Kanyawara__2016,0,457.733333333333,0,1,474,4046,0,0,F,M,1,FALSE,FALSE
i045,i067,chimp,4,Kanyawara,2016,Kanyawara__2016,0,248.1,0,0,84,1820,0,0,F,F,1,FALSE,FALSE
i045,i110,chimp,4,Kanyawara,2016,Kanyawara__2016,0,404.633333333333,0,2,471,3115,0,0,F,F,1,FALSE,FALSE
i045,i043,chimp,4,Kanyawara,2016,Kanyawara__2016,0,336.366666666667,0,0,451,2767,0,0,F,M,1,FALSE,FALSE
i045,i102,chimp,4,Kanyawara,2016,Kanyawara__2016,0,453.1,0,4,338,3396,0,0,F,F,1,FALSE,FALSE
i045,i092,chimp,4,Kanyawara,2016,Kanyawara__2016,0,356.483333333333,120,0,391,3387,0,0,F,M,1,FALSE,FALSE
i045,i137,chimp,4,Kanyawara,2016,Kanyawara__2016,0,297.6,0,4,253,2426,0,0,F,F,1,FALSE,FALSE
i045,i089,chimp,4,Kanyawara,2016,Kanyawara__2016,0,310.7,0,0,254,2351,0,0,F,F,1,FALSE,FALSE
i045,i003,chimp,4,Kanyawara,2016,Kanyawara__2016,0,343.25,0,0,245,2307,0,0,F,F,1,FALSE,FALSE
i045,i014,chimp,4,Kanyawara,2016,Kanyawara__2016,0,354.816666666667,0,0,320,2752,0,0,F,M,1,FALSE,FALSE
i045,i063,chimp,4,Kanyawara,2016,Kanyawara__2016,0,284.866666666667,0,0,63,2669,0,0,F,F,1,FALSE,FALSE
i045,i081,chimp,4,Kanyawara,2016,Kanyawara__2016,0,289.883333333333,120,0,197,2796,0,0,F,F,1,FALSE,FALSE
i045,i097,chimp,4,Kanyawara,2016,Kanyawara__2016,0,334.816666666667,0,0,58,2004,0,0,F,F,1,FALSE,FALSE
i045,i002,chimp,4,Kanyawara,2016,Kanyawara__2016,0,505.466666666667,0,0,419,3502,0,0,F,F,1,FALSE,FALSE
i045,i064,chimp,4,Kanyawara,2016,Kanyawara__2016,0,360.433333333333,60,0,294,2998,0,0,F,M,1,FALSE,FALSE
i045,i019,chimp,4,Kanyawara,2016,Kanyawara__2016,0,201.883333333333,120,0,227,783,0,0,F,F,1,FALSE,FALSE
i066,i025,chimp,4,Kanyawara,2016,Kanyawara__2016,0,518.783333333333,1380,1,996,3726,0,0,M,F,1,FALSE,FALSE
i066,i106,chimp,4,Kanyawara,2016,Kanyawara__2016,0,584.466666666667,34440,7,1424,3984,1,0,M,M,1,FALSE,FALSE
i066,i046,chimp,4,Kanyawara,2016,Kanyawara__2016,0,477.933333333333,2400,2,1236,3977,0,0,M,M,1,FALSE,FALSE
i066,i075,chimp,4,Kanyawara,2016,Kanyawara__2016,0,482.933333333333,19740,0,719,3194,2,0,M,M,1,FALSE,FALSE
i066,i096,chimp,4,Kanyawara,2016,Kanyawara__2016,0,396.583333333333,540,1,226,1511,0,0,M,F,1,FALSE,FALSE
i066,i017,chimp,4,Kanyawara,2016,Kanyawara__2016,0,543.566666666667,6600,5,1399,4198,0,0,M,M,1,FALSE,FALSE
i066,i001,chimp,4,Kanyawara,2016,Kanyawara__2016,0,397.45,300,0,613,2898,0,0,M,F,1,FALSE,FALSE
i066,i051,chimp,4,Kanyawara,2016,Kanyawara__2016,0,620.75,11760,12,1418,4128,1,1,M,M,1,FALSE,FALSE
i066,i045,chimp,4,Kanyawara,2016,Kanyawara__2016,0,480.45,0,0,338,2960,0,0,M,F,1,FALSE,FALSE
i066,i067,chimp,4,Kanyawara,2016,Kanyawara__2016,0,411.116666666667,0,1,156,2774,0,0,M,F,1,FALSE,FALSE
i066,i110,chimp,4,Kanyawara,2016,Kanyawara__2016,0,567.65,60,0,668,3944,0,0,M,F,1,FALSE,FALSE
i066,i043,chimp,4,Kanyawara,2016,Kanyawara__2016,0,499.383333333333,8280,2,982,3262,0,0,M,M,1,FALSE,FALSE
i066,i102,chimp,4,Kanyawara,2016,Kanyawara__2016,0,616.116666666667,2640,3,722,4038,0,0,M,F,1,FALSE,FALSE
i066,i092,chimp,4,Kanyawara,2016,Kanyawara__2016,0,519.5,23280,3,1138,3666,0,0,M,M,1,FALSE,FALSE
i066,i137,chimp,4,Kanyawara,2016,Kanyawara__2016,0,460.616666666667,0,2,527,3178,0,0,M,F,1,FALSE,FALSE
i066,i089,chimp,4,Kanyawara,2016,Kanyawara__2016,0,473.716666666667,840,2,478,3153,0,0,M,F,1,FALSE,FALSE
i066,i003,chimp,4,Kanyawara,2016,Kanyawara__2016,0,506.266666666667,600,2,458,3120,0,0,M,F,1,FALSE,FALSE
i066,i014,chimp,4,Kanyawara,2016,Kanyawara__2016,0,517.833333333333,4080,12,760,3338,1,0,M,M,1,FALSE,FALSE
i066,i063,chimp,4,Kanyawara,2016,Kanyawara__2016,0,447.883333333333,0,1,417,3341,0,0,M,F,1,FALSE,FALSE
i110,i067,chimp,4,Kanyawara,2016,Kanyawara__2016,0,335.3,0,0,168,3050,0,0,F,F,1,FALSE,FALSE
i043,i067,chimp,4,Kanyawara,2016,Kanyawara__2016,0,267.033333333333,0,0,161,2689,0,0,M,F,1,FALSE,FALSE
i043,i110,chimp,4,Kanyawara,2016,Kanyawara__2016,0,423.566666666667,240,0,888,3644,0,0,M,F,1,FALSE,FALSE
i102,i067,chimp,4,Kanyawara,2016,Kanyawara__2016,0,383.766666666667,360,0,244,3122,0,0,F,F,1,FALSE,FALSE
i102,i110,chimp,4,Kanyawara,2016,Kanyawara__2016,0,540.3,1020,0,1310,3738,0,0,F,F,1,FALSE,FALSE
i102,i043,chimp,4,Kanyawara,2016,Kanyawara__2016,0,472.033333333333,600,0,675,4005,0,0,F,M,1,FALSE,FALSE
i092,i067,chimp,4,Kanyawara,2016,Kanyawara__2016,0,287.15,240,1,312,3098,0,0,M,F,1,FALSE,FALSE
i092,i110,chimp,4,Kanyawara,2016,Kanyawara__2016,0,443.683333333333,660,3,928,4164,0,0,M,F,1,FALSE,TRUE
i092,i043,chimp,4,Kanyawara,2016,Kanyawara__2016,0,375.416666666667,10620,2,960,3764,0,0,M,M,1,FALSE,FALSE
i092,i102,chimp,4,Kanyawara,2016,Kanyawara__2016,0,492.15,1020,4,871,4369,0,0,M,F,1,FALSE,FALSE
i137,i067,chimp,4,Kanyawara,2016,Kanyawara__2016,0,228.266666666667,0,0,101,2210,0,0,F,F,1,FALSE,FALSE
i137,i110,chimp,4,Kanyawara,2016,Kanyawara__2016,0,384.8,0,0,623,3370,0,0,F,F,1,FALSE,FALSE
i137,i043,chimp,4,Kanyawara,2016,Kanyawara__2016,0,316.533333333333,0,1,507,3118,0,0,F,M,1,FALSE,FALSE
i137,i102,chimp,4,Kanyawara,2016,Kanyawara__2016,0,433.266666666667,0,0,708,3433,0,0,F,F,1,FALSE,FALSE
i137,i092,chimp,4,Kanyawara,2016,Kanyawara__2016,1,336.65,420,1,842,3343,0,0,F,M,1,FALSE,FALSE
i089,i067,chimp,4,Kanyawara,2016,Kanyawara__2016,0,241.366666666667,0,0,88,2149,0,0,F,F,1,FALSE,FALSE
i089,i110,chimp,4,Kanyawara,2016,Kanyawara__2016,0,397.9,0,1,628,3291,0,0,F,F,1,FALSE,TRUE
i089,i043,chimp,4,Kanyawara,2016,Kanyawara__2016,0,329.633333333333,0,1,452,3099,0,0,F,M,1,FALSE,FALSE
i089,i102,chimp,4,Kanyawara,2016,Kanyawara__2016,0,446.366666666667,0,0,692,3375,0,0,F,F,1,FALSE,FALSE
i089,i092,chimp,4,Kanyawara,2016,Kanyawara__2016,1,349.75,2880,0,783,3328,0,0,F,M,1,FALSE,TRUE
i089,i137,chimp,4,Kanyawara,2016,Kanyawara__2016,1,290.866666666667,1320,1,1358,1654,0,0,F,F,1,FALSE,FALSE
i003,i067,chimp,4,Kanyawara,2016,Kanyawara__2016,0,273.916666666667,0,0,76,2108,0,0,F,F,1,FALSE,FALSE
i003,i110,chimp,4,Kanyawara,2016,Kanyawara__2016,0,430.45,0,1,610,3256,0,0,F,F,1,FALSE,TRUE
i003,i043,chimp,4,Kanyawara,2016,Kanyawara__2016,0,362.183333333333,0,0,439,3059,0,0,F,M,1,FALSE,FALSE
i003,i102,chimp,4,Kanyawara,2016,Kanyawara__2016,0,478.916666666667,0,0,685,3329,0,0,F,F,1,FALSE,FALSE
i003,i092,chimp,4,Kanyawara,2016,Kanyawara__2016,1,382.3,11460,0,798,3260,1,0,F,M,1,FALSE,TRUE
i003,i137,chimp,4,Kanyawara,2016,Kanyawara__2016,1,323.416666666667,12300,0,1350,1609,0,0,F,F,1,FALSE,FALSE
i003,i089,chimp,4,Kanyawara,2016,Kanyawara__2016,1,336.516666666667,7620,0,1373,1512,1,0,F,F,1,FALSE,TRUE
i014,i067,chimp,4,Kanyawara,2016,Kanyawara__2016,0,285.483333333333,180,1,159,2545,0,0,M,F,1,FALSE,FALSE
i014,i110,chimp,4,Kanyawara,2016,Kanyawara__2016,0,442.016666666667,1860,3,584,3802,0,0,M,F,1,FALSE,FALSE
i014,i043,chimp,4,Kanyawara,2016,Kanyawara__2016,0,373.75,840,2,729,3289,0,0,M,M,1,FALSE,FALSE
i014,i102,chimp,4,Kanyawara,2016,Kanyawara__2016,0,490.483333333333,1620,2,657,3877,0,0,M,F,1,FALSE,FALSE
i014,i092,chimp,4,Kanyawara,2016,Kanyawara__2016,0,393.866666666667,10260,0,949,3629,0,0,M,M,1,FALSE,FALSE
i014,i137,chimp,4,Kanyawara,2016,Kanyawara__2016,0,334.983333333333,1380,2,482,2997,0,0,M,F,1,FALSE,FALSE
i014,i089,chimp,4,Kanyawara,2016,Kanyawara__2016,0,348.083333333333,300,6,438,2967,0,0,M,F,1,FALSE,FALSE
i014,i003,chimp,4,Kanyawara,2016,Kanyawara__2016,0,380.633333333333,60,2,421,2931,0,0,M,F,1,FALSE,FALSE
i063,i067,chimp,4,Kanyawara,2016,Kanyawara__2016,0,215.533333333333,0,0,338,2026,0,0,F,F,1,FALSE,FALSE
i063,i110,chimp,4,Kanyawara,2016,Kanyawara__2016,0,372.066666666667,0,0,310,3736,0,0,F,F,1,FALSE,FALSE
i063,i043,chimp,4,Kanyawara,2016,Kanyawara__2016,0,303.8,0,1,287,3391,0,0,F,M,1,FALSE,FALSE
i063,i102,chimp,4,Kanyawara,2016,Kanyawara__2016,0,420.533333333333,420,1,447,3747,1,0,F,F,1,FALSE,FALSE
i063,i092,chimp,4,Kanyawara,2016,Kanyawara__2016,0,323.916666666667,0,1,558,3680,0,0,F,M,1,FALSE,FALSE
i063,i137,chimp,4,Kanyawara,2016,Kanyawara__2016,0,265.033333333333,0,2,327,2812,0,0,F,F,1,FALSE,FALSE
i063,i089,chimp,4,Kanyawara,2016,Kanyawara__2016,0,278.133333333333,0,0,289,2776,0,0,F,F,1,FALSE,FALSE
i063,i003,chimp,4,Kanyawara,2016,Kanyawara__2016,0,310.683333333333,0,0,291,2721,0,0,F,F,1,FALSE,FALSE
i063,i014,chimp,4,Kanyawara,2016,Kanyawara__2016,0,322.25,60,1,403,3129,0,0,F,M,1,FALSE,FALSE
i081,i066,chimp,4,Kanyawara,2016,Kanyawara__2016,0,452.9,420,1,502,3517,0,0,F,M,1,FALSE,FALSE
i081,i067,chimp,4,Kanyawara,2016,Kanyawara__2016,0,220.55,180,1,336,2289,0,0,F,F,1,FALSE,FALSE
i081,i110,chimp,4,Kanyawara,2016,Kanyawara__2016,0,377.083333333333,0,0,445,3862,0,0,F,F,1,FALSE,FALSE
i081,i043,chimp,4,Kanyawara,2016,Kanyawara__2016,0,308.816666666667,0,1,459,3480,0,0,F,M,1,FALSE,FALSE
i081,i102,chimp,4,Kanyawara,2016,Kanyawara__2016,0,425.55,1080,3,693,3762,0,0,F,F,1,FALSE,FALSE
i081,i092,chimp,4,Kanyawara,2016,Kanyawara__2016,0,328.933333333333,600,8,663,3836,0,0,F,M,1,FALSE,FALSE
i081,i137,chimp,4,Kanyawara,2016,Kanyawara__2016,0,270.05,0,1,379,3021,0,0,F,F,1,FALSE,FALSE
i081,i089,chimp,4,Kanyawara,2016,Kanyawara__2016,0,283.15,660,1,348,2978,0,0,F,F,1,FALSE,FALSE
i081,i003,chimp,4,Kanyawara,2016,Kanyawara__2016,0,315.7,0,0,344,2929,0,0,F,F,1,FALSE,FALSE
i081,i014,chimp,4,Kanyawara,2016,Kanyawara__2016,0,327.266666666667,360,1,545,3248,0,0,F,M,1,FALSE,FALSE
i081,i063,chimp,4,Kanyawara,2016,Kanyawara__2016,0,257.316666666667,60,5,960,2493,0,0,F,F,1,FALSE,FALSE
i097,i066,chimp,4,Kanyawara,2016,Kanyawara__2016,0,497.833333333333,0,1,185,2903,0,0,F,M,1,FALSE,FALSE
i097,i067,chimp,4,Kanyawara,2016,Kanyawara__2016,0,265.483333333333,900,1,174,1520,0,0,F,F,1,FALSE,FALSE
i097,i110,chimp,4,Kanyawara,2016,Kanyawara__2016,0,422.016666666667,0,0,317,3059,0,0,F,F,1,FALSE,FALSE
i097,i043,chimp,4,Kanyawara,2016,Kanyawara__2016,0,353.75,0,0,215,2793,0,0,F,M,1,FALSE,FALSE
i097,i102,chimp,4,Kanyawara,2016,Kanyawara__2016,0,470.483333333333,1140,0,214,3310,0,0,F,F,1,FALSE,FALSE
i097,i092,chimp,4,Kanyawara,2016,Kanyawara__2016,0,373.866666666667,3540,2,310,3258,0,0,F,M,1,FALSE,FALSE
i097,i137,chimp,4,Kanyawara,2016,Kanyawara__2016,0,314.983333333333,60,0,148,2321,0,0,F,F,1,FALSE,FALSE
i097,i089,chimp,4,Kanyawara,2016,Kanyawara__2016,0,328.083333333333,0,0,123,2272,0,0,F,F,1,FALSE,FALSE
i097,i003,chimp,4,Kanyawara,2016,Kanyawara__2016,0,360.633333333333,0,0,124,2218,0,0,F,F,1,FALSE,FALSE
i097,i014,chimp,4,Kanyawara,2016,Kanyawara__2016,0,372.2,0,1,186,2676,0,0,F,M,1,FALSE,FALSE
i097,i063,chimp,4,Kanyawara,2016,Kanyawara__2016,0,302.25,0,1,475,2047,0,0,F,F,1,FALSE,FALSE
i097,i081,chimp,4,Kanyawara,2016,Kanyawara__2016,0,307.266666666667,0,0,386,2397,0,0,F,F,1,FALSE,FALSE
i002,i066,chimp,4,Kanyawara,2016,Kanyawara__2016,0,668.483333333333,1140,0,790,4157,0,0,F,M,1,FALSE,FALSE
i002,i067,chimp,4,Kanyawara,2016,Kanyawara__2016,0,436.133333333333,0,0,280,3273,0,0,F,F,1,FALSE,FALSE
i002,i110,chimp,4,Kanyawara,2016,Kanyawara__2016,0,592.666666666667,360,0,1125,4110,0,0,F,F,1,FALSE,TRUE
i002,i043,chimp,4,Kanyawara,2016,Kanyawara__2016,0,524.4,0,2,602,4265,0,0,F,M,1,TRUE,FALSE
i002,i102,chimp,4,Kanyawara,2016,Kanyawara__2016,0,641.133333333333,600,0,1169,4214,0,0,F,F,1,FALSE,FALSE
i002,i092,chimp,4,Kanyawara,2016,Kanyawara__2016,0,544.516666666667,540,5,1020,4407,0,0,F,M,1,FALSE,TRUE
i002,i137,chimp,4,Kanyawara,2016,Kanyawara__2016,0,485.633333333333,720,1,746,3582,0,0,F,F,1,FALSE,FALSE
i002,i089,chimp,4,Kanyawara,2016,Kanyawara__2016,0,498.733333333333,0,0,756,3498,0,0,F,F,1,FALSE,TRUE
i002,i003,chimp,4,Kanyawara,2016,Kanyawara__2016,0,531.283333333333,0,0,744,3457,0,0,F,F,1,FALSE,TRUE
i002,i014,chimp,4,Kanyawara,2016,Kanyawara__2016,0,542.85,8160,1,707,4014,0,0,F,M,1,FALSE,FALSE
i002,i063,chimp,4,Kanyawara,2016,Kanyawara__2016,0,472.9,0,0,457,3924,0,0,F,F,1,FALSE,FALSE
i002,i081,chimp,4,Kanyawara,2016,Kanyawara__2016,0,477.916666666667,0,1,611,4031,0,0,F,F,1,FALSE,FALSE
i002,i097,chimp,4,Kanyawara,2016,Kanyawara__2016,0,522.85,0,1,258,3453,0,0,F,F,1,FALSE,FALSE
i064,i066,chimp,4,Kanyawara,2016,Kanyawara__2016,0,523.45,21240,2,879,3439,0,0,M,M,1,FALSE,FALSE
i064,i067,chimp,4,Kanyawara,2016,Kanyawara__2016,0,291.1,5040,3,336,2588,0,1,M,F,1,FALSE,FALSE
i064,i110,chimp,4,Kanyawara,2016,Kanyawara__2016,0,447.633333333333,1560,2,634,3972,0,0,M,F,1,FALSE,FALSE
i064,i043,chimp,4,Kanyawara,2016,Kanyawara__2016,0,379.366666666667,180,0,670,3568,0,0,M,M,1,FALSE,FALSE
i064,i102,chimp,4,Kanyawara,2016,Kanyawara__2016,0,496.1,720,1,670,4084,0,1,M,F,1,FALSE,FALSE
i064,i092,chimp,4,Kanyawara,2016,Kanyawara__2016,0,399.483333333333,720,10,1071,3727,0,0,M,M,1,FALSE,FALSE
i064,i137,chimp,4,Kanyawara,2016,Kanyawara__2016,0,340.6,0,0,380,3319,0,0,M,F,1,FALSE,FALSE
i064,i089,chimp,4,Kanyawara,2016,Kanyawara__2016,0,353.7,720,0,338,3287,0,0,M,F,1,FALSE,FALSE
i064,i003,chimp,4,Kanyawara,2016,Kanyawara__2016,0,386.25,180,0,330,3242,0,0,M,F,1,FALSE,FALSE
i064,i014,chimp,4,Kanyawara,2016,Kanyawara__2016,0,397.816666666667,3120,5,550,3542,0,0,M,M,1,FALSE,FALSE
i064,i063,chimp,4,Kanyawara,2016,Kanyawara__2016,0,327.866666666667,0,0,440,3312,0,0,M,F,1,FALSE,FALSE
i064,i081,chimp,4,Kanyawara,2016,Kanyawara__2016,0,332.883333333333,240,0,509,3504,0,0,M,F,1,FALSE,FALSE
i064,i097,chimp,4,Kanyawara,2016,Kanyawara__2016,0,377.816666666667,360,2,158,2924,0,0,M,F,1,FALSE,FALSE
i064,i002,chimp,4,Kanyawara,2016,Kanyawara__2016,1,548.466666666667,27360,0,1163,3778,0,0,M,F,1,FALSE,FALSE
i019,i066,chimp,4,Kanyawara,2016,Kanyawara__2016,0,364.9,0,0,262,1310,0,0,F,M,1,FALSE,FALSE
i019,i067,chimp,4,Kanyawara,2016,Kanyawara__2016,0,132.55,0,0,32,875,0,0,F,F,1,FALSE,FALSE
i019,i110,chimp,4,Kanyawara,2016,Kanyawara__2016,0,289.083333333333,0,0,255,1347,0,0,F,F,1,FALSE,TRUE
i019,i043,chimp,4,Kanyawara,2016,Kanyawara__2016,0,220.816666666667,0,0,213,1143,0,0,F,M,1,FALSE,FALSE
i019,i102,chimp,4,Kanyawara,2016,Kanyawara__2016,0,337.55,0,0,227,1522,0,0,F,F,1,FALSE,FALSE
i019,i092,chimp,4,Kanyawara,2016,Kanyawara__2016,0,240.933333333333,900,0,260,1576,0,0,F,M,1,FALSE,TRUE
i019,i137,chimp,4,Kanyawara,2016,Kanyawara__2016,0,182.05,0,0,230,1138,0,0,F,F,1,FALSE,FALSE
i019,i089,chimp,4,Kanyawara,2016,Kanyawara__2016,0,195.15,0,0,227,1129,0,0,F,F,1,FALSE,TRUE
i019,i003,chimp,4,Kanyawara,2016,Kanyawara__2016,0,227.7,0,1,225,1108,0,0,F,F,1,FALSE,TRUE
i019,i014,chimp,4,Kanyawara,2016,Kanyawara__2016,0,239.266666666667,0,0,71,812,0,0,F,M,1,FALSE,FALSE
i019,i063,chimp,4,Kanyawara,2016,Kanyawara__2016,0,169.316666666667,0,0,58,1256,0,0,F,F,1,FALSE,FALSE
i019,i081,chimp,4,Kanyawara,2016,Kanyawara__2016,0,174.333333333333,0,0,96,1313,0,0,F,F,1,FALSE,FALSE
i019,i097,chimp,4,Kanyawara,2016,Kanyawara__2016,0,219.266666666667,0,0,15,948,0,0,F,F,1,FALSE,FALSE
i019,i002,chimp,4,Kanyawara,2016,Kanyawara__2016,1,389.916666666667,5040,0,374,1457,0,0,F,F,1,FALSE,TRUE
i019,i064,chimp,4,Kanyawara,2016,Kanyawara__2016,1,244.883333333333,0,0,206,1309,0,0,F,M,1,FALSE,FALSE
i028,i025,chimp,4,Kanyawara,2016,Kanyawara__2016,0,437.183333333333,1140,4,921,4206,0,1,M,F,1,FALSE,FALSE
i028,i106,chimp,4,Kanyawara,2016,Kanyawara__2016,0,502.866666666667,1980,2,1353,4460,0,0,M,M,1,FALSE,FALSE
i028,i046,chimp,4,Kanyawara,2016,Kanyawara__2016,0,396.333333333333,0,3,1205,4413,0,0,M,M,1,TRUE,FALSE
i028,i075,chimp,4,Kanyawara,2016,Kanyawara__2016,0,401.333333333333,0,1,733,3585,0,0,M,M,1,FALSE,FALSE
i028,i096,chimp,4,Kanyawara,2016,Kanyawara__2016,0,314.983333333333,120,1,229,1582,0,0,M,F,1,FALSE,FALSE
i028,i017,chimp,4,Kanyawara,2016,Kanyawara__2016,0,461.966666666667,300,9,1554,4448,0,0,M,M,1,FALSE,FALSE
i028,i001,chimp,4,Kanyawara,2016,Kanyawara__2016,0,315.85,3960,1,654,3262,0,0,M,F,1,TRUE,FALSE
i028,i051,chimp,4,Kanyawara,2016,Kanyawara__2016,0,539.15,2400,15,1559,4392,0,0,M,M,1,FALSE,FALSE
i028,i045,chimp,4,Kanyawara,2016,Kanyawara__2016,0,398.85,0,3,376,3327,0,0,M,F,1,FALSE,FALSE
i028,i066,chimp,4,Kanyawara,2016,Kanyawara__2016,0,561.866666666667,540,3,911,3818,0,0,M,M,1,FALSE,FALSE
i028,i067,chimp,4,Kanyawara,2016,Kanyawara__2016,0,329.516666666667,1080,1,316,3019,0,0,M,F,1,FALSE,FALSE
i028,i110,chimp,4,Kanyawara,2016,Kanyawara__2016,0,486.05,4320,2,733,4284,0,0,M,F,1,FALSE,FALSE
i028,i043,chimp,4,Kanyawara,2016,Kanyawara__2016,0,417.783333333333,300,3,692,3957,0,0,M,M,1,TRUE,FALSE
i028,i102,chimp,4,Kanyawara,2016,Kanyawara__2016,0,534.516666666667,3720,0,780,4385,0,0,M,F,1,FALSE,FALSE
i028,i092,chimp,4,Kanyawara,2016,Kanyawara__2016,0,437.9,8940,2,1088,4121,1,0,M,M,1,FALSE,FALSE
i028,i137,chimp,4,Kanyawara,2016,Kanyawara__2016,0,379.016666666667,2760,4,602,3508,0,0,M,F,1,FALSE,FALSE
i028,i089,chimp,4,Kanyawara,2016,Kanyawara__2016,0,392.116666666667,240,1,521,3515,0,0,M,F,1,FALSE,FALSE
i028,i003,chimp,4,Kanyawara,2016,Kanyawara__2016,0,424.666666666667,0,2,515,3468,0,0,M,F,1,FALSE,FALSE
i028,i014,chimp,4,Kanyawara,2016,Kanyawara__2016,0,436.233333333333,3720,3,856,3647,0,0,M,M,1,FALSE,FALSE
i028,i063,chimp,4,Kanyawara,2016,Kanyawara__2016,0,366.283333333333,900,3,664,3499,0,0,M,F,1,FALSE,FALSE
i028,i081,chimp,4,Kanyawara,2016,Kanyawara__2016,0,371.3,1140,3,741,3683,0,0,M,F,1,FALSE,FALSE
i028,i097,chimp,4,Kanyawara,2016,Kanyawara__2016,0,416.233333333333,60,0,328,3165,0,0,M,F,1,FALSE,FALSE
i028,i002,chimp,4,Kanyawara,2016,Kanyawara__2016,1,586.883333333333,35640,0,1596,3756,0,0,M,F,1,TRUE,FALSE
i028,i064,chimp,4,Kanyawara,2016,Kanyawara__2016,1,441.85,1980,2,1133,3590,0,0,M,M,1,FALSE,FALSE
i028,i019,chimp,4,Kanyawara,2016,Kanyawara__2016,1,283.3,60,0,208,1377,0,0,M,F,1,FALSE,FALSE
i060,i025,chimp,4,Kanyawara,2016,Kanyawara__2016,0,411.766666666667,60,0,710,3669,0,0,F,F,1,FALSE,FALSE
i060,i106,chimp,4,Kanyawara,2016,Kanyawara__2016,0,477.45,840,1,738,4327,0,0,F,M,1,FALSE,FALSE
i060,i046,chimp,4,Kanyawara,2016,Kanyawara__2016,0,370.916666666667,1860,8,878,3992,0,0,F,M,1,FALSE,FALSE
i060,i075,chimp,4,Kanyawara,2016,Kanyawara__2016,0,375.916666666667,1140,1,511,3059,0,1,F,M,1,FALSE,FALSE
i060,i096,chimp,4,Kanyawara,2016,Kanyawara__2016,0,289.566666666667,0,0,130,1185,0,0,F,F,1,FALSE,FALSE
i060,i017,chimp,4,Kanyawara,2016,Kanyawara__2016,0,436.55,0,6,820,4434,0,0,F,M,1,FALSE,FALSE
i060,i001,chimp,4,Kanyawara,2016,Kanyawara__2016,0,290.433333333333,0,0,398,2770,0,0,F,F,1,FALSE,FALSE
i060,i051,chimp,4,Kanyawara,2016,Kanyawara__2016,0,513.733333333333,2280,7,819,4384,0,1,F,M,1,FALSE,FALSE
i060,i045,chimp,4,Kanyawara,2016,Kanyawara__2016,0,373.433333333333,4740,1,660,2295,0,0,F,F,1,FALSE,FALSE
i060,i066,chimp,4,Kanyawara,2016,Kanyawara__2016,0,536.45,2340,0,597,3384,0,0,F,M,1,FALSE,FALSE
i060,i067,chimp,4,Kanyawara,2016,Kanyawara__2016,0,304.1,0,0,120,2467,0,0,F,F,1,FALSE,FALSE
i060,i110,chimp,4,Kanyawara,2016,Kanyawara__2016,0,460.633333333333,0,0,654,3615,0,0,F,F,1,FALSE,FALSE
i060,i043,chimp,4,Kanyawara,2016,Kanyawara__2016,0,392.366666666667,120,1,683,3218,0,0,F,M,1,FALSE,FALSE
i060,i102,chimp,4,Kanyawara,2016,Kanyawara__2016,0,509.1,0,0,616,3801,0,0,F,F,1,FALSE,FALSE
i060,i092,chimp,4,Kanyawara,2016,Kanyawara__2016,0,412.483333333333,300,10,520,3941,0,0,F,M,1,FALSE,FALSE
i060,i137,chimp,4,Kanyawara,2016,Kanyawara__2016,0,353.6,1680,2,523,2839,0,0,F,F,1,FALSE,FALSE
i060,i089,chimp,4,Kanyawara,2016,Kanyawara__2016,0,366.7,0,0,448,2840,0,0,F,F,1,FALSE,FALSE
i060,i003,chimp,4,Kanyawara,2016,Kanyawara__2016,0,399.25,0,1,442,2793,0,0,F,F,1,FALSE,FALSE
i060,i014,chimp,4,Kanyawara,2016,Kanyawara__2016,0,410.816666666667,1740,0,648,3107,0,0,F,M,1,FALSE,FALSE
i060,i063,chimp,4,Kanyawara,2016,Kanyawara__2016,0,340.866666666667,0,0,223,3192,0,0,F,F,1,FALSE,FALSE
i060,i081,chimp,4,Kanyawara,2016,Kanyawara__2016,0,345.883333333333,0,1,375,3301,0,0,F,F,1,FALSE,FALSE
i060,i097,chimp,4,Kanyawara,2016,Kanyawara__2016,0,390.816666666667,0,0,119,2626,0,0,F,F,1,FALSE,FALSE
i060,i002,chimp,4,Kanyawara,2016,Kanyawara__2016,0,561.466666666667,0,0,611,3993,0,0,F,F,1,FALSE,FALSE
i060,i064,chimp,4,Kanyawara,2016,Kanyawara__2016,0,416.433333333333,240,2,423,3552,0,0,F,M,1,FALSE,FALSE
i060,i019,chimp,4,Kanyawara,2016,Kanyawara__2016,0,257.883333333333,0,0,219,905,0,0,F,F,1,FALSE,FALSE
i060,i028,chimp,4,Kanyawara,2016,Kanyawara__2016,0,454.85,0,3,504,3882,0,0,F,M,1,FALSE,FALSE
i069,i025,chimp,4,Kanyawara,2016,Kanyawara__2016,0,441.3,0,14,1425,4371,0,0,M,F,1,FALSE,FALSE
i069,i106,chimp,4,Kanyawara,2016,Kanyawara__2016,0,506.983333333333,0,6,1866,4616,0,0,M,M,1,FALSE,FALSE
i069,i046,chimp,4,Kanyawara,2016,Kanyawara__2016,0,400.45,600,1,1729,4558,1,0,M,M,1,FALSE,FALSE
i069,i075,chimp,4,Kanyawara,2016,Kanyawara__2016,0,405.45,300,0,1350,3637,0,0,M,M,1,FALSE,FALSE
i069,i096,chimp,4,Kanyawara,2016,Kanyawara__2016,0,319.1,0,0,347,1601,0,0,M,F,1,FALSE,FALSE
i069,i017,chimp,4,Kanyawara,2016,Kanyawara__2016,0,466.083333333333,0,5,2023,4648,0,0,M,M,1,FALSE,FALSE
i069,i001,chimp,4,Kanyawara,2016,Kanyawara__2016,0,319.966666666667,660,3,894,3691,0,0,M,F,1,FALSE,FALSE
i069,i051,chimp,4,Kanyawara,2016,Kanyawara__2016,0,543.266666666667,5340,17,2202,4418,0,0,M,M,1,FALSE,FALSE
i069,i045,chimp,4,Kanyawara,2016,Kanyawara__2016,0,402.966666666667,0,0,436,3936,0,0,M,F,1,FALSE,FALSE
i069,i066,chimp,4,Kanyawara,2016,Kanyawara__2016,0,565.983333333333,180,7,1292,4106,0,0,M,M,1,FALSE,FALSE
i069,i067,chimp,4,Kanyawara,2016,Kanyawara__2016,0,333.633333333333,0,6,289,3715,0,0,M,F,1,FALSE,FALSE
i069,i110,chimp,4,Kanyawara,2016,Kanyawara__2016,0,490.166666666667,0,3,1127,4559,0,0,M,F,1,FALSE,FALSE
i069,i043,chimp,4,Kanyawara,2016,Kanyawara__2016,0,421.9,0,2,1380,3938,0,0,M,M,1,FALSE,FALSE
i069,i102,chimp,4,Kanyawara,2016,Kanyawara__2016,0,538.633333333333,0,12,1056,4778,0,0,M,F,1,FALSE,FALSE
i069,i092,chimp,4,Kanyawara,2016,Kanyawara__2016,0,442.016666666667,960,3,1405,4473,0,0,M,M,1,FALSE,FALSE
i069,i137,chimp,4,Kanyawara,2016,Kanyawara__2016,0,383.133333333333,300,3,832,3947,0,0,M,F,1,FALSE,FALSE
i069,i089,chimp,4,Kanyawara,2016,Kanyawara__2016,0,396.233333333333,0,0,708,3997,0,0,M,F,1,FALSE,FALSE
i069,i003,chimp,4,Kanyawara,2016,Kanyawara__2016,0,428.783333333333,0,1,707,3945,0,0,M,F,1,FALSE,FALSE
i069,i014,chimp,4,Kanyawara,2016,Kanyawara__2016,0,440.35,60,6,1104,4068,0,0,M,M,1,FALSE,FALSE
i069,i063,chimp,4,Kanyawara,2016,Kanyawara__2016,0,370.4,0,17,741,4091,0,0,M,F,1,FALSE,FALSE
i069,i081,chimp,4,Kanyawara,2016,Kanyawara__2016,0,375.416666666667,60,2,876,4217,0,0,M,F,1,FALSE,FALSE
i069,i097,chimp,4,Kanyawara,2016,Kanyawara__2016,0,420.35,840,2,356,3806,0,0,M,F,1,FALSE,FALSE
i069,i002,chimp,4,Kanyawara,2016,Kanyawara__2016,0,591,0,8,1131,4890,0,0,M,F,1,FALSE,FALSE
i069,i064,chimp,4,Kanyawara,2016,Kanyawara__2016,0,445.966666666667,2100,8,1010,4382,0,0,M,M,1,FALSE,FALSE
i069,i019,chimp,4,Kanyawara,2016,Kanyawara__2016,0,287.416666666667,0,0,219,1535,0,0,M,F,1,FALSE,FALSE
i069,i028,chimp,4,Kanyawara,2016,Kanyawara__2016,0,484.383333333333,60,5,1238,4565,0,0,M,M,1,FALSE,FALSE
i069,i060,chimp,4,Kanyawara,2016,Kanyawara__2016,1,458.966666666667,21300,0,1230,3825,0,2,M,F,1,FALSE,FALSE
i084,i025,chimp,4,Kanyawara,2016,Kanyawara__2016,0,372.416666666667,0,0,345,3156,0,0,F,F,1,FALSE,FALSE
i084,i106,chimp,4,Kanyawara,2016,Kanyawara__2016,0,438.1,1080,5,343,3844,0,0,F,M,1,FALSE,FALSE
i084,i046,chimp,4,Kanyawara,2016,Kanyawara__2016,0,331.566666666667,0,1,366,3626,0,0,F,M,1,FALSE,FALSE
i084,i075,chimp,4,Kanyawara,2016,Kanyawara__2016,0,336.566666666667,0,0,227,2465,0,0,F,M,1,FALSE,FALSE
i084,i096,chimp,4,Kanyawara,2016,Kanyawara__2016,0,250.216666666667,0,0,119,931,0,0,F,F,1,FALSE,FALSE
i084,i017,chimp,4,Kanyawara,2016,Kanyawara__2016,0,397.2,300,0,425,3951,0,0,F,M,1,FALSE,FALSE
i084,i001,chimp,4,Kanyawara,2016,Kanyawara__2016,0,251.083333333333,0,0,131,2159,0,0,F,F,1,FALSE,FALSE
i084,i051,chimp,4,Kanyawara,2016,Kanyawara__2016,0,474.383333333333,900,3,387,3938,0,0,F,M,1,FALSE,FALSE
i084,i045,chimp,4,Kanyawara,2016,Kanyawara__2016,0,334.083333333333,180,0,164,1913,0,0,F,F,1,FALSE,FALSE
i084,i066,chimp,4,Kanyawara,2016,Kanyawara__2016,0,497.1,60,3,232,2871,0,0,F,M,1,FALSE,FALSE
i084,i067,chimp,4,Kanyawara,2016,Kanyawara__2016,0,264.75,0,0,56,1653,0,0,F,F,1,FALSE,FALSE
i084,i110,chimp,4,Kanyawara,2016,Kanyawara__2016,0,421.283333333333,0,0,320,3071,0,0,F,F,1,FALSE,FALSE
i084,i043,chimp,4,Kanyawara,2016,Kanyawara__2016,0,353.016666666667,0,0,282,2741,0,0,F,M,1,FALSE,FALSE
i084,i102,chimp,4,Kanyawara,2016,Kanyawara__2016,0,469.75,300,0,382,3157,0,0,F,F,1,FALSE,FALSE
i084,i092,chimp,4,Kanyawara,2016,Kanyawara__2016,0,373.133333333333,1800,3,375,3208,0,0,F,M,1,FALSE,FALSE
i084,i137,chimp,4,Kanyawara,2016,Kanyawara__2016,0,314.25,0,0,308,2176,0,0,F,F,1,FALSE,FALSE
i084,i089,chimp,4,Kanyawara,2016,Kanyawara__2016,0,327.35,0,0,297,2113,0,0,F,F,1,FALSE,FALSE
i084,i003,chimp,4,Kanyawara,2016,Kanyawara__2016,0,359.9,0,0,302,2055,0,0,F,F,1,FALSE,FALSE
i084,i014,chimp,4,Kanyawara,2016,Kanyawara__2016,0,371.466666666667,3000,8,439,2438,0,0,F,M,1,FALSE,FALSE
i084,i063,chimp,4,Kanyawara,2016,Kanyawara__2016,0,301.516666666667,0,0,273,2264,0,0,F,F,1,FALSE,FALSE
i084,i081,chimp,4,Kanyawara,2016,Kanyawara__2016,0,306.533333333333,0,0,280,2518,0,0,F,F,1,FALSE,FALSE
i084,i097,chimp,4,Kanyawara,2016,Kanyawara__2016,0,351.466666666667,0,0,101,1766,0,0,F,F,1,FALSE,FALSE
i084,i002,chimp,4,Kanyawara,2016,Kanyawara__2016,0,522.116666666667,0,0,295,3431,0,0,F,F,1,FALSE,FALSE
i084,i064,chimp,4,Kanyawara,2016,Kanyawara__2016,0,377.083333333333,60,0,205,2892,0,0,F,M,1,FALSE,FALSE
i084,i019,chimp,4,Kanyawara,2016,Kanyawara__2016,0,218.533333333333,0,0,80,837,0,0,F,F,1,FALSE,FALSE
i084,i028,chimp,4,Kanyawara,2016,Kanyawara__2016,0,415.5,2100,3,295,3213,0,0,F,M,1,FALSE,FALSE
i084,i060,chimp,4,Kanyawara,2016,Kanyawara__2016,0,390.083333333333,0,0,243,2517,0,0,F,F,1,FALSE,FALSE
i084,i069,chimp,4,Kanyawara,2016,Kanyawara__2016,0,419.616666666667,0,1,380,3797,0,0,F,M,1,FALSE,FALSE
i111,i025,chimp,4,Kanyawara,2016,Kanyawara__2016,0,400.466666666667,0,5,663,3488,0,0,F,F,1,FALSE,FALSE
i111,i106,chimp,4,Kanyawara,2016,Kanyawara__2016,0,466.15,960,4,700,4137,0,0,F,M,1,FALSE,FALSE
i111,i046,chimp,4,Kanyawara,2016,Kanyawara__2016,0,359.616666666667,840,18,705,3937,0,0,F,M,1,FALSE,FALSE
i111,i075,chimp,4,Kanyawara,2016,Kanyawara__2016,0,364.616666666667,0,0,480,2862,0,0,F,M,1,FALSE,FALSE
i111,i096,chimp,4,Kanyawara,2016,Kanyawara__2016,0,278.266666666667,0,0,245,1237,0,0,F,F,1,FALSE,FALSE
i111,i017,chimp,4,Kanyawara,2016,Kanyawara__2016,0,425.25,0,6,819,4207,0,0,F,M,1,FALSE,FALSE
i111,i001,chimp,4,Kanyawara,2016,Kanyawara__2016,0,279.133333333333,0,2,352,2588,0,0,F,F,1,FALSE,FALSE
i111,i051,chimp,4,Kanyawara,2016,Kanyawara__2016,0,502.433333333333,540,14,925,4050,0,0,F,M,1,FALSE,FALSE
i111,i045,chimp,4,Kanyawara,2016,Kanyawara__2016,0,362.133333333333,0,0,200,2527,0,0,F,F,1,FALSE,FALSE
i111,i066,chimp,4,Kanyawara,2016,Kanyawara__2016,0,525.15,0,2,452,3301,0,0,F,M,1,FALSE,FALSE
i111,i067,chimp,4,Kanyawara,2016,Kanyawara__2016,0,292.8,0,2,343,2016,0,0,F,F,1,FALSE,FALSE
i111,i110,chimp,4,Kanyawara,2016,Kanyawara__2016,0,449.333333333333,60,0,409,3632,0,0,F,F,1,FALSE,FALSE
i111,i043,chimp,4,Kanyawara,2016,Kanyawara__2016,0,381.066666666667,0,2,460,3213,0,0,F,M,1,FALSE,FALSE
i111,i102,chimp,4,Kanyawara,2016,Kanyawara__2016,0,497.8,0,3,543,3646,0,0,F,F,1,FALSE,FALSE
i111,i092,chimp,4,Kanyawara,2016,Kanyawara__2016,0,401.183333333333,660,10,630,3603,0,0,F,M,1,FALSE,FALSE
i111,i137,chimp,4,Kanyawara,2016,Kanyawara__2016,0,342.3,0,0,336,2798,0,0,F,F,1,FALSE,FALSE
i111,i089,chimp,4,Kanyawara,2016,Kanyawara__2016,0,355.4,0,4,301,2759,0,0,F,F,1,FALSE,FALSE
i111,i003,chimp,4,Kanyawara,2016,Kanyawara__2016,0,387.95,0,0,278,2729,0,0,F,F,1,FALSE,FALSE
i111,i014,chimp,4,Kanyawara,2016,Kanyawara__2016,0,399.516666666667,600,4,432,3095,0,0,F,M,1,FALSE,FALSE
i111,i063,chimp,4,Kanyawara,2016,Kanyawara__2016,0,329.566666666667,0,8,827,2360,2,0,F,F,1,FALSE,FALSE
i111,i081,chimp,4,Kanyawara,2016,Kanyawara__2016,0,334.583333333333,240,3,1120,2328,5,0,F,F,1,FALSE,FALSE
i111,i097,chimp,4,Kanyawara,2016,Kanyawara__2016,0,379.516666666667,0,0,315,2202,0,0,F,F,1,FALSE,FALSE
i111,i002,chimp,4,Kanyawara,2016,Kanyawara__2016,0,550.166666666667,0,0,445,3931,1,0,F,F,1,FALSE,FALSE
i111,i064,chimp,4,Kanyawara,2016,Kanyawara__2016,0,405.133333333333,360,4,394,3353,0,0,F,M,1,FALSE,FALSE
i111,i019,chimp,4,Kanyawara,2016,Kanyawara__2016,0,246.583333333333,60,1,101,1230,0,0,F,F,1,FALSE,FALSE
i111,i028,chimp,4,Kanyawara,2016,Kanyawara__2016,0,443.55,720,6,602,3556,0,0,F,M,1,FALSE,FALSE
i111,i060,chimp,4,Kanyawara,2016,Kanyawara__2016,0,418.133333333333,0,3,379,3031,0,0,F,F,1,FALSE,FALSE
i111,i069,chimp,4,Kanyawara,2016,Kanyawara__2016,0,447.666666666667,0,12,775,4052,0,1,F,M,1,FALSE,FALSE
i111,i084,chimp,4,Kanyawara,2016,Kanyawara__2016,0,378.783333333333,0,0,177,2355,0,0,F,F,1,FALSE,FALSE
i009,i025,chimp,4,Kanyawara,2016,Kanyawara__2016,0,392.216666666667,0,0,682,3568,0,0,M,F,1,FALSE,FALSE
i009,i106,chimp,4,Kanyawara,2016,Kanyawara__2016,0,457.9,10980,3,1061,3875,0,0,M,M,1,FALSE,FALSE
i009,i046,chimp,4,Kanyawara,2016,Kanyawara__2016,0,351.366666666667,0,0,822,3919,0,0,M,M,1,FALSE,FALSE
i009,i075,chimp,4,Kanyawara,2016,Kanyawara__2016,0,356.366666666667,22200,1,609,2832,0,1,M,M,1,FALSE,FALSE
i009,i096,chimp,4,Kanyawara,2016,Kanyawara__2016,0,270.016666666667,0,0,164,1297,0,0,M,F,1,FALSE,FALSE
i009,i017,chimp,4,Kanyawara,2016,Kanyawara__2016,0,417,7260,0,1092,4033,0,0,M,M,1,FALSE,FALSE
i009,i001,chimp,4,Kanyawara,2016,Kanyawara__2016,0,270.883333333333,0,0,437,2602,0,0,M,F,1,FALSE,FALSE
i009,i051,chimp,4,Kanyawara,2016,Kanyawara__2016,0,494.183333333333,4920,7,1124,3950,0,0,M,M,1,FALSE,FALSE
i009,i045,chimp,4,Kanyawara,2016,Kanyawara__2016,0,353.883333333333,0,0,268,2558,0,0,M,F,1,FALSE,FALSE
i009,i066,chimp,4,Kanyawara,2016,Kanyawara__2016,0,516.9,24660,1,876,2976,0,0,M,M,1,FALSE,FALSE
i009,i067,chimp,4,Kanyawara,2016,Kanyawara__2016,0,284.55,0,1,161,2297,0,0,M,F,1,FALSE,FALSE
i009,i110,chimp,4,Kanyawara,2016,Kanyawara__2016,0,441.083333333333,0,1,574,3566,0,0,M,F,1,FALSE,FALSE
i009,i043,chimp,4,Kanyawara,2016,Kanyawara__2016,0,372.816666666667,2160,0,682,3090,0,0,M,M,1,FALSE,FALSE
i009,i102,chimp,4,Kanyawara,2016,Kanyawara__2016,0,489.55,0,1,480,3808,0,0,M,F,1,FALSE,FALSE
i009,i092,chimp,4,Kanyawara,2016,Kanyawara__2016,0,392.933333333333,3240,0,789,3543,0,0,M,M,1,FALSE,FALSE
i009,i137,chimp,4,Kanyawara,2016,Kanyawara__2016,0,334.05,0,0,282,2951,0,0,M,F,1,FALSE,FALSE
i009,i089,chimp,4,Kanyawara,2016,Kanyawara__2016,0,347.15,0,0,270,2889,0,0,M,F,1,FALSE,FALSE
i009,i003,chimp,4,Kanyawara,2016,Kanyawara__2016,0,379.7,0,0,275,2831,0,0,M,F,1,FALSE,FALSE
i009,i014,chimp,4,Kanyawara,2016,Kanyawara__2016,0,391.266666666667,3300,6,507,3119,1,0,M,M,1,FALSE,FALSE
i009,i063,chimp,4,Kanyawara,2016,Kanyawara__2016,0,321.316666666667,0,0,319,2967,0,0,M,F,1,FALSE,FALSE
i009,i081,chimp,4,Kanyawara,2016,Kanyawara__2016,0,326.333333333333,180,1,388,3159,0,0,M,F,1,FALSE,FALSE
i009,i097,chimp,4,Kanyawara,2016,Kanyawara__2016,0,371.266666666667,0,0,105,2511,0,0,M,F,1,FALSE,FALSE
i009,i002,chimp,4,Kanyawara,2016,Kanyawara__2016,0,541.916666666667,480,2,716,3759,0,0,M,F,1,FALSE,FALSE
i009,i064,chimp,4,Kanyawara,2016,Kanyawara__2016,0,396.883333333333,22440,1,810,3036,0,0,M,M,1,FALSE,FALSE
i009,i019,chimp,4,Kanyawara,2016,Kanyawara__2016,0,238.333333333333,0,0,158,1182,0,0,M,F,1,FALSE,FALSE
i009,i028,chimp,4,Kanyawara,2016,Kanyawara__2016,0,435.3,3480,1,871,3386,0,0,M,M,1,FALSE,FALSE
i009,i060,chimp,4,Kanyawara,2016,Kanyawara__2016,0,409.883333333333,0,1,407,3102,0,0,M,F,1,FALSE,FALSE
i009,i069,chimp,4,Kanyawara,2016,Kanyawara__2016,0,439.416666666667,6000,1,1128,3798,0,0,M,M,1,FALSE,FALSE
i009,i084,chimp,4,Kanyawara,2016,Kanyawara__2016,0,370.533333333333,0,0,163,2468,0,0,M,F,1,FALSE,FALSE
i009,i111,chimp,4,Kanyawara,2016,Kanyawara__2016,0,398.583333333333,0,3,295,2986,0,0,M,F,1,FALSE,FALSE
i025,i096,chimp,4,Kanyawara,2014,Kanyawara__2014,0,112.783333333333,0,0,428,2616,0,0,F,F,1,FALSE,FALSE
i025,i043,chimp,4,Kanyawara,2014,Kanyawara__2014,0,108.383333333333,0,0,230,2488,0,0,F,M,1,FALSE,FALSE
i025,i063,chimp,4,Kanyawara,2014,Kanyawara__2014,0,143.033333333333,0,0,448,2757,0,0,F,F,1,FALSE,FALSE
i106,i025,chimp,4,Kanyawara,2014,Kanyawara__2014,1,234.166666666667,3780,0,1132,3424,0,0,M,F,1,FALSE,FALSE
i106,i075,chimp,4,Kanyawara,2014,Kanyawara__2014,0,244.05,1140,0,1155,3153,0,0,M,M,1,FALSE,TRUE
i106,i096,chimp,4,Kanyawara,2014,Kanyawara__2014,0,192.55,0,1,685,3513,0,0,M,F,1,FALSE,FALSE
i106,i017,chimp,4,Kanyawara,2014,Kanyawara__2014,0,236.033333333333,360,1,1542,3769,0,0,M,M,1,FALSE,FALSE
i106,i051,chimp,4,Kanyawara,2014,Kanyawara__2014,0,248.066666666667,240,0,1939,3457,0,0,M,M,1,FALSE,FALSE
i106,i110,chimp,4,Kanyawara,2014,Kanyawara__2014,0,290.35,0,0,752,4667,0,0,M,F,1,FALSE,FALSE
i106,i043,chimp,4,Kanyawara,2014,Kanyawara__2014,0,188.15,0,1,657,3215,0,0,M,M,1,FALSE,FALSE
i106,i092,chimp,4,Kanyawara,2014,Kanyawara__2014,0,306.116666666667,3900,0,1972,3657,0,0,M,M,1,FALSE,FALSE
i106,i089,chimp,4,Kanyawara,2014,Kanyawara__2014,0,302.983333333333,60,1,941,3980,0,0,M,F,1,FALSE,FALSE
i106,i003,chimp,4,Kanyawara,2014,Kanyawara__2014,0,276.116666666667,0,2,942,3956,0,0,M,F,1,FALSE,FALSE
i106,i014,chimp,4,Kanyawara,2014,Kanyawara__2014,0,306.383333333333,5100,0,1777,3523,0,1,M,M,1,FALSE,FALSE
i106,i063,chimp,4,Kanyawara,2014,Kanyawara__2014,0,222.8,300,1,894,3465,0,0,M,F,1,FALSE,FALSE
i106,i081,chimp,4,Kanyawara,2014,Kanyawara__2014,0,293.066666666667,60,1,1137,3910,0,0,M,F,1,FALSE,FALSE
i106,i097,chimp,4,Kanyawara,2014,Kanyawara__2014,0,294.25,720,3,529,3280,0,0,M,F,1,FALSE,FALSE
i106,i064,chimp,4,Kanyawara,2014,Kanyawara__2014,0,282.916666666667,360,0,1783,3534,0,0,M,M,1,FALSE,TRUE
i106,i060,chimp,4,Kanyawara,2014,Kanyawara__2014,0,268.033333333333,0,1,788,3161,0,0,M,F,1,FALSE,FALSE
i106,i111,chimp,4,Kanyawara,2014,Kanyawara__2014,0,308.666666666667,1080,5,1175,3907,0,0,M,F,1,FALSE,FALSE
i106,i009,chimp,4,Kanyawara,2014,Kanyawara__2014,0,285.933333333333,2640,0,929,3328,0,0,M,M,1,FALSE,FALSE
i075,i025,chimp,4,Kanyawara,2014,Kanyawara__2014,0,164.283333333333,0,0,306,2848,0,0,M,F,1,FALSE,FALSE
i075,i096,chimp,4,Kanyawara,2014,Kanyawara__2014,0,122.666666666667,0,0,331,2465,0,0,M,F,1,FALSE,FALSE
i075,i017,chimp,4,Kanyawara,2014,Kanyawara__2014,0,166.15,1680,0,795,3114,0,0,M,M,1,FALSE,FALSE
i075,i043,chimp,4,Kanyawara,2014,Kanyawara__2014,0,118.266666666667,0,0,477,1993,0,0,M,M,1,FALSE,FALSE
i075,i063,chimp,4,Kanyawara,2014,Kanyawara__2014,0,152.916666666667,0,0,427,2530,0,0,M,F,1,FALSE,FALSE
i096,i043,chimp,4,Kanyawara,2014,Kanyawara__2014,0,66.7666666666667,0,0,209,2151,0,0,F,M,1,FALSE,FALSE
i017,i025,chimp,4,Kanyawara,2014,Kanyawara__2014,0,156.266666666667,0,0,707,3450,0,0,M,F,1,FALSE,FALSE
i017,i096,chimp,4,Kanyawara,2014,Kanyawara__2014,1,114.65,10560,0,1108,2691,0,0,M,F,1,FALSE,FALSE
i017,i043,chimp,4,Kanyawara,2014,Kanyawara__2014,0,110.25,0,0,507,2966,0,0,M,M,1,FALSE,FALSE
i017,i063,chimp,4,Kanyawara,2014,Kanyawara__2014,0,144.9,300,0,703,3257,0,0,M,F,1,FALSE,FALSE
i051,i025,chimp,4,Kanyawara,2014,Kanyawara__2014,0,168.3,0,0,734,3508,0,0,M,F,1,FALSE,FALSE
i051,i075,chimp,4,Kanyawara,2014,Kanyawara__2014,0,178.183333333333,5160,1,1109,2885,1,0,M,M,1,FALSE,FALSE
i051,i096,chimp,4,Kanyawara,2014,Kanyawara__2014,0,126.683333333333,0,0,690,3194,0,0,M,F,1,FALSE,FALSE
i051,i017,chimp,4,Kanyawara,2014,Kanyawara__2014,0,170.166666666667,720,4,1563,3434,0,0,M,M,1,FALSE,FALSE
i051,i043,chimp,4,Kanyawara,2014,Kanyawara__2014,0,122.283333333333,0,0,668,2890,0,0,M,M,1,FALSE,FALSE
i051,i063,chimp,4,Kanyawara,2014,Kanyawara__2014,0,156.933333333333,0,0,845,3200,0,0,M,F,1,FALSE,FALSE
i066,i025,chimp,4,Kanyawara,2014,Kanyawara__2014,0,274.833333333333,180,0,762,3439,0,0,M,F,1,FALSE,FALSE
i066,i106,chimp,4,Kanyawara,2014,Kanyawara__2014,0,354.6,1980,6,1859,3496,0,0,M,M,1,FALSE,TRUE
i066,i075,chimp,4,Kanyawara,2014,Kanyawara__2014,0,284.716666666667,12060,0,882,3071,4,0,M,M,1,FALSE,TRUE
i066,i096,chimp,4,Kanyawara,2014,Kanyawara__2014,0,233.216666666667,0,0,666,3177,0,0,M,F,1,FALSE,FALSE
i066,i017,chimp,4,Kanyawara,2014,Kanyawara__2014,0,276.7,780,1,1275,3681,0,0,M,M,1,FALSE,FALSE
i066,i051,chimp,4,Kanyawara,2014,Kanyawara__2014,0,288.733333333333,6060,1,1772,3269,0,0,M,M,1,FALSE,FALSE
i066,i067,chimp,4,Kanyawara,2014,Kanyawara__2014,0,361.933333333333,180,0,839,4105,0,0,M,F,1,FALSE,FALSE
i066,i110,chimp,4,Kanyawara,2014,Kanyawara__2014,0,331.016666666667,1800,0,613,4451,0,0,M,F,1,FALSE,FALSE
i066,i043,chimp,4,Kanyawara,2014,Kanyawara__2014,0,228.816666666667,0,0,646,2871,0,0,M,M,1,FALSE,FALSE
i066,i102,chimp,4,Kanyawara,2014,Kanyawara__2014,0,365.483333333333,540,0,749,4290,0,0,M,F,1,FALSE,FALSE
i066,i092,chimp,4,Kanyawara,2014,Kanyawara__2014,0,346.783333333333,11460,6,1671,3603,0,0,M,M,1,FALSE,FALSE
i066,i089,chimp,4,Kanyawara,2014,Kanyawara__2014,0,343.65,300,0,792,3774,0,0,M,F,1,FALSE,FALSE
i066,i003,chimp,4,Kanyawara,2014,Kanyawara__2014,0,316.783333333333,360,2,768,3775,0,0,M,F,1,FALSE,FALSE
i066,i014,chimp,4,Kanyawara,2014,Kanyawara__2014,0,347.05,7020,1,1528,3417,0,0,M,M,1,FALSE,FALSE
i066,i063,chimp,4,Kanyawara,2014,Kanyawara__2014,0,263.466666666667,660,0,744,3260,0,0,M,F,1,FALSE,FALSE
i066,i081,chimp,4,Kanyawara,2014,Kanyawara__2014,0,333.733333333333,0,1,910,3782,0,0,M,F,1,FALSE,FALSE
i066,i097,chimp,4,Kanyawara,2014,Kanyawara__2014,0,334.916666666667,2880,0,524,2930,0,0,M,F,1,FALSE,FALSE
i066,i064,chimp,4,Kanyawara,2014,Kanyawara__2014,0,323.583333333333,10980,2,1548,3414,0,0,M,M,1,FALSE,TRUE
i066,i060,chimp,4,Kanyawara,2014,Kanyawara__2014,0,308.7,1200,9,724,2870,0,0,M,F,1,FALSE,FALSE
i066,i111,chimp,4,Kanyawara,2014,Kanyawara__2014,0,349.333333333333,5460,6,998,3729,0,0,M,F,1,FALSE,FALSE
i066,i009,chimp,4,Kanyawara,2014,Kanyawara__2014,0,326.6,5100,0,819,3083,0,0,M,M,1,FALSE,FALSE
i067,i025,chimp,4,Kanyawara,2014,Kanyawara__2014,0,241.5,0,0,737,3408,0,0,F,F,1,FALSE,FALSE
i067,i106,chimp,4,Kanyawara,2014,Kanyawara__2014,0,321.266666666667,1740,3,973,4326,0,0,F,M,1,FALSE,FALSE
i067,i075,chimp,4,Kanyawara,2014,Kanyawara__2014,0,251.383333333333,0,0,397,3500,0,0,F,M,1,TRUE,FALSE
i067,i096,chimp,4,Kanyawara,2014,Kanyawara__2014,0,199.883333333333,0,0,713,3074,0,0,F,F,1,FALSE,FALSE
i067,i017,chimp,4,Kanyawara,2014,Kanyawara__2014,0,243.366666666667,300,3,917,3983,0,0,F,M,1,FALSE,FALSE
i067,i051,chimp,4,Kanyawara,2014,Kanyawara__2014,0,255.4,300,0,889,4096,1,0,F,M,1,FALSE,FALSE
i067,i110,chimp,4,Kanyawara,2014,Kanyawara__2014,0,297.683333333333,360,0,1056,3952,0,0,F,F,1,FALSE,FALSE
i067,i043,chimp,4,Kanyawara,2014,Kanyawara__2014,0,195.483333333333,0,0,280,3181,0,0,F,M,1,FALSE,FALSE
i067,i092,chimp,4,Kanyawara,2014,Kanyawara__2014,0,313.45,0,0,819,4399,0,0,F,M,1,FALSE,FALSE
i067,i089,chimp,4,Kanyawara,2014,Kanyawara__2014,0,310.316666666667,0,0,823,3687,0,0,F,F,1,FALSE,FALSE
i067,i003,chimp,4,Kanyawara,2014,Kanyawara__2014,0,283.45,0,0,750,3737,1,0,F,F,1,TRUE,FALSE
i067,i014,chimp,4,Kanyawara,2014,Kanyawara__2014,0,313.716666666667,4500,0,845,4044,0,0,F,M,1,FALSE,FALSE
i067,i063,chimp,4,Kanyawara,2014,Kanyawara__2014,0,230.133333333333,60,0,884,3064,0,0,F,F,1,FALSE,FALSE
i067,i081,chimp,4,Kanyawara,2014,Kanyawara__2014,0,300.4,0,0,859,3777,0,0,F,F,1,FALSE,FALSE
i067,i097,chimp,4,Kanyawara,2014,Kanyawara__2014,0,301.583333333333,0,0,303,3095,0,0,F,F,1,FALSE,FALSE
i067,i064,chimp,4,Kanyawara,2014,Kanyawara__2014,0,290.25,300,1,922,3984,0,0,F,M,1,FALSE,FALSE
i067,i060,chimp,4,Kanyawara,2014,Kanyawara__2014,0,275.366666666667,0,0,513,3025,0,0,F,F,1,FALSE,FALSE
i067,i111,chimp,4,Kanyawara,2014,Kanyawara__2014,0,316,0,0,940,3731,0,0,F,F,1,FALSE,FALSE
i067,i009,chimp,4,Kanyawara,2014,Kanyawara__2014,0,293.266666666667,240,0,437,3409,0,0,F,M,1,FALSE,FALSE
i110,i025,chimp,4,Kanyawara,2014,Kanyawara__2014,0,210.583333333333,0,0,614,3651,0,0,F,F,1,FALSE,FALSE
i110,i075,chimp,4,Kanyawara,2014,Kanyawara__2014,0,220.466666666667,0,0,278,3739,0,0,F,M,1,FALSE,FALSE
i110,i096,chimp,4,Kanyawara,2014,Kanyawara__2014,0,168.966666666667,0,0,375,3532,0,0,F,F,1,FALSE,FALSE
i110,i017,chimp,4,Kanyawara,2014,Kanyawara__2014,0,212.45,0,0,698,4322,0,0,F,M,1,FALSE,FALSE
i110,i051,chimp,4,Kanyawara,2014,Kanyawara__2014,0,224.483333333333,0,0,736,4369,0,0,F,M,1,FALSE,FALSE
i110,i043,chimp,4,Kanyawara,2014,Kanyawara__2014,0,164.566666666667,0,0,388,3193,0,0,F,M,1,FALSE,FALSE
i110,i003,chimp,4,Kanyawara,2014,Kanyawara__2014,0,252.533333333333,0,0,571,4036,0,0,F,F,1,FALSE,FALSE
i110,i063,chimp,4,Kanyawara,2014,Kanyawara__2014,0,199.216666666667,0,0,461,3607,0,0,F,F,1,FALSE,FALSE
i110,i064,chimp,4,Kanyawara,2014,Kanyawara__2014,0,259.333333333333,0,0,581,4445,0,0,F,M,1,FALSE,FALSE
i110,i060,chimp,4,Kanyawara,2014,Kanyawara__2014,0,244.45,0,0,336,3322,0,0,F,F,1,FALSE,FALSE
i110,i009,chimp,4,Kanyawara,2014,Kanyawara__2014,0,262.35,0,0,299,3667,0,0,F,M,1,FALSE,FALSE
i102,i025,chimp,4,Kanyawara,2014,Kanyawara__2014,0,245.05,0,0,664,3576,0,0,F,F,1,FALSE,FALSE
i102,i106,chimp,4,Kanyawara,2014,Kanyawara__2014,0,324.816666666667,600,0,930,4464,0,0,F,M,1,FALSE,FALSE
i102,i075,chimp,4,Kanyawara,2014,Kanyawara__2014,0,254.933333333333,0,0,382,3610,0,0,F,M,1,TRUE,FALSE
i102,i096,chimp,4,Kanyawara,2014,Kanyawara__2014,0,203.433333333333,0,0,509,3373,0,0,F,F,1,FALSE,FALSE
i102,i017,chimp,4,Kanyawara,2014,Kanyawara__2014,0,246.916666666667,60,0,811,4184,0,0,F,M,1,FALSE,FALSE
i102,i051,chimp,4,Kanyawara,2014,Kanyawara__2014,0,258.95,0,0,828,4252,0,0,F,M,1,FALSE,FALSE
i102,i067,chimp,4,Kanyawara,2014,Kanyawara__2014,0,332.15,0,0,1072,3911,0,0,F,F,1,TRUE,FALSE
i102,i110,chimp,4,Kanyawara,2014,Kanyawara__2014,0,301.233333333333,540,0,1356,3747,0,0,F,F,1,FALSE,FALSE
i102,i043,chimp,4,Kanyawara,2014,Kanyawara__2014,0,199.033333333333,2160,0,423,3133,0,0,F,M,1,FALSE,FALSE
i102,i092,chimp,4,Kanyawara,2014,Kanyawara__2014,0,317,1380,0,870,4443,0,0,F,M,1,FALSE,FALSE
i102,i089,chimp,4,Kanyawara,2014,Kanyawara__2014,0,313.866666666667,0,0,692,3913,0,0,F,F,1,FALSE,FALSE
i102,i003,chimp,4,Kanyawara,2014,Kanyawara__2014,0,287,0,1,683,3899,0,0,F,F,1,TRUE,FALSE
i102,i014,chimp,4,Kanyawara,2014,Kanyawara__2014,0,317.266666666667,13680,0,899,4085,0,0,F,M,1,FALSE,FALSE
i102,i063,chimp,4,Kanyawara,2014,Kanyawara__2014,0,233.683333333333,1380,0,708,3335,0,0,F,F,1,FALSE,FALSE
i102,i081,chimp,4,Kanyawara,2014,Kanyawara__2014,0,303.95,0,0,849,3882,0,0,F,F,1,FALSE,FALSE
i102,i097,chimp,4,Kanyawara,2014,Kanyawara__2014,0,305.133333333333,600,0,173,3320,0,0,F,F,1,FALSE,FALSE
i102,i064,chimp,4,Kanyawara,2014,Kanyawara__2014,0,293.8,4860,0,796,4205,0,0,F,M,1,FALSE,FALSE
i102,i060,chimp,4,Kanyawara,2014,Kanyawara__2014,0,278.916666666667,300,0,475,3158,0,0,F,F,1,FALSE,FALSE
i102,i111,chimp,4,Kanyawara,2014,Kanyawara__2014,0,319.55,0,0,773,3993,0,0,F,F,1,FALSE,FALSE
i102,i009,chimp,4,Kanyawara,2014,Kanyawara__2014,0,296.816666666667,0,0,408,3533,0,0,F,M,1,FALSE,FALSE
i092,i025,chimp,4,Kanyawara,2014,Kanyawara__2014,0,226.35,0,2,796,3679,0,0,M,F,1,FALSE,FALSE
i092,i075,chimp,4,Kanyawara,2014,Kanyawara__2014,0,236.233333333333,7320,1,959,3268,0,0,M,M,1,FALSE,FALSE
i092,i096,chimp,4,Kanyawara,2014,Kanyawara__2014,0,184.733333333333,0,0,622,3495,0,0,M,F,1,FALSE,FALSE
i092,i017,chimp,4,Kanyawara,2014,Kanyawara__2014,0,228.216666666667,960,0,1429,3801,0,0,M,M,1,FALSE,FALSE
i092,i051,chimp,4,Kanyawara,2014,Kanyawara__2014,0,240.25,780,1,1720,3595,0,0,M,M,1,FALSE,FALSE
i092,i110,chimp,4,Kanyawara,2014,Kanyawara__2014,0,282.533333333333,300,2,694,4644,0,0,M,F,1,FALSE,FALSE
i092,i043,chimp,4,Kanyawara,2014,Kanyawara__2014,0,180.333333333333,0,0,640,3151,0,0,M,M,1,FALSE,FALSE
i092,i089,chimp,4,Kanyawara,2014,Kanyawara__2014,1,295.166666666667,2160,0,1345,3495,0,0,M,F,1,FALSE,FALSE
i092,i003,chimp,4,Kanyawara,2014,Kanyawara__2014,1,268.3,24420,0,1337,3480,0,0,M,F,1,FALSE,FALSE
i092,i063,chimp,4,Kanyawara,2014,Kanyawara__2014,0,214.983333333333,300,0,781,3497,0,0,M,F,1,FALSE,FALSE
i092,i081,chimp,4,Kanyawara,2014,Kanyawara__2014,0,285.25,540,2,994,3972,0,0,M,F,1,FALSE,FALSE
i092,i097,chimp,4,Kanyawara,2014,Kanyawara__2014,0,286.433333333333,8940,1,488,3240,0,0,M,F,1,FALSE,FALSE
i092,i064,chimp,4,Kanyawara,2014,Kanyawara__2014,0,275.1,0,0,1467,3769,0,0,M,M,1,FALSE,FALSE
i092,i060,chimp,4,Kanyawara,2014,Kanyawara__2014,0,260.216666666667,1620,0,761,3107,0,0,M,F,1,FALSE,FALSE
i092,i009,chimp,4,Kanyawara,2014,Kanyawara__2014,0,278.116666666667,540,0,670,3506,0,0,M,M,1,FALSE,FALSE
i089,i025,chimp,4,Kanyawara,2014,Kanyawara__2014,0,223.216666666667,0,0,759,3008,0,0,F,F,1,FALSE,FALSE
i089,i075,chimp,4,Kanyawara,2014,Kanyawara__2014,0,233.1,0,0,356,3163,0,0,F,M,1,FALSE,FALSE
i089,i096,chimp,4,Kanyawara,2014,Kanyawara__2014,0,181.6,0,0,559,2850,0,0,F,F,1,FALSE,FALSE
i089,i017,chimp,4,Kanyawara,2014,Kanyawara__2014,0,225.083333333333,0,0,839,3683,0,0,F,M,1,FALSE,FALSE
i089,i051,chimp,4,Kanyawara,2014,Kanyawara__2014,0,237.116666666667,0,0,914,3693,0,0,F,M,1,FALSE,FALSE
i089,i110,chimp,4,Kanyawara,2014,Kanyawara__2014,0,279.4,0,0,589,4041,0,0,F,F,1,FALSE,FALSE
i089,i043,chimp,4,Kanyawara,2014,Kanyawara__2014,0,177.2,0,0,269,2814,0,0,F,M,1,FALSE,FALSE
i089,i003,chimp,4,Kanyawara,2014,Kanyawara__2014,1,265.166666666667,8340,0,1942,2167,0,0,F,F,1,FALSE,FALSE
i089,i063,chimp,4,Kanyawara,2014,Kanyawara__2014,0,211.85,0,0,555,3015,0,0,F,F,1,FALSE,FALSE
i089,i081,chimp,4,Kanyawara,2014,Kanyawara__2014,0,282.116666666667,240,0,846,3412,0,0,F,F,1,FALSE,FALSE
i089,i097,chimp,4,Kanyawara,2014,Kanyawara__2014,0,283.3,0,0,242,2778,0,0,F,F,1,FALSE,FALSE
i089,i064,chimp,4,Kanyawara,2014,Kanyawara__2014,0,271.966666666667,0,0,849,3679,0,0,F,M,1,FALSE,FALSE
i089,i060,chimp,4,Kanyawara,2014,Kanyawara__2014,0,257.083333333333,0,0,452,2708,0,0,F,F,1,FALSE,FALSE
i089,i009,chimp,4,Kanyawara,2014,Kanyawara__2014,0,274.983333333333,0,0,367,3101,0,0,F,M,1,FALSE,FALSE
i003,i025,chimp,4,Kanyawara,2014,Kanyawara__2014,0,196.35,60,0,748,2996,0,0,F,F,1,FALSE,FALSE
i003,i075,chimp,4,Kanyawara,2014,Kanyawara__2014,0,206.233333333333,0,0,371,3125,0,0,F,M,1,TRUE,FALSE
i003,i096,chimp,4,Kanyawara,2014,Kanyawara__2014,0,154.733333333333,0,0,557,2829,0,0,F,F,1,FALSE,FALSE
i003,i017,chimp,4,Kanyawara,2014,Kanyawara__2014,0,198.216666666667,0,0,853,3646,0,0,F,M,1,FALSE,FALSE
i003,i051,chimp,4,Kanyawara,2014,Kanyawara__2014,0,210.25,0,0,886,3698,0,0,F,M,1,FALSE,FALSE
i003,i043,chimp,4,Kanyawara,2014,Kanyawara__2014,0,150.333333333333,0,0,262,2798,0,0,F,M,1,FALSE,FALSE
i003,i063,chimp,4,Kanyawara,2014,Kanyawara__2014,0,184.983333333333,0,0,537,3010,0,0,F,F,1,FALSE,FALSE
i003,i060,chimp,4,Kanyawara,2014,Kanyawara__2014,0,230.216666666667,0,0,432,2705,0,0,F,F,1,FALSE,FALSE
i014,i025,chimp,4,Kanyawara,2014,Kanyawara__2014,0,226.616666666667,0,0,678,3468,0,1,M,F,1,FALSE,FALSE
i014,i075,chimp,4,Kanyawara,2014,Kanyawara__2014,0,236.5,6060,1,904,2994,1,0,M,M,1,FALSE,FALSE
i014,i096,chimp,4,Kanyawara,2014,Kanyawara__2014,0,185,0,0,612,3176,0,0,M,F,1,FALSE,FALSE
i014,i017,chimp,4,Kanyawara,2014,Kanyawara__2014,0,228.483333333333,480,2,1421,3480,0,0,M,M,1,FALSE,FALSE
i014,i051,chimp,4,Kanyawara,2014,Kanyawara__2014,0,240.516666666667,1260,1,1847,3139,1,0,M,M,1,FALSE,FALSE
i014,i110,chimp,4,Kanyawara,2014,Kanyawara__2014,0,282.8,1080,1,822,4187,0,0,M,F,1,FALSE,FALSE
i014,i043,chimp,4,Kanyawara,2014,Kanyawara__2014,0,180.6,0,0,637,2825,0,0,M,M,1,FALSE,FALSE
i014,i092,chimp,4,Kanyawara,2014,Kanyawara__2014,0,298.566666666667,600,1,1573,3646,1,0,M,M,1,FALSE,FALSE
i014,i089,chimp,4,Kanyawara,2014,Kanyawara__2014,0,295.433333333333,240,0,808,3703,0,0,M,F,1,FALSE,FALSE
i014,i003,chimp,4,Kanyawara,2014,Kanyawara__2014,0,268.566666666667,660,4,764,3724,0,0,M,F,1,FALSE,FALSE
i014,i063,chimp,4,Kanyawara,2014,Kanyawara__2014,0,215.25,1860,1,786,3163,0,0,M,F,1,FALSE,FALSE
i014,i081,chimp,4,Kanyawara,2014,Kanyawara__2014,0,285.516666666667,3120,1,1063,3574,0,0,M,F,1,FALSE,FALSE
i014,i097,chimp,4,Kanyawara,2014,Kanyawara__2014,0,286.7,0,3,444,2955,0,0,M,F,1,FALSE,FALSE
i014,i064,chimp,4,Kanyawara,2014,Kanyawara__2014,0,275.366666666667,2820,2,1465,3442,0,0,M,M,1,FALSE,FALSE
i014,i060,chimp,4,Kanyawara,2014,Kanyawara__2014,0,260.483333333333,180,2,687,2852,0,0,M,F,1,FALSE,FALSE
i014,i009,chimp,4,Kanyawara,2014,Kanyawara__2014,0,278.383333333333,10800,4,765,3082,0,0,M,M,1,FALSE,FALSE
i063,i096,chimp,4,Kanyawara,2014,Kanyawara__2014,0,101.416666666667,0,0,506,2341,0,0,F,F,1,FALSE,FALSE
i063,i043,chimp,4,Kanyawara,2014,Kanyawara__2014,0,97.0166666666667,0,0,230,2291,0,0,F,M,1,FALSE,FALSE
i081,i025,chimp,4,Kanyawara,2014,Kanyawara__2014,0,213.3,0,0,563,3330,0,0,F,F,1,FALSE,FALSE
i081,i075,chimp,4,Kanyawara,2014,Kanyawara__2014,0,223.183333333333,420,0,522,3123,0,0,F,M,1,FALSE,FALSE
i081,i096,chimp,4,Kanyawara,2014,Kanyawara__2014,0,171.683333333333,0,0,628,2907,0,0,F,F,1,FALSE,FALSE
i081,i017,chimp,4,Kanyawara,2014,Kanyawara__2014,0,215.166666666667,0,1,973,3675,0,0,F,M,1,FALSE,FALSE
i081,i051,chimp,4,Kanyawara,2014,Kanyawara__2014,0,227.2,4500,1,1147,3586,0,0,F,M,1,FALSE,FALSE
i081,i110,chimp,4,Kanyawara,2014,Kanyawara__2014,0,269.483333333333,0,0,692,4064,0,0,F,F,1,FALSE,FALSE
i081,i043,chimp,4,Kanyawara,2014,Kanyawara__2014,0,167.283333333333,0,0,287,2922,0,0,F,M,1,FALSE,FALSE
i081,i003,chimp,4,Kanyawara,2014,Kanyawara__2014,0,255.25,0,0,848,3387,0,0,F,F,1,FALSE,FALSE
i081,i063,chimp,4,Kanyawara,2014,Kanyawara__2014,0,201.933333333333,0,0,771,2925,0,0,F,F,1,FALSE,FALSE
i081,i064,chimp,4,Kanyawara,2014,Kanyawara__2014,0,262.05,4200,0,996,3658,0,0,F,M,1,FALSE,FALSE
i081,i060,chimp,4,Kanyawara,2014,Kanyawara__2014,0,247.166666666667,0,0,534,2752,0,0,F,F,1,FALSE,FALSE
i081,i009,chimp,4,Kanyawara,2014,Kanyawara__2014,0,265.066666666667,2520,0,587,3007,0,0,F,M,1,FALSE,FALSE
i097,i025,chimp,4,Kanyawara,2014,Kanyawara__2014,0,214.483333333333,0,0,213,2442,0,0,F,F,1,FALSE,FALSE
i097,i075,chimp,4,Kanyawara,2014,Kanyawara__2014,0,224.366666666667,240,2,443,1964,0,0,F,M,1,FALSE,FALSE
i097,i096,chimp,4,Kanyawara,2014,Kanyawara__2014,0,172.866666666667,0,0,276,2021,0,0,F,F,1,FALSE,FALSE
i097,i017,chimp,4,Kanyawara,2014,Kanyawara__2014,0,216.35,0,0,459,2951,0,0,F,M,1,FALSE,FALSE
i097,i051,chimp,4,Kanyawara,2014,Kanyawara__2014,0,228.383333333333,10980,1,521,2974,0,0,F,M,1,FALSE,FALSE
i097,i110,chimp,4,Kanyawara,2014,Kanyawara__2014,0,270.666666666667,0,0,143,3375,0,0,F,F,1,FALSE,FALSE
i097,i043,chimp,4,Kanyawara,2014,Kanyawara__2014,0,168.466666666667,0,0,159,1812,0,0,F,M,1,FALSE,FALSE
i097,i003,chimp,4,Kanyawara,2014,Kanyawara__2014,0,256.433333333333,0,0,251,2746,0,0,F,F,1,FALSE,FALSE
i097,i063,chimp,4,Kanyawara,2014,Kanyawara__2014,0,203.116666666667,0,2,389,2069,0,0,F,F,1,FALSE,FALSE
i097,i081,chimp,4,Kanyawara,2014,Kanyawara__2014,0,273.383333333333,0,0,255,2891,0,0,F,F,1,FALSE,FALSE
i097,i064,chimp,4,Kanyawara,2014,Kanyawara__2014,0,263.233333333333,1020,0,488,2928,0,0,F,M,1,FALSE,FALSE
i097,i060,chimp,4,Kanyawara,2014,Kanyawara__2014,0,248.35,0,0,256,1792,0,0,F,F,1,FALSE,FALSE
i097,i009,chimp,4,Kanyawara,2014,Kanyawara__2014,0,266.25,0,0,256,2100,0,0,F,M,1,FALSE,FALSE
i002,i025,chimp,4,Kanyawara,2014,Kanyawara__2014,0,323.75,0,0,867,3736,0,0,F,F,1,FALSE,FALSE
i002,i106,chimp,4,Kanyawara,2014,Kanyawara__2014,0,403.516666666667,0,6,1069,4688,0,0,F,M,1,FALSE,TRUE
i002,i075,chimp,4,Kanyawara,2014,Kanyawara__2014,0,333.633333333333,720,0,478,3877,0,0,F,M,1,TRUE,TRUE
i002,i096,chimp,4,Kanyawara,2014,Kanyawara__2014,0,282.133333333333,0,0,596,3649,0,0,F,F,1,FALSE,FALSE
i002,i017,chimp,4,Kanyawara,2014,Kanyawara__2014,0,325.616666666667,60,0,828,4530,0,0,F,M,1,FALSE,FALSE
i002,i051,chimp,4,Kanyawara,2014,Kanyawara__2014,0,337.65,2520,0,977,4466,0,0,F,M,1,FALSE,FALSE
i002,i066,chimp,4,Kanyawara,2014,Kanyawara__2014,0,444.183333333333,600,1,877,4525,0,0,F,M,1,FALSE,TRUE
i002,i067,chimp,4,Kanyawara,2014,Kanyawara__2014,0,410.85,0,0,1206,4140,2,0,F,F,1,TRUE,FALSE
i002,i110,chimp,4,Kanyawara,2014,Kanyawara__2014,0,379.933333333333,540,0,921,4545,0,0,F,F,1,FALSE,FALSE
i002,i043,chimp,4,Kanyawara,2014,Kanyawara__2014,0,277.733333333333,0,0,365,3554,0,0,F,M,1,FALSE,FALSE
i002,i102,chimp,4,Kanyawara,2014,Kanyawara__2014,0,414.4,0,0,1000,4441,0,0,F,F,1,TRUE,FALSE
i002,i092,chimp,4,Kanyawara,2014,Kanyawara__2014,0,395.7,300,0,874,4802,0,0,F,M,1,FALSE,FALSE
i002,i089,chimp,4,Kanyawara,2014,Kanyawara__2014,0,392.566666666667,0,0,947,4021,0,0,F,F,1,FALSE,FALSE
i002,i003,chimp,4,Kanyawara,2014,Kanyawara__2014,0,365.7,60,0,944,4001,0,0,F,F,1,TRUE,FALSE
i002,i014,chimp,4,Kanyawara,2014,Kanyawara__2014,0,395.966666666667,360,0,850,4497,0,0,F,M,1,FALSE,FALSE
i002,i063,chimp,4,Kanyawara,2014,Kanyawara__2014,0,312.383333333333,0,1,704,3702,0,0,F,F,1,FALSE,FALSE
i002,i081,chimp,4,Kanyawara,2014,Kanyawara__2014,0,382.65,600,0,965,4129,0,1,F,F,1,FALSE,FALSE
i002,i097,chimp,4,Kanyawara,2014,Kanyawara__2014,0,383.833333333333,0,1,337,3519,0,0,F,F,1,FALSE,FALSE
i002,i064,chimp,4,Kanyawara,2014,Kanyawara__2014,1,372.5,7920,0,1026,4338,0,0,F,M,1,FALSE,TRUE
i002,i028,chimp,4,Kanyawara,2014,Kanyawara__2014,1,486.2,26220,0,2277,3784,0,0,F,M,1,FALSE,FALSE
i002,i060,chimp,4,Kanyawara,2014,Kanyawara__2014,0,357.616666666667,0,0,531,3465,0,0,F,F,1,FALSE,FALSE
i002,i084,chimp,4,Kanyawara,2014,Kanyawara__2014,0,490.5,240,0,886,4795,0,0,F,F,1,FALSE,FALSE
i002,i111,chimp,4,Kanyawara,2014,Kanyawara__2014,0,398.25,240,2,934,4195,0,0,F,F,1,FALSE,FALSE
i002,i009,chimp,4,Kanyawara,2014,Kanyawara__2014,0,375.516666666667,480,1,535,3769,0,0,F,M,1,FALSE,FALSE
i064,i025,chimp,4,Kanyawara,2014,Kanyawara__2014,0,203.15,1260,0,781,3382,0,0,M,F,1,FALSE,FALSE
i064,i075,chimp,4,Kanyawara,2014,Kanyawara__2014,0,213.033333333333,10860,1,920,2995,0,0,M,M,1,FALSE,TRUE
i064,i096,chimp,4,Kanyawara,2014,Kanyawara__2014,0,161.533333333333,0,0,570,3235,0,0,M,F,1,FALSE,FALSE
i064,i017,chimp,4,Kanyawara,2014,Kanyawara__2014,0,205.016666666667,0,0,1083,3835,0,0,M,M,1,FALSE,FALSE
i064,i051,chimp,4,Kanyawara,2014,Kanyawara__2014,0,217.05,840,0,1574,3429,0,0,M,M,1,FALSE,FALSE
i064,i043,chimp,4,Kanyawara,2014,Kanyawara__2014,0,157.133333333333,60,0,541,2938,0,0,M,M,1,FALSE,FALSE
i064,i003,chimp,4,Kanyawara,2014,Kanyawara__2014,0,245.1,60,0,824,3681,0,0,M,F,1,FALSE,FALSE
i064,i063,chimp,4,Kanyawara,2014,Kanyawara__2014,0,191.783333333333,0,0,867,3099,0,0,M,F,1,FALSE,FALSE
i064,i060,chimp,4,Kanyawara,2014,Kanyawara__2014,0,237.016666666667,0,0,630,2926,0,0,M,F,1,FALSE,FALSE
i028,i025,chimp,4,Kanyawara,2014,Kanyawara__2014,0,316.85,180,0,944,3916,0,0,M,F,1,FALSE,FALSE
i028,i106,chimp,4,Kanyawara,2014,Kanyawara__2014,0,396.616666666667,1380,1,1478,4536,0,0,M,M,1,FALSE,FALSE
i028,i075,chimp,4,Kanyawara,2014,Kanyawara__2014,0,326.733333333333,0,0,684,3928,0,0,M,M,1,FALSE,FALSE
i028,i096,chimp,4,Kanyawara,2014,Kanyawara__2014,0,275.233333333333,0,0,586,3916,0,0,M,F,1,FALSE,FALSE
i028,i017,chimp,4,Kanyawara,2014,Kanyawara__2014,0,318.716666666667,0,5,1051,4564,0,0,M,M,1,FALSE,FALSE
i028,i051,chimp,4,Kanyawara,2014,Kanyawara__2014,0,330.75,1140,1,1248,4452,0,0,M,M,1,FALSE,FALSE
i028,i066,chimp,4,Kanyawara,2014,Kanyawara__2014,0,437.283333333333,540,2,1212,4447,0,0,M,M,1,FALSE,FALSE
i028,i067,chimp,4,Kanyawara,2014,Kanyawara__2014,0,403.95,420,1,1232,4371,0,0,M,F,1,FALSE,FALSE
i028,i110,chimp,4,Kanyawara,2014,Kanyawara__2014,0,373.033333333333,720,0,926,4797,0,0,M,F,1,FALSE,FALSE
i028,i043,chimp,4,Kanyawara,2014,Kanyawara__2014,0,270.833333333333,60,1,417,3759,0,0,M,M,1,FALSE,FALSE
i028,i102,chimp,4,Kanyawara,2014,Kanyawara__2014,0,407.5,1380,0,1063,4635,0,0,M,F,1,FALSE,FALSE
i028,i092,chimp,4,Kanyawara,2014,Kanyawara__2014,0,388.8,0,0,1075,4858,0,0,M,M,1,FALSE,FALSE
i028,i089,chimp,4,Kanyawara,2014,Kanyawara__2014,0,385.666666666667,0,0,854,4371,0,0,M,F,1,FALSE,FALSE
i028,i003,chimp,4,Kanyawara,2014,Kanyawara__2014,0,358.8,0,2,830,4372,0,0,M,F,1,FALSE,FALSE
i028,i014,chimp,4,Kanyawara,2014,Kanyawara__2014,0,389.066666666667,660,3,1165,4439,0,0,M,M,1,FALSE,FALSE
i028,i063,chimp,4,Kanyawara,2014,Kanyawara__2014,0,305.483333333333,5640,0,773,3890,0,0,M,F,1,FALSE,FALSE
i028,i081,chimp,4,Kanyawara,2014,Kanyawara__2014,0,375.75,1260,0,939,4412,0,0,M,F,1,FALSE,FALSE
i028,i097,chimp,4,Kanyawara,2014,Kanyawara__2014,0,376.933333333333,5520,0,422,3691,0,0,M,F,1,FALSE,FALSE
i028,i064,chimp,4,Kanyawara,2014,Kanyawara__2014,1,365.6,0,0,1417,4204,0,0,M,M,1,FALSE,FALSE
i028,i060,chimp,4,Kanyawara,2014,Kanyawara__2014,0,350.716666666667,0,0,515,3738,0,0,M,F,1,FALSE,FALSE
i028,i111,chimp,4,Kanyawara,2014,Kanyawara__2014,0,391.35,300,0,930,4456,0,0,M,F,1,FALSE,FALSE
i028,i009,chimp,4,Kanyawara,2014,Kanyawara__2014,0,368.616666666667,1080,0,697,3864,0,0,M,M,1,FALSE,FALSE
i060,i025,chimp,4,Kanyawara,2014,Kanyawara__2014,0,188.266666666667,0,0,396,2399,0,0,F,F,1,FALSE,FALSE
i060,i075,chimp,4,Kanyawara,2014,Kanyawara__2014,0,198.15,3540,3,576,1971,0,0,F,M,1,FALSE,FALSE
i060,i096,chimp,4,Kanyawara,2014,Kanyawara__2014,0,146.65,0,0,314,2123,0,0,F,F,1,FALSE,FALSE
i060,i017,chimp,4,Kanyawara,2014,Kanyawara__2014,0,190.133333333333,0,0,551,2999,0,0,F,M,1,FALSE,FALSE
i060,i051,chimp,4,Kanyawara,2014,Kanyawara__2014,0,202.166666666667,480,2,757,2878,0,0,F,M,1,FALSE,FALSE
i060,i043,chimp,4,Kanyawara,2014,Kanyawara__2014,0,142.25,0,0,379,1732,0,0,F,M,1,FALSE,FALSE
i060,i063,chimp,4,Kanyawara,2014,Kanyawara__2014,0,176.9,0,0,471,2127,0,0,F,F,1,FALSE,FALSE
i084,i025,chimp,4,Kanyawara,2014,Kanyawara__2014,0,321.15,0,0,679,3801,0,0,F,F,1,FALSE,FALSE
i084,i106,chimp,4,Kanyawara,2014,Kanyawara__2014,0,400.916666666667,900,1,986,4648,0,0,F,M,1,FALSE,FALSE
i084,i075,chimp,4,Kanyawara,2014,Kanyawara__2014,0,331.033333333333,120,0,388,3844,0,0,F,M,1,FALSE,FALSE
i084,i096,chimp,4,Kanyawara,2014,Kanyawara__2014,0,279.533333333333,0,0,407,3715,0,0,F,F,1,FALSE,FALSE
i084,i017,chimp,4,Kanyawara,2014,Kanyawara__2014,0,323.016666666667,0,0,838,4397,0,0,F,M,1,FALSE,FALSE
i084,i051,chimp,4,Kanyawara,2014,Kanyawara__2014,0,335.05,1320,0,927,4393,0,0,F,M,1,FALSE,FALSE
i084,i066,chimp,4,Kanyawara,2014,Kanyawara__2014,0,441.583333333333,60,0,856,4423,0,0,F,M,1,FALSE,FALSE
i084,i067,chimp,4,Kanyawara,2014,Kanyawara__2014,0,408.25,3120,3,1030,4193,0,0,F,F,1,FALSE,FALSE
i084,i110,chimp,4,Kanyawara,2014,Kanyawara__2014,0,377.333333333333,2880,0,1989,3354,1,0,F,F,1,FALSE,FALSE
i084,i043,chimp,4,Kanyawara,2014,Kanyawara__2014,0,275.133333333333,0,0,508,3288,0,0,F,M,1,FALSE,FALSE
i084,i102,chimp,4,Kanyawara,2014,Kanyawara__2014,0,411.8,2700,0,1504,3814,1,0,F,F,1,FALSE,FALSE
i084,i092,chimp,4,Kanyawara,2014,Kanyawara__2014,0,393.1,2100,4,926,4627,0,0,F,M,1,FALSE,FALSE
i084,i089,chimp,4,Kanyawara,2014,Kanyawara__2014,0,389.966666666667,120,0,565,4280,0,0,F,F,1,FALSE,FALSE
i084,i003,chimp,4,Kanyawara,2014,Kanyawara__2014,0,363.1,0,0,569,4253,0,0,F,F,1,FALSE,FALSE
i084,i014,chimp,4,Kanyawara,2014,Kanyawara__2014,0,393.366666666667,2940,0,992,4232,0,0,F,M,1,FALSE,FALSE
i084,i063,chimp,4,Kanyawara,2014,Kanyawara__2014,0,309.783333333333,60,0,584,3699,0,0,F,F,1,FALSE,FALSE
i084,i081,chimp,4,Kanyawara,2014,Kanyawara__2014,0,380.05,0,1,738,4233,0,0,F,F,1,FALSE,FALSE
i084,i097,chimp,4,Kanyawara,2014,Kanyawara__2014,0,381.233333333333,0,0,190,3543,0,0,F,F,1,FALSE,FALSE
i084,i064,chimp,4,Kanyawara,2014,Kanyawara__2014,0,369.9,480,0,785,4456,0,0,F,M,1,FALSE,FALSE
i084,i028,chimp,4,Kanyawara,2014,Kanyawara__2014,0,483.6,3060,3,1030,4908,0,0,F,M,1,FALSE,FALSE
i084,i060,chimp,4,Kanyawara,2014,Kanyawara__2014,0,355.016666666667,300,0,443,3430,0,0,F,F,1,FALSE,FALSE
i084,i111,chimp,4,Kanyawara,2014,Kanyawara__2014,0,395.65,0,0,785,4221,0,0,F,F,1,FALSE,FALSE
i084,i009,chimp,4,Kanyawara,2014,Kanyawara__2014,0,372.916666666667,420,0,350,3831,0,0,F,M,1,FALSE,FALSE
i111,i025,chimp,4,Kanyawara,2014,Kanyawara__2014,0,228.9,0,0,648,3280,0,0,F,F,1,FALSE,FALSE
i111,i075,chimp,4,Kanyawara,2014,Kanyawara__2014,0,238.783333333333,0,4,588,3092,0,0,F,M,1,FALSE,FALSE
i111,i096,chimp,4,Kanyawara,2014,Kanyawara__2014,0,187.283333333333,0,0,590,2980,0,0,F,F,1,FALSE,FALSE
i111,i017,chimp,4,Kanyawara,2014,Kanyawara__2014,0,230.766666666667,0,2,1043,3640,0,0,F,M,1,FALSE,FALSE
i111,i051,chimp,4,Kanyawara,2014,Kanyawara__2014,0,242.8,720,2,1181,3587,0,0,F,M,1,FALSE,FALSE
i111,i110,chimp,4,Kanyawara,2014,Kanyawara__2014,0,285.083333333333,240,0,611,4180,0,0,F,F,1,FALSE,FALSE
i111,i043,chimp,4,Kanyawara,2014,Kanyawara__2014,0,182.883333333333,0,0,201,3043,0,0,F,M,1,FALSE,FALSE
i111,i092,chimp,4,Kanyawara,2014,Kanyawara__2014,0,300.85,60,3,1093,3908,0,0,F,M,1,FALSE,FALSE
i111,i089,chimp,4,Kanyawara,2014,Kanyawara__2014,0,297.716666666667,0,2,890,3403,0,0,F,F,1,FALSE,FALSE
i111,i003,chimp,4,Kanyawara,2014,Kanyawara__2014,0,270.85,120,0,885,3385,0,0,F,F,1,FALSE,FALSE
i111,i014,chimp,4,Kanyawara,2014,Kanyawara__2014,0,301.116666666667,2580,12,1100,3572,0,0,F,M,1,FALSE,FALSE
i111,i063,chimp,4,Kanyawara,2014,Kanyawara__2014,0,217.533333333333,0,0,753,2978,0,0,F,F,1,FALSE,FALSE
i111,i081,chimp,4,Kanyawara,2014,Kanyawara__2014,0,287.8,0,0,1492,2927,1,0,F,F,1,FALSE,FALSE
i111,i097,chimp,4,Kanyawara,2014,Kanyawara__2014,0,288.983333333333,0,1,276,2905,0,0,F,F,1,FALSE,FALSE
i111,i064,chimp,4,Kanyawara,2014,Kanyawara__2014,0,277.65,2940,1,1034,3655,0,0,F,M,1,FALSE,FALSE
i111,i060,chimp,4,Kanyawara,2014,Kanyawara__2014,0,262.766666666667,0,2,548,2773,0,0,F,F,1,FALSE,FALSE
i111,i009,chimp,4,Kanyawara,2014,Kanyawara__2014,0,280.666666666667,120,0,534,3095,0,0,F,M,1,FALSE,FALSE
i009,i025,chimp,4,Kanyawara,2014,Kanyawara__2014,0,206.166666666667,240,1,386,2717,0,0,M,F,1,FALSE,FALSE
i009,i075,chimp,4,Kanyawara,2014,Kanyawara__2014,0,216.05,7020,0,699,2156,0,0,M,M,1,FALSE,FALSE
i009,i096,chimp,4,Kanyawara,2014,Kanyawara__2014,0,164.55,0,0,373,2372,0,0,M,F,1,FALSE,FALSE
i009,i017,chimp,4,Kanyawara,2014,Kanyawara__2014,0,208.033333333333,240,0,635,3223,0,0,M,M,1,FALSE,FALSE
i009,i051,chimp,4,Kanyawara,2014,Kanyawara__2014,0,220.066666666667,780,0,929,3014,0,0,M,M,1,FALSE,FALSE
i009,i043,chimp,4,Kanyawara,2014,Kanyawara__2014,0,160.15,0,0,354,2065,0,0,M,M,1,FALSE,FALSE
i009,i003,chimp,4,Kanyawara,2014,Kanyawara__2014,0,248.116666666667,60,0,366,3079,0,0,M,F,1,FALSE,FALSE
i009,i063,chimp,4,Kanyawara,2014,Kanyawara__2014,0,194.8,1500,0,435,2471,0,0,M,F,1,FALSE,FALSE
i009,i064,chimp,4,Kanyawara,2014,Kanyawara__2014,0,254.916666666667,5580,0,900,2964,0,0,M,M,1,FALSE,FALSE
i009,i060,chimp,4,Kanyawara,2014,Kanyawara__2014,0,240.033333333333,0,0,408,2088,0,0,M,F,1,FALSE,FALSE
i038,i025,chimp,4,Kanyawara,2014,Kanyawara__2014,0,154.116666666667,0,0,1169,4619,0,0,M,F,1,FALSE,FALSE
i038,i106,chimp,4,Kanyawara,2014,Kanyawara__2014,0,191.7,1320,1,2900,4437,0,0,M,M,1,FALSE,TRUE
i038,i075,chimp,4,Kanyawara,2014,Kanyawara__2014,0,150.283333333333,12900,0,1536,4201,0,0,M,M,1,FALSE,TRUE
i038,i096,chimp,4,Kanyawara,2014,Kanyawara__2014,0,114.733333333333,180,1,925,4501,0,0,M,F,1,FALSE,FALSE
i038,i017,chimp,4,Kanyawara,2014,Kanyawara__2014,0,122.1,1320,0,2004,4530,0,0,M,M,1,FALSE,FALSE
i038,i023,chimp,4,Kanyawara,2014,Kanyawara__2014,0,100.55,0,0,49,3614,0,0,M,F,1,FALSE,TRUE
i038,i051,chimp,4,Kanyawara,2014,Kanyawara__2014,0,132.05,2040,2,3017,4220,2,2,M,M,1,FALSE,FALSE
i038,i066,chimp,4,Kanyawara,2014,Kanyawara__2014,1,249.783333333333,47880,1,2974,4226,4,0,M,M,1,FALSE,TRUE
i038,i067,chimp,4,Kanyawara,2014,Kanyawara__2014,0,184,60,0,1422,5041,0,0,M,F,1,FALSE,FALSE
i038,i110,chimp,4,Kanyawara,2014,Kanyawara__2014,0,157.616666666667,0,0,922,5064,0,0,M,F,1,FALSE,FALSE
i038,i132,chimp,4,Kanyawara,2014,Kanyawara__2014,0,134.1,0,0,214,4069,0,0,M,F,1,FALSE,FALSE
i038,i043,chimp,4,Kanyawara,2014,Kanyawara__2014,0,131.733333333333,0,0,938,4182,0,0,M,M,1,FALSE,FALSE
i038,i102,chimp,4,Kanyawara,2014,Kanyawara__2014,0,149.4,480,1,1158,4858,0,0,M,F,1,FALSE,FALSE
i038,i092,chimp,4,Kanyawara,2014,Kanyawara__2014,0,163.5,120,2,2721,4690,0,0,M,M,1,FALSE,FALSE
i038,i089,chimp,4,Kanyawara,2014,Kanyawara__2014,0,177.933333333333,0,0,1416,5173,0,0,M,F,1,FALSE,FALSE
i038,i003,chimp,4,Kanyawara,2014,Kanyawara__2014,0,171.616666666667,780,2,1343,5208,0,0,M,F,1,FALSE,FALSE
i038,i014,chimp,4,Kanyawara,2014,Kanyawara__2014,0,197.3,420,1,2596,4374,0,0,M,M,1,FALSE,FALSE
i038,i063,chimp,4,Kanyawara,2014,Kanyawara__2014,0,124.883333333333,0,0,1325,4340,0,0,M,F,1,FALSE,FALSE
i038,i081,chimp,4,Kanyawara,2014,Kanyawara__2014,0,145.233333333333,0,0,1440,4726,0,0,M,F,1,FALSE,FALSE
i038,i097,chimp,4,Kanyawara,2014,Kanyawara__2014,0,175.266666666667,3420,1,945,4099,0,0,M,F,1,FALSE,FALSE
i038,i002,chimp,4,Kanyawara,2014,Kanyawara__2014,0,209.666666666667,720,0,1354,5367,0,0,M,F,1,FALSE,TRUE
i038,i064,chimp,4,Kanyawara,2014,Kanyawara__2014,0,152.233333333333,1620,2,2408,4446,2,0,M,M,1,FALSE,TRUE
i038,i028,chimp,4,Kanyawara,2014,Kanyawara__2014,0,219.8,960,0,1840,4900,0,0,M,M,1,FALSE,FALSE
i038,i039,chimp,4,Kanyawara,2014,Kanyawara__2014,0,119.266666666667,120,0,177,3745,0,0,M,M,1,FALSE,FALSE
i038,i060,chimp,4,Kanyawara,2014,Kanyawara__2014,0,199.316666666667,3960,1,1329,4163,0,0,M,F,1,FALSE,FALSE
i038,i084,chimp,4,Kanyawara,2014,Kanyawara__2014,0,220.25,3480,0,1405,4958,0,0,M,F,1,FALSE,FALSE
i038,i111,chimp,4,Kanyawara,2014,Kanyawara__2014,0,191.516666666667,2940,1,1744,4477,0,0,M,F,1,FALSE,FALSE
i038,i009,chimp,4,Kanyawara,2014,Kanyawara__2014,0,180.633333333333,540,1,1201,4374,0,0,M,M,1,FALSE,FALSE
i023,i025,chimp,4,Kanyawara,2014,Kanyawara__2014,0,61.75,0,0,32,2480,0,0,F,F,1,FALSE,FALSE
i023,i106,chimp,4,Kanyawara,2014,Kanyawara__2014,0,99.3333333333333,0,0,45,4163,0,0,F,M,1,FALSE,TRUE
i023,i075,chimp,4,Kanyawara,2014,Kanyawara__2014,0,57.9166666666667,0,0,43,2465,0,0,F,M,1,FALSE,TRUE
i023,i096,chimp,4,Kanyawara,2014,Kanyawara__2014,0,22.3666666666667,0,0,39,2056,0,0,F,F,1,FALSE,FALSE
i023,i017,chimp,4,Kanyawara,2014,Kanyawara__2014,0,29.7333333333333,0,0,39,3525,0,0,F,M,1,FALSE,FALSE
i023,i051,chimp,4,Kanyawara,2014,Kanyawara__2014,0,39.6833333333333,0,0,48,4075,0,0,F,M,1,FALSE,FALSE
i023,i066,chimp,4,Kanyawara,2014,Kanyawara__2014,0,157.416666666667,0,0,46,3970,0,0,F,M,1,FALSE,TRUE
i023,i067,chimp,4,Kanyawara,2014,Kanyawara__2014,0,91.6333333333333,0,0,18,3962,0,0,F,F,1,FALSE,FALSE
i023,i110,chimp,4,Kanyawara,2014,Kanyawara__2014,0,65.25,0,0,18,3425,0,0,F,F,1,FALSE,FALSE
i023,i132,chimp,4,Kanyawara,2014,Kanyawara__2014,0,41.7333333333333,0,0,28,786,0,0,F,F,1,FALSE,FALSE
i023,i043,chimp,4,Kanyawara,2014,Kanyawara__2014,0,39.3666666666667,0,0,34,1750,0,0,F,M,1,FALSE,FALSE
i023,i102,chimp,4,Kanyawara,2014,Kanyawara__2014,0,57.0333333333333,0,0,29,3462,0,0,F,F,1,FALSE,FALSE
i023,i092,chimp,4,Kanyawara,2014,Kanyawara__2014,0,71.1333333333333,0,0,38,4388,0,0,F,M,1,FALSE,FALSE
i023,i089,chimp,4,Kanyawara,2014,Kanyawara__2014,0,85.5666666666667,0,0,28,3469,0,0,F,F,1,FALSE,FALSE
i023,i003,chimp,4,Kanyawara,2014,Kanyawara__2014,0,79.25,0,0,28,3446,0,0,F,F,1,FALSE,FALSE
i023,i014,chimp,4,Kanyawara,2014,Kanyawara__2014,0,104.933333333333,0,0,26,3911,0,0,F,M,1,FALSE,FALSE
i023,i063,chimp,4,Kanyawara,2014,Kanyawara__2014,0,32.5166666666667,0,0,45,2299,0,0,F,F,1,FALSE,FALSE
i023,i081,chimp,4,Kanyawara,2014,Kanyawara__2014,0,52.8666666666667,0,0,7,3516,0,0,F,F,1,FALSE,FALSE
i023,i097,chimp,4,Kanyawara,2014,Kanyawara__2014,0,82.9,0,0,28,1812,0,0,F,F,1,FALSE,FALSE
i023,i002,chimp,4,Kanyawara,2014,Kanyawara__2014,0,117.3,0,0,64,4413,0,0,F,F,1,FALSE,TRUE
i023,i064,chimp,4,Kanyawara,2014,Kanyawara__2014,0,59.8666666666667,0,0,65,3730,0,0,F,M,1,FALSE,TRUE
i023,i028,chimp,4,Kanyawara,2014,Kanyawara__2014,0,127.433333333333,0,0,50,4555,0,0,F,M,1,FALSE,FALSE
i023,i039,chimp,4,Kanyawara,2014,Kanyawara__2014,0,26.9,0,0,39,414,0,0,F,M,1,FALSE,FALSE
i023,i060,chimp,4,Kanyawara,2014,Kanyawara__2014,0,106.95,0,0,29,1994,0,0,F,F,1,FALSE,FALSE
i023,i084,chimp,4,Kanyawara,2014,Kanyawara__2014,0,127.883333333333,0,0,29,3986,0,0,F,F,1,FALSE,FALSE
i023,i111,chimp,4,Kanyawara,2014,Kanyawara__2014,0,99.15,0,0,35,3898,0,0,F,F,1,FALSE,FALSE
i023,i009,chimp,4,Kanyawara,2014,Kanyawara__2014,0,88.2666666666667,0,0,29,2158,0,0,F,M,1,FALSE,FALSE
i132,i025,chimp,4,Kanyawara,2014,Kanyawara__2014,0,87.1166666666667,0,0,229,1820,0,0,F,F,1,FALSE,FALSE
i132,i106,chimp,4,Kanyawara,2014,Kanyawara__2014,0,124.7,0,0,294,2334,0,0,F,M,1,FALSE,FALSE
i132,i075,chimp,4,Kanyawara,2014,Kanyawara__2014,0,83.2833333333333,0,0,259,1961,0,0,F,M,1,FALSE,FALSE
i132,i096,chimp,4,Kanyawara,2014,Kanyawara__2014,0,47.7333333333333,0,0,143,1602,0,0,F,F,1,FALSE,FALSE
i132,i017,chimp,4,Kanyawara,2014,Kanyawara__2014,0,55.1,0,0,308,1945,0,0,F,M,1,FALSE,FALSE
i132,i051,chimp,4,Kanyawara,2014,Kanyawara__2014,0,65.05,0,0,279,2287,0,0,F,M,1,FALSE,FALSE
i132,i066,chimp,4,Kanyawara,2014,Kanyawara__2014,0,182.783333333333,0,0,330,2288,0,0,F,M,1,FALSE,FALSE
i132,i067,chimp,4,Kanyawara,2014,Kanyawara__2014,0,117,0,0,207,2026,0,0,F,F,1,FALSE,FALSE
i132,i110,chimp,4,Kanyawara,2014,Kanyawara__2014,0,90.6166666666667,0,0,318,1712,0,0,F,F,1,FALSE,FALSE
i132,i043,chimp,4,Kanyawara,2014,Kanyawara__2014,1,64.7333333333333,4380,0,567,1019,1,0,F,M,1,FALSE,FALSE
i132,i102,chimp,4,Kanyawara,2014,Kanyawara__2014,0,82.4,60,0,363,1880,0,0,F,F,1,FALSE,FALSE
i132,i092,chimp,4,Kanyawara,2014,Kanyawara__2014,0,96.5,240,2,258,2331,0,0,F,M,1,FALSE,FALSE
i132,i089,chimp,4,Kanyawara,2014,Kanyawara__2014,0,110.933333333333,0,0,167,2229,0,0,F,F,1,FALSE,FALSE
i132,i003,chimp,4,Kanyawara,2014,Kanyawara__2014,0,104.616666666667,0,0,156,2248,0,0,F,F,1,FALSE,FALSE
i132,i014,chimp,4,Kanyawara,2014,Kanyawara__2014,0,130.3,0,0,231,2218,0,0,F,M,1,FALSE,FALSE
i132,i063,chimp,4,Kanyawara,2014,Kanyawara__2014,0,57.8833333333333,0,0,179,1802,0,0,F,F,1,FALSE,FALSE
i132,i081,chimp,4,Kanyawara,2014,Kanyawara__2014,0,78.2333333333333,0,0,137,2331,0,0,F,F,1,FALSE,FALSE
i132,i097,chimp,4,Kanyawara,2014,Kanyawara__2014,0,108.266666666667,0,0,63,1562,0,0,F,F,1,FALSE,FALSE
i132,i002,chimp,4,Kanyawara,2014,Kanyawara__2014,0,142.666666666667,0,0,231,2517,0,0,F,F,1,FALSE,FALSE
i132,i064,chimp,4,Kanyawara,2014,Kanyawara__2014,0,85.2333333333333,0,0,171,2174,0,0,F,M,1,FALSE,FALSE
i132,i028,chimp,4,Kanyawara,2014,Kanyawara__2014,0,152.8,0,2,247,2291,0,0,F,M,1,FALSE,FALSE
i132,i039,chimp,4,Kanyawara,2014,Kanyawara__2014,0,52.2666666666667,0,0,138,889,0,0,F,M,1,FALSE,FALSE
i132,i060,chimp,4,Kanyawara,2014,Kanyawara__2014,0,132.316666666667,0,0,231,1839,0,0,F,F,1,FALSE,FALSE
i132,i084,chimp,4,Kanyawara,2014,Kanyawara__2014,0,153.25,0,0,401,1765,0,0,F,F,1,FALSE,FALSE
i132,i111,chimp,4,Kanyawara,2014,Kanyawara__2014,0,124.516666666667,0,0,188,2249,0,0,F,F,1,FALSE,FALSE
i132,i009,chimp,4,Kanyawara,2014,Kanyawara__2014,0,113.633333333333,0,0,127,1742,0,0,F,M,1,FALSE,FALSE
i039,i025,chimp,4,Kanyawara,2014,Kanyawara__2014,0,72.2833333333333,0,0,108,654,0,0,M,F,1,FALSE,FALSE
i039,i106,chimp,4,Kanyawara,2014,Kanyawara__2014,0,109.866666666667,1380,1,185,762,0,0,M,M,1,FALSE,FALSE
i039,i075,chimp,4,Kanyawara,2014,Kanyawara__2014,0,68.45,3720,2,211,529,0,0,M,M,1,FALSE,FALSE
i039,i096,chimp,4,Kanyawara,2014,Kanyawara__2014,0,32.9,0,0,106,660,0,0,M,F,1,FALSE,FALSE
i039,i017,chimp,4,Kanyawara,2014,Kanyawara__2014,0,40.2666666666667,0,0,168,655,0,0,M,M,1,FALSE,FALSE
i039,i051,chimp,4,Kanyawara,2014,Kanyawara__2014,0,50.2166666666667,0,0,180,725,0,0,M,M,1,FALSE,FALSE
i039,i066,chimp,4,Kanyawara,2014,Kanyawara__2014,0,167.95,420,0,195,643,0,0,M,M,1,FALSE,FALSE
i039,i067,chimp,4,Kanyawara,2014,Kanyawara__2014,0,102.166666666667,0,0,112,810,0,0,M,F,1,FALSE,FALSE
i039,i110,chimp,4,Kanyawara,2014,Kanyawara__2014,0,75.7833333333333,0,0,89,725,0,0,M,F,1,FALSE,FALSE
i039,i043,chimp,4,Kanyawara,2014,Kanyawara__2014,0,49.9,0,0,186,531,0,0,M,M,1,FALSE,FALSE
i039,i102,chimp,4,Kanyawara,2014,Kanyawara__2014,0,67.5666666666667,0,0,184,863,0,0,M,F,1,FALSE,FALSE
i039,i092,chimp,4,Kanyawara,2014,Kanyawara__2014,0,81.6666666666667,0,0,184,708,0,0,M,M,1,FALSE,FALSE
i039,i089,chimp,4,Kanyawara,2014,Kanyawara__2014,0,96.1,0,0,145,929,0,0,M,F,1,FALSE,FALSE
i039,i003,chimp,4,Kanyawara,2014,Kanyawara__2014,0,89.7833333333333,0,0,143,932,0,0,M,F,1,FALSE,FALSE
i039,i014,chimp,4,Kanyawara,2014,Kanyawara__2014,0,115.466666666667,2100,0,168,734,0,0,M,M,1,FALSE,FALSE
i039,i063,chimp,4,Kanyawara,2014,Kanyawara__2014,0,43.05,0,0,176,866,0,0,M,F,1,FALSE,FALSE
i039,i081,chimp,4,Kanyawara,2014,Kanyawara__2014,0,63.4,0,0,134,958,0,0,M,F,1,FALSE,FALSE
i039,i097,chimp,4,Kanyawara,2014,Kanyawara__2014,0,93.4333333333333,0,0,82,516,0,0,M,F,1,FALSE,FALSE
i039,i002,chimp,4,Kanyawara,2014,Kanyawara__2014,0,127.833333333333,0,0,153,942,0,0,M,F,1,FALSE,FALSE
i039,i064,chimp,4,Kanyawara,2014,Kanyawara__2014,0,70.4,0,0,182,737,0,0,M,M,1,FALSE,FALSE
i039,i028,chimp,4,Kanyawara,2014,Kanyawara__2014,0,137.966666666667,0,0,164,724,0,0,M,M,1,FALSE,FALSE
i039,i060,chimp,4,Kanyawara,2014,Kanyawara__2014,0,117.483333333333,0,0,202,821,0,0,M,F,1,FALSE,FALSE
i039,i084,chimp,4,Kanyawara,2014,Kanyawara__2014,0,138.416666666667,0,0,157,781,0,0,M,F,1,FALSE,FALSE
i039,i111,chimp,4,Kanyawara,2014,Kanyawara__2014,0,109.683333333333,0,0,140,908,0,0,M,F,1,FALSE,FALSE
i039,i009,chimp,4,Kanyawara,2014,Kanyawara__2014,0,98.8,0,0,122,467,0,0,M,M,1,FALSE,FALSE
i025,i075,chimp,4,Kanyawara,2015,Kanyawara__2015,0,188.466666666667,0,1,1402,4396,0,0,F,M,1,TRUE,FALSE
i025,i017,chimp,4,Kanyawara,2015,Kanyawara__2015,0,186.5,0,2,2956,5263,0,0,F,M,1,FALSE,FALSE
i025,i045,chimp,4,Kanyawara,2015,Kanyawara__2015,0,166.4,0,0,1682,4596,0,0,F,F,1,FALSE,FALSE
i025,i019,chimp,4,Kanyawara,2015,Kanyawara__2015,0,193.3,0,0,2384,4765,0,0,F,F,1,FALSE,FALSE
i025,i060,chimp,4,Kanyawara,2015,Kanyawara__2015,0,176.45,0,0,1290,4351,0,0,F,F,1,FALSE,TRUE
i106,i025,chimp,4,Kanyawara,2015,Kanyawara__2015,1,326.6,8460,0,3563,5488,0,0,M,F,1,FALSE,FALSE
i106,i046,chimp,4,Kanyawara,2015,Kanyawara__2015,1,339.816666666667,360,1,4021,5427,0,0,M,M,1,FALSE,FALSE
i106,i075,chimp,4,Kanyawara,2015,Kanyawara__2015,0,309.133333333333,2160,4,1534,4989,0,0,M,M,1,FALSE,FALSE
i106,i096,chimp,4,Kanyawara,2015,Kanyawara__2015,0,335.85,0,3,2296,5429,1,0,M,F,1,FALSE,FALSE
i106,i017,chimp,4,Kanyawara,2015,Kanyawara__2015,0,307.166666666667,0,9,3582,5362,1,0,M,M,1,FALSE,FALSE
i106,i051,chimp,4,Kanyawara,2015,Kanyawara__2015,0,433.583333333333,2340,6,4315,5462,0,0,M,M,1,FALSE,FALSE
i106,i045,chimp,4,Kanyawara,2015,Kanyawara__2015,0,287.066666666667,180,1,1851,5152,0,0,M,F,1,FALSE,FALSE
i106,i067,chimp,4,Kanyawara,2015,Kanyawara__2015,0,364.616666666667,1560,2,1702,5707,0,0,M,F,1,FALSE,FALSE
i106,i110,chimp,4,Kanyawara,2015,Kanyawara__2015,0,339.466666666667,720,0,3014,6075,0,0,M,F,1,FALSE,FALSE
i106,i043,chimp,4,Kanyawara,2015,Kanyawara__2015,0,328.583333333333,540,2,3279,5242,0,0,M,M,1,FALSE,FALSE
i106,i092,chimp,4,Kanyawara,2015,Kanyawara__2015,0,438.1,3720,12,4042,5573,1,0,M,M,1,FALSE,FALSE
i106,i137,chimp,4,Kanyawara,2015,Kanyawara__2015,0,339.166666666667,0,2,3127,5670,0,0,M,F,1,FALSE,FALSE
i106,i089,chimp,4,Kanyawara,2015,Kanyawara__2015,0,392.133333333333,600,7,2770,5586,0,0,M,F,1,FALSE,FALSE
i106,i003,chimp,4,Kanyawara,2015,Kanyawara__2015,0,398.133333333333,120,7,3051,5667,0,0,M,F,1,FALSE,FALSE
i106,i014,chimp,4,Kanyawara,2015,Kanyawara__2015,0,392.416666666667,3120,5,3329,5354,2,0,M,M,1,FALSE,FALSE
i106,i063,chimp,4,Kanyawara,2015,Kanyawara__2015,0,415.85,2040,1,2342,6234,0,0,M,F,1,FALSE,FALSE
i106,i081,chimp,4,Kanyawara,2015,Kanyawara__2015,0,333.266666666667,720,2,2574,5980,0,0,M,F,1,FALSE,FALSE
i106,i097,chimp,4,Kanyawara,2015,Kanyawara__2015,0,372.483333333333,1800,5,778,5523,0,0,M,F,1,FALSE,FALSE
i106,i064,chimp,4,Kanyawara,2015,Kanyawara__2015,0,398.816666666667,1680,0,2779,5366,2,0,M,M,1,FALSE,FALSE
i106,i019,chimp,4,Kanyawara,2015,Kanyawara__2015,0,313.966666666667,0,1,2483,5391,0,0,M,F,1,FALSE,FALSE
i106,i028,chimp,4,Kanyawara,2015,Kanyawara__2015,0,434.416666666667,720,3,3689,5663,0,0,M,M,1,FALSE,FALSE
i106,i060,chimp,4,Kanyawara,2015,Kanyawara__2015,0,297.116666666667,1500,0,1358,5008,0,0,M,F,1,FALSE,FALSE
i106,i069,chimp,4,Kanyawara,2015,Kanyawara__2015,0,327.983333333333,0,2,2478,5084,0,0,M,M,1,FALSE,FALSE
i106,i111,chimp,4,Kanyawara,2015,Kanyawara__2015,0,375.9,1080,5,2348,5809,0,0,M,F,1,FALSE,FALSE
i106,i009,chimp,4,Kanyawara,2015,Kanyawara__2015,0,444.4,6720,13,3501,5302,2,0,M,M,1,FALSE,FALSE
i046,i025,chimp,4,Kanyawara,2015,Kanyawara__2015,1,219.15,13740,0,4009,4714,0,0,M,F,1,FALSE,FALSE
i046,i075,chimp,4,Kanyawara,2015,Kanyawara__2015,0,201.683333333333,120,0,1518,4677,0,0,M,M,1,FALSE,FALSE
i046,i096,chimp,4,Kanyawara,2015,Kanyawara__2015,0,228.4,120,0,2218,5179,0,0,M,F,1,FALSE,FALSE
i046,i017,chimp,4,Kanyawara,2015,Kanyawara__2015,0,199.716666666667,60,0,3258,5358,0,0,M,M,1,FALSE,FALSE
i046,i045,chimp,4,Kanyawara,2015,Kanyawara__2015,0,179.616666666667,0,0,1790,4885,0,0,M,F,1,FALSE,FALSE
i046,i110,chimp,4,Kanyawara,2015,Kanyawara__2015,0,232.016666666667,0,0,3030,5731,0,0,M,F,1,FALSE,FALSE
i046,i043,chimp,4,Kanyawara,2015,Kanyawara__2015,0,221.133333333333,60,0,3099,5094,0,0,M,M,1,FALSE,FALSE
i046,i137,chimp,4,Kanyawara,2015,Kanyawara__2015,0,231.716666666667,540,0,3055,5414,0,0,M,F,1,FALSE,FALSE
i046,i081,chimp,4,Kanyawara,2015,Kanyawara__2015,0,225.816666666667,360,0,2429,5797,0,0,M,F,1,FALSE,FALSE
i046,i019,chimp,4,Kanyawara,2015,Kanyawara__2015,0,206.516666666667,0,0,2466,5080,0,0,M,F,1,FALSE,FALSE
i046,i060,chimp,4,Kanyawara,2015,Kanyawara__2015,0,189.666666666667,0,0,1361,4677,0,0,M,F,1,FALSE,FALSE
i046,i069,chimp,4,Kanyawara,2015,Kanyawara__2015,0,220.533333333333,300,0,2391,4843,2,0,M,M,1,FALSE,FALSE
i075,i017,chimp,4,Kanyawara,2015,Kanyawara__2015,0,169.033333333333,60,1,1313,4378,0,0,M,M,1,FALSE,FALSE
i075,i045,chimp,4,Kanyawara,2015,Kanyawara__2015,0,148.933333333333,0,0,1139,2611,0,0,M,F,1,FALSE,FALSE
i075,i060,chimp,4,Kanyawara,2015,Kanyawara__2015,0,158.983333333333,660,1,1270,1843,0,0,M,F,1,FALSE,FALSE
i096,i025,chimp,4,Kanyawara,2015,Kanyawara__2015,0,215.183333333333,0,0,2066,4934,0,0,F,F,1,FALSE,FALSE
i096,i075,chimp,4,Kanyawara,2015,Kanyawara__2015,0,197.716666666667,0,1,1021,3451,0,0,F,M,1,FALSE,FALSE
i096,i017,chimp,4,Kanyawara,2015,Kanyawara__2015,1,195.75,25500,0,2555,4338,3,0,F,M,1,FALSE,FALSE
i096,i045,chimp,4,Kanyawara,2015,Kanyawara__2015,0,175.65,0,0,1061,3891,0,0,F,F,1,FALSE,FALSE
i096,i043,chimp,4,Kanyawara,2015,Kanyawara__2015,0,217.166666666667,0,1,1848,4622,0,0,F,M,1,FALSE,FALSE
i096,i081,chimp,4,Kanyawara,2015,Kanyawara__2015,0,221.85,360,3,1976,4527,0,0,F,F,1,FALSE,FALSE
i096,i019,chimp,4,Kanyawara,2015,Kanyawara__2015,0,202.55,0,0,1376,4447,0,0,F,F,1,FALSE,FALSE
i096,i060,chimp,4,Kanyawara,2015,Kanyawara__2015,0,185.7,0,0,896,3419,0,0,F,F,1,FALSE,FALSE
i096,i069,chimp,4,Kanyawara,2015,Kanyawara__2015,0,216.566666666667,0,0,1439,4072,0,0,F,M,1,FALSE,FALSE
i017,i045,chimp,4,Kanyawara,2015,Kanyawara__2015,0,146.966666666667,0,1,1524,4647,0,0,M,F,1,FALSE,FALSE
i017,i060,chimp,4,Kanyawara,2015,Kanyawara__2015,0,157.016666666667,0,3,1119,4415,0,0,M,F,1,FALSE,FALSE
i051,i025,chimp,4,Kanyawara,2015,Kanyawara__2015,0,312.916666666667,5700,2,3443,5609,0,0,M,F,1,FALSE,TRUE
i051,i046,chimp,4,Kanyawara,2015,Kanyawara__2015,0,326.133333333333,720,0,3927,5522,0,0,M,M,1,FALSE,FALSE
i051,i075,chimp,4,Kanyawara,2015,Kanyawara__2015,0,295.45,13860,2,1531,4993,4,0,M,M,1,FALSE,FALSE
i051,i096,chimp,4,Kanyawara,2015,Kanyawara__2015,0,322.166666666667,0,4,2235,5491,0,0,M,F,1,FALSE,FALSE
i051,i017,chimp,4,Kanyawara,2015,Kanyawara__2015,0,293.483333333333,300,6,3558,5387,0,0,M,M,1,FALSE,FALSE
i051,i045,chimp,4,Kanyawara,2015,Kanyawara__2015,0,273.383333333333,120,1,1787,5217,0,0,M,F,1,FALSE,FALSE
i051,i067,chimp,4,Kanyawara,2015,Kanyawara__2015,0,350.933333333333,180,0,1659,5751,0,0,M,F,1,FALSE,FALSE
i051,i110,chimp,4,Kanyawara,2015,Kanyawara__2015,0,325.783333333333,0,0,3010,6080,0,0,M,F,1,FALSE,FALSE
i051,i043,chimp,4,Kanyawara,2015,Kanyawara__2015,0,314.9,0,0,3258,5264,0,0,M,M,1,FALSE,FALSE
i051,i137,chimp,4,Kanyawara,2015,Kanyawara__2015,0,325.483333333333,0,0,3002,5796,0,0,M,F,1,FALSE,FALSE
i051,i089,chimp,4,Kanyawara,2015,Kanyawara__2015,0,378.45,1800,3,2617,5740,0,0,M,F,1,FALSE,FALSE
i051,i003,chimp,4,Kanyawara,2015,Kanyawara__2015,0,384.45,360,1,2931,5788,0,0,M,F,1,FALSE,FALSE
i051,i014,chimp,4,Kanyawara,2015,Kanyawara__2015,0,378.733333333333,1200,18,3227,5457,0,0,M,M,1,FALSE,FALSE
i051,i063,chimp,4,Kanyawara,2015,Kanyawara__2015,0,402.166666666667,540,0,2300,6277,0,0,M,F,1,FALSE,FALSE
i051,i081,chimp,4,Kanyawara,2015,Kanyawara__2015,0,319.583333333333,3060,0,2499,6056,0,0,M,F,1,FALSE,TRUE
i051,i097,chimp,4,Kanyawara,2015,Kanyawara__2015,0,358.8,300,1,771,5531,0,0,M,F,1,FALSE,TRUE
i051,i064,chimp,4,Kanyawara,2015,Kanyawara__2015,0,385.133333333333,11580,3,2821,5325,2,0,M,M,1,FALSE,FALSE
i051,i019,chimp,4,Kanyawara,2015,Kanyawara__2015,0,300.283333333333,600,1,2450,5425,0,0,M,F,1,FALSE,FALSE
i051,i060,chimp,4,Kanyawara,2015,Kanyawara__2015,0,283.433333333333,720,0,1335,5032,0,0,M,F,1,FALSE,TRUE
i051,i069,chimp,4,Kanyawara,2015,Kanyawara__2015,0,314.3,60,3,2433,5130,0,0,M,M,1,FALSE,FALSE
i051,i111,chimp,4,Kanyawara,2015,Kanyawara__2015,0,362.216666666667,120,1,2277,5881,0,0,M,F,1,FALSE,FALSE
i066,i025,chimp,4,Kanyawara,2015,Kanyawara__2015,0,348.033333333333,1260,2,3293,5686,0,0,M,F,1,FALSE,TRUE
i066,i106,chimp,4,Kanyawara,2015,Kanyawara__2015,0,468.7,23340,12,4238,5466,4,0,M,M,1,FALSE,FALSE
i066,i046,chimp,4,Kanyawara,2015,Kanyawara__2015,0,361.25,0,2,3755,5621,0,0,M,M,1,FALSE,FALSE
i066,i075,chimp,4,Kanyawara,2015,Kanyawara__2015,0,330.566666666667,8880,6,1476,4975,8,0,M,M,1,FALSE,FALSE
i066,i096,chimp,4,Kanyawara,2015,Kanyawara__2015,0,357.283333333333,120,3,2247,5406,1,0,M,F,1,FALSE,FALSE
i066,i017,chimp,4,Kanyawara,2015,Kanyawara__2015,0,328.6,180,3,3504,5368,1,0,M,M,1,FALSE,FALSE
i066,i051,chimp,4,Kanyawara,2015,Kanyawara__2015,0,455.016666666667,16860,17,4226,5479,17,0,M,M,1,FALSE,TRUE
i066,i045,chimp,4,Kanyawara,2015,Kanyawara__2015,0,308.5,0,0,1845,5086,0,0,M,F,1,FALSE,FALSE
i066,i067,chimp,4,Kanyawara,2015,Kanyawara__2015,0,386.05,180,1,1680,5657,0,0,M,F,1,FALSE,FALSE
i066,i110,chimp,4,Kanyawara,2015,Kanyawara__2015,0,360.9,0,3,2931,6086,0,0,M,F,1,FALSE,FALSE
i066,i043,chimp,4,Kanyawara,2015,Kanyawara__2015,0,350.016666666667,13500,1,3264,5185,0,0,M,M,1,FALSE,FALSE
i066,i102,chimp,4,Kanyawara,2015,Kanyawara__2015,0,486.083333333333,2940,2,2820,6496,1,0,M,F,1,FALSE,TRUE
i066,i092,chimp,4,Kanyawara,2015,Kanyawara__2015,0,459.533333333333,12660,16,3927,5616,6,0,M,M,1,FALSE,TRUE
i066,i137,chimp,4,Kanyawara,2015,Kanyawara__2015,0,360.6,60,0,2972,5753,0,0,M,F,1,FALSE,FALSE
i066,i089,chimp,4,Kanyawara,2015,Kanyawara__2015,0,413.566666666667,1320,7,2594,5690,0,0,M,F,1,FALSE,FALSE
i066,i003,chimp,4,Kanyawara,2015,Kanyawara__2015,0,419.566666666667,2640,9,2899,5747,0,0,M,F,1,FALSE,FALSE
i066,i014,chimp,4,Kanyawara,2015,Kanyawara__2015,0,413.85,23280,10,3224,5387,17,0,M,M,1,FALSE,FALSE
i066,i063,chimp,4,Kanyawara,2015,Kanyawara__2015,0,437.283333333333,840,2,2247,6257,0,0,M,F,1,FALSE,FALSE
i066,i081,chimp,4,Kanyawara,2015,Kanyawara__2015,0,354.7,960,0,2471,6011,0,0,M,F,1,FALSE,TRUE
i066,i097,chimp,4,Kanyawara,2015,Kanyawara__2015,0,393.916666666667,0,1,732,5497,0,0,M,F,1,FALSE,TRUE
i066,i002,chimp,4,Kanyawara,2015,Kanyawara__2015,0,487.033333333333,3840,5,3058,5718,0,0,M,F,1,FALSE,FALSE
i066,i064,chimp,4,Kanyawara,2015,Kanyawara__2015,0,420.25,18300,2,2610,5463,3,0,M,M,1,FALSE,FALSE
i066,i019,chimp,4,Kanyawara,2015,Kanyawara__2015,0,335.4,660,3,2310,5492,0,0,M,F,1,FALSE,FALSE
i066,i028,chimp,4,Kanyawara,2015,Kanyawara__2015,0,455.85,240,2,3488,5792,0,0,M,M,1,FALSE,FALSE
i066,i060,chimp,4,Kanyawara,2015,Kanyawara__2015,0,318.55,360,2,1296,4998,0,0,M,F,1,FALSE,TRUE
i066,i069,chimp,4,Kanyawara,2015,Kanyawara__2015,0,349.416666666667,60,3,2376,5114,0,0,M,M,1,FALSE,FALSE
i066,i084,chimp,4,Kanyawara,2015,Kanyawara__2015,0,482.05,120,6,2258,5780,0,0,M,F,1,FALSE,FALSE
i066,i111,chimp,4,Kanyawara,2015,Kanyawara__2015,0,397.333333333333,1200,0,2318,5767,0,0,M,F,1,FALSE,FALSE
i066,i009,chimp,4,Kanyawara,2015,Kanyawara__2015,0,465.833333333333,27960,3,3435,5296,9,0,M,M,1,FALSE,FALSE
i067,i025,chimp,4,Kanyawara,2015,Kanyawara__2015,0,243.95,0,0,1601,5083,0,0,F,F,1,FALSE,FALSE
i067,i046,chimp,4,Kanyawara,2015,Kanyawara__2015,0,257.166666666667,0,4,1644,5437,0,0,F,M,1,FALSE,FALSE
i067,i075,chimp,4,Kanyawara,2015,Kanyawara__2015,0,226.483333333333,0,0,749,3407,0,0,F,M,1,FALSE,FALSE
i067,i096,chimp,4,Kanyawara,2015,Kanyawara__2015,0,253.2,0,0,1570,3788,0,0,F,F,1,FALSE,FALSE
i067,i017,chimp,4,Kanyawara,2015,Kanyawara__2015,0,224.516666666667,0,0,1685,4892,0,0,F,M,1,FALSE,FALSE
i067,i045,chimp,4,Kanyawara,2015,Kanyawara__2015,0,204.416666666667,0,0,766,3870,0,0,F,F,1,FALSE,FALSE
i067,i110,chimp,4,Kanyawara,2015,Kanyawara__2015,0,256.816666666667,0,0,1598,5124,0,0,F,F,1,FALSE,FALSE
i067,i043,chimp,4,Kanyawara,2015,Kanyawara__2015,0,245.933333333333,240,0,1340,4814,0,0,F,M,1,FALSE,FALSE
i067,i137,chimp,4,Kanyawara,2015,Kanyawara__2015,0,256.516666666667,0,0,1634,4796,0,0,F,F,1,FALSE,FALSE
i067,i081,chimp,4,Kanyawara,2015,Kanyawara__2015,0,250.616666666667,300,0,1968,4219,1,0,F,F,1,FALSE,FALSE
i067,i019,chimp,4,Kanyawara,2015,Kanyawara__2015,0,231.316666666667,0,2,1290,4217,0,0,F,F,1,FALSE,FALSE
i067,i060,chimp,4,Kanyawara,2015,Kanyawara__2015,0,214.466666666667,0,0,671,3328,0,0,F,F,1,FALSE,FALSE
i067,i069,chimp,4,Kanyawara,2015,Kanyawara__2015,0,245.333333333333,0,2,1082,4113,0,0,F,M,1,FALSE,FALSE
i110,i025,chimp,4,Kanyawara,2015,Kanyawara__2015,0,218.8,0,0,2906,5458,0,0,F,F,1,FALSE,FALSE
i110,i075,chimp,4,Kanyawara,2015,Kanyawara__2015,0,201.333333333333,0,0,1213,4623,0,0,F,M,1,FALSE,FALSE
i110,i096,chimp,4,Kanyawara,2015,Kanyawara__2015,0,228.05,0,0,1830,5208,0,0,F,F,1,FALSE,FALSE
i110,i017,chimp,4,Kanyawara,2015,Kanyawara__2015,0,199.366666666667,0,0,2533,5724,0,0,F,M,1,FALSE,FALSE
i110,i045,chimp,4,Kanyawara,2015,Kanyawara__2015,0,179.266666666667,0,1,1481,4835,0,0,F,F,1,FALSE,FALSE
i110,i043,chimp,4,Kanyawara,2015,Kanyawara__2015,0,220.783333333333,0,0,2436,5398,0,0,F,M,1,FALSE,FALSE
i110,i137,chimp,4,Kanyawara,2015,Kanyawara__2015,0,231.366666666667,0,0,2583,5527,0,0,F,F,1,FALSE,FALSE
i110,i081,chimp,4,Kanyawara,2015,Kanyawara__2015,0,225.466666666667,0,0,2248,5619,0,0,F,F,1,FALSE,FALSE
i110,i019,chimp,4,Kanyawara,2015,Kanyawara__2015,0,206.166666666667,0,0,2138,5049,0,0,F,F,1,FALSE,FALSE
i110,i060,chimp,4,Kanyawara,2015,Kanyawara__2015,0,189.316666666667,0,0,1170,4509,0,0,F,F,1,FALSE,FALSE
i110,i069,chimp,4,Kanyawara,2015,Kanyawara__2015,0,220.183333333333,0,0,1993,4882,0,0,F,M,1,FALSE,FALSE
i043,i025,chimp,4,Kanyawara,2015,Kanyawara__2015,0,207.916666666667,0,2,2757,5039,0,0,M,F,1,FALSE,FALSE
i043,i075,chimp,4,Kanyawara,2015,Kanyawara__2015,0,190.45,0,0,1449,3819,0,0,M,M,1,FALSE,FALSE
i043,i017,chimp,4,Kanyawara,2015,Kanyawara__2015,0,188.483333333333,0,0,2781,4908,0,0,M,M,1,FALSE,FALSE
i043,i045,chimp,4,Kanyawara,2015,Kanyawara__2015,0,168.383333333333,0,0,1751,3997,0,0,M,F,1,FALSE,FALSE
i043,i019,chimp,4,Kanyawara,2015,Kanyawara__2015,0,195.283333333333,0,0,1999,4620,0,0,M,F,1,FALSE,FALSE
i043,i060,chimp,4,Kanyawara,2015,Kanyawara__2015,0,178.433333333333,0,0,1263,3848,0,0,M,F,1,FALSE,FALSE
i043,i069,chimp,4,Kanyawara,2015,Kanyawara__2015,0,209.3,0,0,2241,4066,0,0,M,M,1,FALSE,FALSE
i102,i025,chimp,4,Kanyawara,2015,Kanyawara__2015,0,343.983333333333,180,0,2642,6021,1,0,F,F,1,FALSE,TRUE
i102,i106,chimp,4,Kanyawara,2015,Kanyawara__2015,0,464.65,3420,2,2900,6488,0,0,F,M,1,FALSE,FALSE
i102,i046,chimp,4,Kanyawara,2015,Kanyawara__2015,0,357.2,60,3,2793,6267,0,0,F,M,1,FALSE,FALSE
i102,i075,chimp,4,Kanyawara,2015,Kanyawara__2015,0,326.516666666667,0,0,1177,4958,0,1,F,M,1,FALSE,FALSE
i102,i096,chimp,4,Kanyawara,2015,Kanyawara__2015,0,353.233333333333,60,0,2166,5171,0,0,F,F,1,FALSE,FALSE
i102,i017,chimp,4,Kanyawara,2015,Kanyawara__2015,0,324.55,120,1,2486,6070,0,0,F,M,1,FALSE,FALSE
i102,i051,chimp,4,Kanyawara,2015,Kanyawara__2015,0,450.966666666667,660,1,2874,6515,0,0,F,M,1,FALSE,TRUE
i102,i045,chimp,4,Kanyawara,2015,Kanyawara__2015,0,304.45,0,2,1412,5203,0,0,F,F,1,FALSE,FALSE
i102,i067,chimp,4,Kanyawara,2015,Kanyawara__2015,0,382,180,0,1931,5090,0,0,F,F,1,FALSE,FALSE
i102,i110,chimp,4,Kanyawara,2015,Kanyawara__2015,0,356.85,1080,1,3029,5672,0,0,F,F,1,FALSE,FALSE
i102,i043,chimp,4,Kanyawara,2015,Kanyawara__2015,0,345.966666666667,420,2,2175,5958,0,0,F,M,1,FALSE,FALSE
i102,i092,chimp,4,Kanyawara,2015,Kanyawara__2015,0,455.483333333333,1560,6,2864,6363,0,0,F,M,1,FALSE,TRUE
i102,i137,chimp,4,Kanyawara,2015,Kanyawara__2015,0,356.55,840,0,2813,5596,0,0,F,F,1,FALSE,FALSE
i102,i089,chimp,4,Kanyawara,2015,Kanyawara__2015,0,409.516666666667,240,0,2553,5415,0,0,F,F,1,FALSE,FALSE
i102,i003,chimp,4,Kanyawara,2015,Kanyawara__2015,0,415.516666666667,240,0,2771,5559,0,0,F,F,1,FALSE,FALSE
i102,i014,chimp,4,Kanyawara,2015,Kanyawara__2015,0,409.8,5160,0,2263,6032,0,0,F,M,1,FALSE,FALSE
i102,i063,chimp,4,Kanyawara,2015,Kanyawara__2015,0,433.233333333333,2820,2,2857,5331,1,0,F,F,1,FALSE,FALSE
i102,i081,chimp,4,Kanyawara,2015,Kanyawara__2015,0,350.65,420,2,2533,5633,1,0,F,F,1,FALSE,TRUE
i102,i097,chimp,4,Kanyawara,2015,Kanyawara__2015,0,389.866666666667,60,1,931,4982,0,0,F,F,1,FALSE,TRUE
i102,i064,chimp,4,Kanyawara,2015,Kanyawara__2015,0,416.2,1380,0,1982,5775,0,0,F,M,1,FALSE,FALSE
i102,i019,chimp,4,Kanyawara,2015,Kanyawara__2015,0,331.35,0,0,1996,5490,0,0,F,F,1,FALSE,FALSE
i102,i028,chimp,4,Kanyawara,2015,Kanyawara__2015,0,451.8,2100,0,2722,6242,0,0,F,M,1,FALSE,FALSE
i102,i060,chimp,4,Kanyawara,2015,Kanyawara__2015,0,314.5,0,0,1125,4853,0,0,F,F,1,FALSE,TRUE
i102,i069,chimp,4,Kanyawara,2015,Kanyawara__2015,0,345.366666666667,0,6,1752,5422,0,0,F,M,1,FALSE,FALSE
i102,i084,chimp,4,Kanyawara,2015,Kanyawara__2015,0,478,2880,0,2212,5510,0,0,F,F,1,FALSE,FALSE
i102,i111,chimp,4,Kanyawara,2015,Kanyawara__2015,0,393.283333333333,0,0,2223,5546,0,0,F,F,1,FALSE,FALSE
i102,i009,chimp,4,Kanyawara,2015,Kanyawara__2015,0,461.783333333333,420,0,2348,6067,0,0,F,M,1,FALSE,FALSE
i092,i025,chimp,4,Kanyawara,2015,Kanyawara__2015,0,317.433333333333,180,6,3323,5567,0,0,M,F,1,FALSE,TRUE
i092,i046,chimp,4,Kanyawara,2015,Kanyawara__2015,0,330.65,120,2,3756,5531,0,0,M,M,1,FALSE,FALSE
i092,i075,chimp,4,Kanyawara,2015,Kanyawara__2015,0,299.966666666667,660,3,1398,4964,3,0,M,M,1,FALSE,FALSE
i092,i096,chimp,4,Kanyawara,2015,Kanyawara__2015,0,326.683333333333,180,6,2259,5305,0,0,M,F,1,FALSE,FALSE
i092,i017,chimp,4,Kanyawara,2015,Kanyawara__2015,0,298,0,2,3398,5385,0,0,M,M,1,FALSE,FALSE
i092,i051,chimp,4,Kanyawara,2015,Kanyawara__2015,0,424.416666666667,4620,14,4015,5601,2,0,M,M,1,FALSE,TRUE
i092,i045,chimp,4,Kanyawara,2015,Kanyawara__2015,0,277.9,180,1,1669,5173,0,0,M,F,1,FALSE,FALSE
i092,i067,chimp,4,Kanyawara,2015,Kanyawara__2015,0,355.45,540,2,1658,5590,0,0,M,F,1,FALSE,FALSE
i092,i110,chimp,4,Kanyawara,2015,Kanyawara__2015,0,330.3,1740,4,2887,6041,0,0,M,F,1,FALSE,FALSE
i092,i043,chimp,4,Kanyawara,2015,Kanyawara__2015,0,319.416666666667,0,2,2955,5405,0,0,M,M,1,FALSE,FALSE
i092,i137,chimp,4,Kanyawara,2015,Kanyawara__2015,1,330,0,0,3386,5250,1,0,M,F,1,FALSE,FALSE
i092,i089,chimp,4,Kanyawara,2015,Kanyawara__2015,1,382.966666666667,2880,2,2987,5208,0,0,M,F,1,FALSE,FALSE
i092,i003,chimp,4,Kanyawara,2015,Kanyawara__2015,1,388.966666666667,8940,0,3316,5241,1,0,M,F,1,FALSE,FALSE
i092,i014,chimp,4,Kanyawara,2015,Kanyawara__2015,0,383.25,5040,10,3108,5414,2,0,M,M,1,FALSE,FALSE
i092,i063,chimp,4,Kanyawara,2015,Kanyawara__2015,0,406.683333333333,480,0,2195,6220,0,0,M,F,1,FALSE,FALSE
i092,i081,chimp,4,Kanyawara,2015,Kanyawara__2015,0,324.1,4140,1,2454,5939,0,0,M,F,1,FALSE,TRUE
i092,i097,chimp,4,Kanyawara,2015,Kanyawara__2015,0,363.316666666667,4020,2,712,5428,0,0,M,F,1,FALSE,TRUE
i092,i064,chimp,4,Kanyawara,2015,Kanyawara__2015,0,389.65,1740,10,2570,5414,0,0,M,M,1,FALSE,FALSE
i092,i019,chimp,4,Kanyawara,2015,Kanyawara__2015,0,304.8,600,0,2205,5508,0,0,M,F,1,FALSE,FALSE
i092,i028,chimp,4,Kanyawara,2015,Kanyawara__2015,0,425.25,60,2,3410,5781,1,0,M,M,1,FALSE,FALSE
i092,i060,chimp,4,Kanyawara,2015,Kanyawara__2015,0,287.95,2220,10,1343,4862,0,0,M,F,1,FALSE,TRUE
i092,i069,chimp,4,Kanyawara,2015,Kanyawara__2015,0,318.816666666667,0,0,2271,5130,1,0,M,M,1,FALSE,FALSE
i092,i111,chimp,4,Kanyawara,2015,Kanyawara__2015,0,366.733333333333,120,1,2282,5714,0,0,M,F,1,FALSE,FALSE
i137,i025,chimp,4,Kanyawara,2015,Kanyawara__2015,0,218.5,0,0,2836,5236,0,0,F,F,1,FALSE,FALSE
i137,i075,chimp,4,Kanyawara,2015,Kanyawara__2015,0,201.033333333333,0,0,1127,4417,0,0,F,M,1,FALSE,FALSE
i137,i096,chimp,4,Kanyawara,2015,Kanyawara__2015,0,227.75,300,0,2123,4623,0,0,F,F,1,FALSE,FALSE
i137,i017,chimp,4,Kanyawara,2015,Kanyawara__2015,0,199.066666666667,0,0,2719,5246,0,0,F,M,1,FALSE,FALSE
i137,i045,chimp,4,Kanyawara,2015,Kanyawara__2015,0,178.966666666667,0,0,1355,4669,0,0,F,F,1,FALSE,FALSE
i137,i043,chimp,4,Kanyawara,2015,Kanyawara__2015,0,220.483333333333,0,0,2337,5205,0,0,F,M,1,FALSE,FALSE
i137,i081,chimp,4,Kanyawara,2015,Kanyawara__2015,0,225.166666666667,240,0,2321,5254,0,0,F,F,1,FALSE,FALSE
i137,i019,chimp,4,Kanyawara,2015,Kanyawara__2015,0,205.866666666667,60,0,1896,4999,0,0,F,F,1,FALSE,FALSE
i137,i060,chimp,4,Kanyawara,2015,Kanyawara__2015,0,189.016666666667,180,0,1119,4268,0,0,F,F,1,FALSE,FALSE
i137,i069,chimp,4,Kanyawara,2015,Kanyawara__2015,0,219.883333333333,240,0,1925,4658,0,0,F,M,1,FALSE,FALSE
i089,i025,chimp,4,Kanyawara,2015,Kanyawara__2015,0,271.466666666667,0,0,2548,5083,0,0,F,F,1,FALSE,FALSE
i089,i046,chimp,4,Kanyawara,2015,Kanyawara__2015,0,284.683333333333,120,2,2703,5325,0,0,F,M,1,FALSE,FALSE
i089,i075,chimp,4,Kanyawara,2015,Kanyawara__2015,0,254,0,0,1073,4030,0,0,F,M,1,FALSE,FALSE
i089,i096,chimp,4,Kanyawara,2015,Kanyawara__2015,0,280.716666666667,0,0,1836,4469,0,0,F,F,1,FALSE,FALSE
i089,i017,chimp,4,Kanyawara,2015,Kanyawara__2015,0,252.033333333333,0,2,2338,5186,0,0,F,M,1,FALSE,FALSE
i089,i045,chimp,4,Kanyawara,2015,Kanyawara__2015,0,231.933333333333,0,0,1341,4242,0,0,F,F,1,FALSE,FALSE
i089,i067,chimp,4,Kanyawara,2015,Kanyawara__2015,0,309.483333333333,0,0,1487,4502,0,0,F,F,1,FALSE,FALSE
i089,i110,chimp,4,Kanyawara,2015,Kanyawara__2015,0,284.333333333333,0,0,2271,5398,0,0,F,F,1,FALSE,FALSE
i089,i043,chimp,4,Kanyawara,2015,Kanyawara__2015,0,273.45,0,0,2024,5077,0,0,F,M,1,FALSE,FALSE
i089,i137,chimp,4,Kanyawara,2015,Kanyawara__2015,1,284.033333333333,1440,0,3368,4009,1,0,F,F,1,FALSE,FALSE
i089,i081,chimp,4,Kanyawara,2015,Kanyawara__2015,0,278.133333333333,0,0,2069,5065,0,0,F,F,1,FALSE,FALSE
i089,i097,chimp,4,Kanyawara,2015,Kanyawara__2015,0,317.35,0,0,677,4204,0,0,F,F,1,FALSE,FALSE
i089,i019,chimp,4,Kanyawara,2015,Kanyawara__2015,0,258.833333333333,0,2,1887,4567,0,0,F,F,1,FALSE,FALSE
i089,i060,chimp,4,Kanyawara,2015,Kanyawara__2015,0,241.983333333333,0,0,1073,3873,0,0,F,F,1,FALSE,FALSE
i089,i069,chimp,4,Kanyawara,2015,Kanyawara__2015,0,272.85,0,0,1565,4577,0,0,F,M,1,FALSE,FALSE
i089,i111,chimp,4,Kanyawara,2015,Kanyawara__2015,0,320.766666666667,0,1,1988,4749,0,0,F,F,1,FALSE,FALSE
i003,i025,chimp,4,Kanyawara,2015,Kanyawara__2015,0,277.466666666667,120,0,2771,5222,0,0,F,F,1,FALSE,FALSE
i003,i046,chimp,4,Kanyawara,2015,Kanyawara__2015,0,290.683333333333,0,1,2980,5410,1,0,F,M,1,FALSE,FALSE
i003,i075,chimp,4,Kanyawara,2015,Kanyawara__2015,0,260,60,1,1079,4386,0,0,F,M,1,FALSE,FALSE
i003,i096,chimp,4,Kanyawara,2015,Kanyawara__2015,0,286.716666666667,0,0,2097,4570,0,0,F,F,1,FALSE,FALSE
i003,i017,chimp,4,Kanyawara,2015,Kanyawara__2015,0,258.033333333333,0,0,2649,5237,0,0,F,M,1,FALSE,FALSE
i003,i045,chimp,4,Kanyawara,2015,Kanyawara__2015,0,237.933333333333,0,0,1314,4631,0,0,F,F,1,FALSE,FALSE
i003,i067,chimp,4,Kanyawara,2015,Kanyawara__2015,0,315.483333333333,0,0,1623,4728,0,0,F,F,1,FALSE,FALSE
i003,i110,chimp,4,Kanyawara,2015,Kanyawara__2015,0,290.333333333333,0,0,2563,5468,0,0,F,F,1,FALSE,FALSE
i003,i043,chimp,4,Kanyawara,2015,Kanyawara__2015,0,279.45,0,0,2273,5190,0,0,F,M,1,FALSE,FALSE
i003,i137,chimp,4,Kanyawara,2015,Kanyawara__2015,1,290.033333333333,16320,0,3819,3920,1,0,F,F,1,FALSE,FALSE
i003,i089,chimp,4,Kanyawara,2015,Kanyawara__2015,1,343,19020,0,3372,3926,0,0,F,F,1,FALSE,FALSE
i003,i014,chimp,4,Kanyawara,2015,Kanyawara__2015,0,343.283333333333,900,2,2249,5376,0,0,F,M,1,FALSE,FALSE
i003,i081,chimp,4,Kanyawara,2015,Kanyawara__2015,0,284.133333333333,0,0,2271,5225,0,0,F,F,1,FALSE,FALSE
i003,i097,chimp,4,Kanyawara,2015,Kanyawara__2015,0,323.35,0,0,774,4469,0,0,F,F,1,FALSE,FALSE
i003,i019,chimp,4,Kanyawara,2015,Kanyawara__2015,0,264.833333333333,0,2,1868,4948,0,0,F,F,1,FALSE,FALSE
i003,i060,chimp,4,Kanyawara,2015,Kanyawara__2015,0,247.983333333333,0,0,1109,4199,0,0,F,F,1,FALSE,FALSE
i003,i069,chimp,4,Kanyawara,2015,Kanyawara__2015,0,278.85,0,2,1850,4654,0,0,F,M,1,FALSE,FALSE
i003,i111,chimp,4,Kanyawara,2015,Kanyawara__2015,0,326.766666666667,0,0,2203,4896,0,0,F,F,1,FALSE,FALSE
i014,i025,chimp,4,Kanyawara,2015,Kanyawara__2015,0,271.75,360,1,2636,5322,0,0,M,F,1,FALSE,FALSE
i014,i046,chimp,4,Kanyawara,2015,Kanyawara__2015,0,284.966666666667,360,1,3036,5319,0,0,M,M,1,FALSE,FALSE
i014,i075,chimp,4,Kanyawara,2015,Kanyawara__2015,0,254.283333333333,1560,2,1424,4006,2,0,M,M,1,FALSE,FALSE
i014,i096,chimp,4,Kanyawara,2015,Kanyawara__2015,0,281,0,0,1741,4891,0,0,M,F,1,FALSE,FALSE
i014,i017,chimp,4,Kanyawara,2015,Kanyawara__2015,0,252.316666666667,1020,8,2780,5071,0,0,M,M,1,FALSE,FALSE
i014,i045,chimp,4,Kanyawara,2015,Kanyawara__2015,0,232.216666666667,60,0,1375,4535,0,0,M,F,1,FALSE,FALSE
i014,i067,chimp,4,Kanyawara,2015,Kanyawara__2015,0,309.766666666667,0,1,1295,5021,0,0,M,F,1,FALSE,FALSE
i014,i110,chimp,4,Kanyawara,2015,Kanyawara__2015,0,284.616666666667,2640,4,2408,5588,0,0,M,F,1,FALSE,FALSE
i014,i043,chimp,4,Kanyawara,2015,Kanyawara__2015,0,273.733333333333,1500,0,2633,4795,0,0,M,M,1,FALSE,FALSE
i014,i137,chimp,4,Kanyawara,2015,Kanyawara__2015,0,284.316666666667,420,1,2313,5391,0,0,M,F,1,FALSE,FALSE
i014,i089,chimp,4,Kanyawara,2015,Kanyawara__2015,0,337.283333333333,1080,2,1955,5308,0,0,M,F,1,FALSE,FALSE
i014,i081,chimp,4,Kanyawara,2015,Kanyawara__2015,0,278.416666666667,1320,1,1897,5564,0,0,M,F,1,FALSE,FALSE
i014,i097,chimp,4,Kanyawara,2015,Kanyawara__2015,0,317.633333333333,1080,0,607,4601,0,0,M,F,1,FALSE,FALSE
i014,i019,chimp,4,Kanyawara,2015,Kanyawara__2015,0,259.116666666667,4920,2,1629,5152,0,0,M,F,1,FALSE,FALSE
i014,i060,chimp,4,Kanyawara,2015,Kanyawara__2015,0,242.266666666667,780,0,1226,4047,0,0,M,F,1,FALSE,FALSE
i014,i069,chimp,4,Kanyawara,2015,Kanyawara__2015,0,273.133333333333,60,0,2193,4276,0,0,M,M,1,FALSE,FALSE
i014,i111,chimp,4,Kanyawara,2015,Kanyawara__2015,0,321.05,720,0,1752,5312,0,0,M,F,1,FALSE,FALSE
i063,i025,chimp,4,Kanyawara,2015,Kanyawara__2015,0,295.183333333333,0,0,2248,5603,0,0,F,F,1,FALSE,FALSE
i063,i046,chimp,4,Kanyawara,2015,Kanyawara__2015,0,308.4,0,0,2313,5935,0,0,F,M,1,FALSE,FALSE
i063,i075,chimp,4,Kanyawara,2015,Kanyawara__2015,0,277.716666666667,360,0,1061,4262,0,1,F,M,1,FALSE,FALSE
i063,i096,chimp,4,Kanyawara,2015,Kanyawara__2015,0,304.433333333333,0,0,1727,4798,0,0,F,F,1,FALSE,FALSE
i063,i017,chimp,4,Kanyawara,2015,Kanyawara__2015,0,275.75,540,2,1983,5761,0,0,F,M,1,FALSE,FALSE
i063,i045,chimp,4,Kanyawara,2015,Kanyawara__2015,0,255.65,0,0,1198,4605,0,0,F,F,1,FALSE,FALSE
i063,i067,chimp,4,Kanyawara,2015,Kanyawara__2015,0,333.2,0,0,1872,4337,0,0,F,F,1,FALSE,FALSE
i063,i110,chimp,4,Kanyawara,2015,Kanyawara__2015,0,308.05,240,0,2435,5454,0,0,F,F,1,FALSE,FALSE
i063,i043,chimp,4,Kanyawara,2015,Kanyawara__2015,0,297.166666666667,0,0,1917,5404,0,0,F,M,1,FALSE,FALSE
i063,i137,chimp,4,Kanyawara,2015,Kanyawara__2015,0,307.75,120,0,2186,5411,0,0,F,F,1,FALSE,FALSE
i063,i089,chimp,4,Kanyawara,2015,Kanyawara__2015,0,360.716666666667,0,0,2015,5141,0,0,F,F,1,FALSE,FALSE
i063,i003,chimp,4,Kanyawara,2015,Kanyawara__2015,0,366.716666666667,0,1,2158,5360,0,0,F,F,1,FALSE,FALSE
i063,i014,chimp,4,Kanyawara,2015,Kanyawara__2015,0,361,3240,0,1883,5600,0,0,F,M,1,FALSE,FALSE
i063,i081,chimp,4,Kanyawara,2015,Kanyawara__2015,0,301.85,720,1,2374,4980,2,0,F,F,1,FALSE,FALSE
i063,i097,chimp,4,Kanyawara,2015,Kanyawara__2015,0,341.066666666667,4260,0,1128,3973,0,0,F,F,1,FALSE,FALSE
i063,i064,chimp,4,Kanyawara,2015,Kanyawara__2015,0,367.4,180,0,1666,5279,0,0,F,M,1,FALSE,FALSE
i063,i019,chimp,4,Kanyawara,2015,Kanyawara__2015,0,282.55,0,0,1834,4840,0,0,F,F,1,FALSE,FALSE
i063,i060,chimp,4,Kanyawara,2015,Kanyawara__2015,0,265.7,0,0,992,4174,0,0,F,F,1,FALSE,FALSE
i063,i069,chimp,4,Kanyawara,2015,Kanyawara__2015,0,296.566666666667,0,2,1626,4736,0,0,F,M,1,FALSE,FALSE
i063,i111,chimp,4,Kanyawara,2015,Kanyawara__2015,0,344.483333333333,0,1,2041,4916,2,0,F,F,1,FALSE,FALSE
i081,i025,chimp,4,Kanyawara,2015,Kanyawara__2015,0,212.6,0,0,2355,5474,0,0,F,F,1,TRUE,TRUE
i081,i075,chimp,4,Kanyawara,2015,Kanyawara__2015,0,195.133333333333,180,0,1132,4169,0,0,F,M,1,TRUE,FALSE
i081,i017,chimp,4,Kanyawara,2015,Kanyawara__2015,0,193.166666666667,780,2,2390,5332,0,0,F,M,1,FALSE,FALSE
i081,i045,chimp,4,Kanyawara,2015,Kanyawara__2015,0,173.066666666667,0,0,1168,4613,0,0,F,F,1,FALSE,FALSE
i081,i043,chimp,4,Kanyawara,2015,Kanyawara__2015,0,214.583333333333,0,1,1903,5396,0,0,F,M,1,FALSE,FALSE
i081,i019,chimp,4,Kanyawara,2015,Kanyawara__2015,0,199.966666666667,1080,0,1764,4888,0,0,F,F,1,FALSE,FALSE
i081,i060,chimp,4,Kanyawara,2015,Kanyawara__2015,0,183.116666666667,0,0,1016,4128,0,0,F,F,1,FALSE,TRUE
i081,i069,chimp,4,Kanyawara,2015,Kanyawara__2015,0,213.983333333333,0,0,1579,4761,0,0,F,M,1,FALSE,FALSE
i097,i025,chimp,4,Kanyawara,2015,Kanyawara__2015,0,251.816666666667,0,0,696,4880,0,0,F,F,1,TRUE,TRUE
i097,i046,chimp,4,Kanyawara,2015,Kanyawara__2015,0,265.033333333333,1860,4,745,5228,0,0,F,M,1,FALSE,FALSE
i097,i075,chimp,4,Kanyawara,2015,Kanyawara__2015,0,234.35,0,0,326,2722,0,0,F,M,1,TRUE,FALSE
i097,i096,chimp,4,Kanyawara,2015,Kanyawara__2015,0,261.066666666667,0,0,695,3555,0,0,F,F,1,FALSE,FALSE
i097,i017,chimp,4,Kanyawara,2015,Kanyawara__2015,0,232.383333333333,0,4,740,4729,0,0,F,M,1,FALSE,FALSE
i097,i045,chimp,4,Kanyawara,2015,Kanyawara__2015,0,212.283333333333,0,0,343,3185,0,0,F,F,1,FALSE,FALSE
i097,i067,chimp,4,Kanyawara,2015,Kanyawara__2015,0,289.833333333333,0,0,767,3167,0,0,F,F,1,FALSE,FALSE
i097,i110,chimp,4,Kanyawara,2015,Kanyawara__2015,0,264.683333333333,0,0,719,4895,0,0,F,F,1,FALSE,FALSE
i097,i043,chimp,4,Kanyawara,2015,Kanyawara__2015,0,253.8,0,0,588,4458,0,0,F,M,1,FALSE,FALSE
i097,i137,chimp,4,Kanyawara,2015,Kanyawara__2015,0,264.383333333333,480,0,795,4527,0,0,F,F,1,FALSE,FALSE
i097,i081,chimp,4,Kanyawara,2015,Kanyawara__2015,0,258.483333333333,0,1,944,4135,0,0,F,F,1,TRUE,TRUE
i097,i019,chimp,4,Kanyawara,2015,Kanyawara__2015,0,239.183333333333,300,0,520,3879,0,0,F,F,1,FALSE,FALSE
i097,i060,chimp,4,Kanyawara,2015,Kanyawara__2015,0,222.333333333333,0,0,258,2633,0,0,F,F,1,FALSE,TRUE
i097,i069,chimp,4,Kanyawara,2015,Kanyawara__2015,0,253.2,240,1,524,3563,0,0,F,M,1,FALSE,FALSE
i002,i025,chimp,4,Kanyawara,2015,Kanyawara__2015,0,344.933333333333,0,0,2798,5325,2,0,F,F,1,FALSE,FALSE
i002,i106,chimp,4,Kanyawara,2015,Kanyawara__2015,0,465.6,1620,9,3155,5693,0,0,F,M,1,FALSE,FALSE
i002,i046,chimp,4,Kanyawara,2015,Kanyawara__2015,0,358.15,0,0,3043,5477,0,0,F,M,1,FALSE,FALSE
i002,i075,chimp,4,Kanyawara,2015,Kanyawara__2015,0,327.466666666667,0,4,1374,4221,0,0,F,M,1,FALSE,FALSE
i002,i096,chimp,4,Kanyawara,2015,Kanyawara__2015,0,354.183333333333,180,0,1747,5050,1,0,F,F,1,FALSE,FALSE
i002,i017,chimp,4,Kanyawara,2015,Kanyawara__2015,0,325.5,120,3,2689,5327,0,0,F,M,1,FALSE,FALSE
i002,i051,chimp,4,Kanyawara,2015,Kanyawara__2015,0,451.916666666667,10320,7,3237,5612,0,0,F,M,1,FALSE,FALSE
i002,i045,chimp,4,Kanyawara,2015,Kanyawara__2015,0,305.4,0,0,1493,4582,0,0,F,F,1,FALSE,FALSE
i002,i067,chimp,4,Kanyawara,2015,Kanyawara__2015,0,382.95,0,0,1273,5208,0,0,F,F,1,FALSE,FALSE
i002,i110,chimp,4,Kanyawara,2015,Kanyawara__2015,0,357.8,2040,0,2669,5492,0,0,F,F,1,FALSE,FALSE
i002,i043,chimp,4,Kanyawara,2015,Kanyawara__2015,0,346.916666666667,0,0,2574,5019,0,0,F,M,1,FALSE,FALSE
i002,i102,chimp,4,Kanyawara,2015,Kanyawara__2015,0,482.983333333333,360,0,2430,6030,0,0,F,F,1,FALSE,FALSE
i002,i092,chimp,4,Kanyawara,2015,Kanyawara__2015,0,456.433333333333,540,7,2965,5722,0,0,F,M,1,FALSE,FALSE
i002,i137,chimp,4,Kanyawara,2015,Kanyawara__2015,0,357.5,0,0,2411,5458,0,0,F,F,1,FALSE,FALSE
i002,i089,chimp,4,Kanyawara,2015,Kanyawara__2015,0,410.466666666667,60,0,2062,5366,0,0,F,F,1,FALSE,FALSE
i002,i003,chimp,4,Kanyawara,2015,Kanyawara__2015,0,416.466666666667,0,0,2385,5405,1,0,F,F,1,FALSE,FALSE
i002,i014,chimp,4,Kanyawara,2015,Kanyawara__2015,0,410.75,11280,7,2839,4916,0,0,F,M,1,FALSE,FALSE
i002,i063,chimp,4,Kanyawara,2015,Kanyawara__2015,0,434.183333333333,0,2,1973,5675,0,0,F,F,1,FALSE,FALSE
i002,i081,chimp,4,Kanyawara,2015,Kanyawara__2015,0,351.6,120,3,1956,5670,1,0,F,F,1,FALSE,FALSE
i002,i097,chimp,4,Kanyawara,2015,Kanyawara__2015,0,390.816666666667,0,0,578,4795,0,0,F,F,1,FALSE,FALSE
i002,i064,chimp,4,Kanyawara,2015,Kanyawara__2015,1,417.15,10620,0,2217,5000,0,0,F,M,1,FALSE,FALSE
i002,i019,chimp,4,Kanyawara,2015,Kanyawara__2015,1,332.3,17640,0,2009,4937,0,0,F,F,1,FALSE,FALSE
i002,i028,chimp,4,Kanyawara,2015,Kanyawara__2015,1,452.75,9180,0,2996,5428,2,0,F,M,1,FALSE,FALSE
i002,i060,chimp,4,Kanyawara,2015,Kanyawara__2015,0,315.45,0,0,1341,4097,0,0,F,F,1,FALSE,FALSE
i002,i069,chimp,4,Kanyawara,2015,Kanyawara__2015,0,346.316666666667,0,4,2237,4397,0,0,F,M,1,FALSE,FALSE
i002,i084,chimp,4,Kanyawara,2015,Kanyawara__2015,0,478.95,0,0,2178,5004,0,0,F,F,1,FALSE,FALSE
i002,i111,chimp,4,Kanyawara,2015,Kanyawara__2015,0,394.233333333333,60,2,1861,5368,2,0,F,F,1,FALSE,FALSE
i002,i009,chimp,4,Kanyawara,2015,Kanyawara__2015,0,462.733333333333,720,0,2491,5384,0,0,F,M,1,FALSE,FALSE
i064,i025,chimp,4,Kanyawara,2015,Kanyawara__2015,0,278.15,900,1,2247,5173,0,0,M,F,1,TRUE,FALSE
i064,i046,chimp,4,Kanyawara,2015,Kanyawara__2015,0,291.366666666667,60,0,2569,5248,0,0,M,M,1,FALSE,FALSE
i064,i075,chimp,4,Kanyawara,2015,Kanyawara__2015,0,260.683333333333,1980,1,1386,3506,0,0,M,M,1,TRUE,FALSE
i064,i096,chimp,4,Kanyawara,2015,Kanyawara__2015,0,287.4,0,1,1532,4562,0,0,M,F,1,FALSE,FALSE
i064,i017,chimp,4,Kanyawara,2015,Kanyawara__2015,0,258.716666666667,660,0,2209,5104,0,0,M,M,1,FALSE,FALSE
i064,i045,chimp,4,Kanyawara,2015,Kanyawara__2015,0,238.616666666667,0,1,1379,3993,0,0,M,F,1,FALSE,FALSE
i064,i067,chimp,4,Kanyawara,2015,Kanyawara__2015,0,316.166666666667,0,0,1143,4635,0,0,M,F,1,FALSE,FALSE
i064,i110,chimp,4,Kanyawara,2015,Kanyawara__2015,0,291.016666666667,360,0,2096,5362,0,0,M,F,1,FALSE,FALSE
i064,i043,chimp,4,Kanyawara,2015,Kanyawara__2015,0,280.133333333333,0,0,2105,4785,0,0,M,M,1,FALSE,FALSE
i064,i137,chimp,4,Kanyawara,2015,Kanyawara__2015,0,290.716666666667,0,0,1996,5170,0,0,M,F,1,FALSE,FALSE
i064,i089,chimp,4,Kanyawara,2015,Kanyawara__2015,0,343.683333333333,1020,0,1850,4875,0,0,M,F,1,FALSE,FALSE
i064,i003,chimp,4,Kanyawara,2015,Kanyawara__2015,0,349.683333333333,360,0,1947,5140,0,0,M,F,1,FALSE,FALSE
i064,i014,chimp,4,Kanyawara,2015,Kanyawara__2015,0,343.966666666667,1380,0,2222,4830,2,0,M,M,1,FALSE,FALSE
i064,i081,chimp,4,Kanyawara,2015,Kanyawara__2015,0,284.816666666667,3000,1,1749,5174,0,0,M,F,1,TRUE,FALSE
i064,i097,chimp,4,Kanyawara,2015,Kanyawara__2015,0,324.033333333333,360,1,545,4125,0,0,M,F,1,TRUE,FALSE
i064,i019,chimp,4,Kanyawara,2015,Kanyawara__2015,1,265.516666666667,180,0,1831,4412,0,0,M,F,1,FALSE,FALSE
i064,i060,chimp,4,Kanyawara,2015,Kanyawara__2015,0,248.666666666667,600,0,1212,3523,0,0,M,F,1,FALSE,FALSE
i064,i069,chimp,4,Kanyawara,2015,Kanyawara__2015,0,279.533333333333,240,1,1813,4118,0,0,M,M,1,FALSE,FALSE
i064,i111,chimp,4,Kanyawara,2015,Kanyawara__2015,0,327.45,660,0,1566,4960,0,0,M,F,1,FALSE,FALSE
i019,i075,chimp,4,Kanyawara,2015,Kanyawara__2015,0,175.833333333333,0,0,1338,3283,0,0,F,M,1,FALSE,FALSE
i019,i017,chimp,4,Kanyawara,2015,Kanyawara__2015,0,173.866666666667,0,0,1940,5102,0,0,F,M,1,FALSE,FALSE
i019,i045,chimp,4,Kanyawara,2015,Kanyawara__2015,0,153.766666666667,780,2,1554,3547,0,0,F,F,1,FALSE,FALSE
i019,i060,chimp,4,Kanyawara,2015,Kanyawara__2015,0,163.816666666667,0,0,1252,3212,0,0,F,F,1,FALSE,FALSE
i028,i025,chimp,4,Kanyawara,2015,Kanyawara__2015,0,313.75,0,0,3014,5613,0,0,M,F,1,FALSE,FALSE
i028,i046,chimp,4,Kanyawara,2015,Kanyawara__2015,0,326.966666666667,780,1,3345,5679,0,0,M,M,1,FALSE,FALSE
i028,i075,chimp,4,Kanyawara,2015,Kanyawara__2015,0,296.283333333333,0,0,1360,4739,0,0,M,M,1,FALSE,FALSE
i028,i096,chimp,4,Kanyawara,2015,Kanyawara__2015,0,323,0,2,2045,5256,0,0,M,F,1,FALSE,FALSE
i028,i017,chimp,4,Kanyawara,2015,Kanyawara__2015,0,294.316666666667,480,0,3040,5480,0,0,M,M,1,FALSE,FALSE
i028,i051,chimp,4,Kanyawara,2015,Kanyawara__2015,0,420.733333333333,2400,4,3622,5731,0,0,M,M,1,FALSE,FALSE
i028,i045,chimp,4,Kanyawara,2015,Kanyawara__2015,0,274.216666666667,2100,3,1726,4853,0,0,M,F,1,FALSE,FALSE
i028,i067,chimp,4,Kanyawara,2015,Kanyawara__2015,0,351.766666666667,1140,0,1572,5413,0,0,M,F,1,FALSE,FALSE
i028,i110,chimp,4,Kanyawara,2015,Kanyawara__2015,0,326.616666666667,60,0,2702,5963,0,0,M,F,1,FALSE,FALSE
i028,i043,chimp,4,Kanyawara,2015,Kanyawara__2015,0,315.733333333333,1260,2,2657,5440,0,0,M,M,1,FALSE,FALSE
i028,i137,chimp,4,Kanyawara,2015,Kanyawara__2015,0,326.316666666667,0,0,2714,5659,0,0,M,F,1,FALSE,FALSE
i028,i089,chimp,4,Kanyawara,2015,Kanyawara__2015,0,379.283333333333,0,4,2568,5364,0,0,M,F,1,FALSE,FALSE
i028,i003,chimp,4,Kanyawara,2015,Kanyawara__2015,0,385.283333333333,120,0,2676,5618,1,0,M,F,1,FALSE,FALSE
i028,i014,chimp,4,Kanyawara,2015,Kanyawara__2015,0,379.566666666667,300,2,2791,5468,0,0,M,M,1,FALSE,FALSE
i028,i063,chimp,4,Kanyawara,2015,Kanyawara__2015,0,403,1500,1,2149,6003,0,0,M,F,1,FALSE,FALSE
i028,i081,chimp,4,Kanyawara,2015,Kanyawara__2015,0,320.416666666667,1620,1,2317,5813,0,0,M,F,1,FALSE,FALSE
i028,i097,chimp,4,Kanyawara,2015,Kanyawara__2015,0,359.633333333333,540,1,592,5285,0,0,M,F,1,FALSE,FALSE
i028,i064,chimp,4,Kanyawara,2015,Kanyawara__2015,1,385.966666666667,0,1,2782,4939,1,0,M,M,1,FALSE,FALSE
i028,i019,chimp,4,Kanyawara,2015,Kanyawara__2015,1,301.116666666667,0,0,2299,5151,0,0,M,F,1,FALSE,FALSE
i028,i060,chimp,4,Kanyawara,2015,Kanyawara__2015,0,284.266666666667,0,0,1244,4698,0,0,M,F,1,FALSE,FALSE
i028,i069,chimp,4,Kanyawara,2015,Kanyawara__2015,0,315.133333333333,0,1,1960,5178,0,0,M,M,1,FALSE,FALSE
i028,i111,chimp,4,Kanyawara,2015,Kanyawara__2015,0,363.05,60,3,2143,5590,0,0,M,F,1,FALSE,FALSE
i060,i045,chimp,4,Kanyawara,2015,Kanyawara__2015,0,136.916666666667,0,1,1108,2485,0,0,F,F,1,FALSE,FALSE
i069,i025,chimp,4,Kanyawara,2015,Kanyawara__2015,0,207.316666666667,0,0,2193,4644,0,0,M,F,1,FALSE,FALSE
i069,i075,chimp,4,Kanyawara,2015,Kanyawara__2015,0,189.85,960,0,1550,2759,0,0,M,M,1,FALSE,FALSE
i069,i017,chimp,4,Kanyawara,2015,Kanyawara__2015,0,187.883333333333,0,0,2053,4677,0,0,M,M,1,FALSE,FALSE
i069,i045,chimp,4,Kanyawara,2015,Kanyawara__2015,0,167.783333333333,0,0,1344,3445,0,0,M,F,1,FALSE,FALSE
i069,i019,chimp,4,Kanyawara,2015,Kanyawara__2015,0,194.683333333333,0,2,1701,3959,0,0,M,F,1,FALSE,FALSE
i069,i060,chimp,4,Kanyawara,2015,Kanyawara__2015,1,177.833333333333,1560,0,1408,2744,0,0,M,F,1,FALSE,FALSE
i084,i025,chimp,4,Kanyawara,2015,Kanyawara__2015,0,339.95,0,0,2098,5287,0,0,F,F,1,TRUE,FALSE
i084,i106,chimp,4,Kanyawara,2015,Kanyawara__2015,0,460.616666666667,2460,8,2418,5692,0,0,F,M,1,FALSE,FALSE
i084,i046,chimp,4,Kanyawara,2015,Kanyawara__2015,0,353.166666666667,360,0,2337,5445,0,0,F,M,1,FALSE,FALSE
i084,i075,chimp,4,Kanyawara,2015,Kanyawara__2015,0,322.483333333333,0,15,1303,3554,0,0,F,M,1,TRUE,FALSE
i084,i096,chimp,4,Kanyawara,2015,Kanyawara__2015,0,349.2,0,0,1389,4670,0,0,F,F,1,FALSE,FALSE
i084,i017,chimp,4,Kanyawara,2015,Kanyawara__2015,0,320.516666666667,0,2,1888,5390,0,0,F,M,1,FALSE,FALSE
i084,i051,chimp,4,Kanyawara,2015,Kanyawara__2015,0,446.933333333333,4620,4,2480,5631,0,0,F,M,1,FALSE,FALSE
i084,i045,chimp,4,Kanyawara,2015,Kanyawara__2015,0,300.416666666667,360,1,1347,3990,0,0,F,F,1,FALSE,FALSE
i084,i067,chimp,4,Kanyawara,2015,Kanyawara__2015,0,377.966666666667,0,0,1087,4656,0,0,F,F,1,FALSE,FALSE
i084,i110,chimp,4,Kanyawara,2015,Kanyawara__2015,0,352.816666666667,0,1,2329,5094,0,0,F,F,1,FALSE,FALSE
i084,i043,chimp,4,Kanyawara,2015,Kanyawara__2015,0,341.933333333333,0,0,1891,4964,0,0,F,M,1,FALSE,FALSE
i084,i092,chimp,4,Kanyawara,2015,Kanyawara__2015,0,451.45,2280,1,2354,5595,0,0,F,M,1,FALSE,FALSE
i084,i137,chimp,4,Kanyawara,2015,Kanyawara__2015,0,352.516666666667,0,0,1894,5237,0,0,F,F,1,FALSE,FALSE
i084,i089,chimp,4,Kanyawara,2015,Kanyawara__2015,0,405.483333333333,0,0,1778,4912,0,0,F,F,1,FALSE,FALSE
i084,i003,chimp,4,Kanyawara,2015,Kanyawara__2015,0,411.483333333333,0,0,1844,5208,0,0,F,F,1,FALSE,FALSE
i084,i014,chimp,4,Kanyawara,2015,Kanyawara__2015,0,405.766666666667,4020,0,2125,4892,0,0,F,M,1,FALSE,FALSE
i084,i063,chimp,4,Kanyawara,2015,Kanyawara__2015,0,429.2,0,0,1869,5041,0,0,F,F,1,FALSE,FALSE
i084,i081,chimp,4,Kanyawara,2015,Kanyawara__2015,0,346.616666666667,0,0,1551,5337,0,0,F,F,1,TRUE,FALSE
i084,i097,chimp,4,Kanyawara,2015,Kanyawara__2015,0,385.833333333333,0,0,511,4124,0,0,F,F,1,TRUE,FALSE
i084,i064,chimp,4,Kanyawara,2015,Kanyawara__2015,0,412.166666666667,19680,3,2368,4111,0,0,F,M,1,TRUE,FALSE
i084,i019,chimp,4,Kanyawara,2015,Kanyawara__2015,0,327.316666666667,0,0,1851,4357,0,0,F,F,1,FALSE,FALSE
i084,i028,chimp,4,Kanyawara,2015,Kanyawara__2015,0,447.766666666667,5040,6,2375,5311,0,0,F,M,1,FALSE,FALSE
i084,i060,chimp,4,Kanyawara,2015,Kanyawara__2015,0,310.466666666667,0,0,1193,3507,0,0,F,F,1,FALSE,FALSE
i084,i069,chimp,4,Kanyawara,2015,Kanyawara__2015,0,341.333333333333,0,5,1693,4203,0,0,F,M,1,FALSE,FALSE
i084,i111,chimp,4,Kanyawara,2015,Kanyawara__2015,0,389.25,0,0,1433,5058,0,0,F,F,1,FALSE,FALSE
i084,i009,chimp,4,Kanyawara,2015,Kanyawara__2015,0,457.75,0,1,2047,5090,0,0,F,M,1,FALSE,FALSE
i111,i025,chimp,4,Kanyawara,2015,Kanyawara__2015,0,255.233333333333,0,0,2197,5235,1,0,F,F,1,FALSE,FALSE
i111,i046,chimp,4,Kanyawara,2015,Kanyawara__2015,0,268.45,0,1,2286,5543,0,0,F,M,1,FALSE,FALSE
i111,i075,chimp,4,Kanyawara,2015,Kanyawara__2015,0,237.766666666667,0,2,1053,3851,0,0,F,M,1,FALSE,FALSE
i111,i096,chimp,4,Kanyawara,2015,Kanyawara__2015,0,264.483333333333,0,0,1898,4208,0,0,F,F,1,FALSE,FALSE
i111,i017,chimp,4,Kanyawara,2015,Kanyawara__2015,0,235.8,180,1,2232,5093,0,0,F,M,1,FALSE,FALSE
i111,i045,chimp,4,Kanyawara,2015,Kanyawara__2015,0,215.7,0,0,1201,4183,0,0,F,F,1,FALSE,FALSE
i111,i067,chimp,4,Kanyawara,2015,Kanyawara__2015,0,293.25,0,0,1708,4082,1,0,F,F,1,FALSE,FALSE
i111,i110,chimp,4,Kanyawara,2015,Kanyawara__2015,0,268.1,0,0,2071,5399,0,0,F,F,1,FALSE,FALSE
i111,i043,chimp,4,Kanyawara,2015,Kanyawara__2015,0,257.216666666667,0,0,1788,5114,0,0,F,M,1,FALSE,FALSE
i111,i137,chimp,4,Kanyawara,2015,Kanyawara__2015,0,267.8,360,2,2239,4939,0,0,F,F,1,FALSE,FALSE
i111,i081,chimp,4,Kanyawara,2015,Kanyawara__2015,0,261.9,420,2,2829,4106,7,0,F,F,1,FALSE,FALSE
i111,i097,chimp,4,Kanyawara,2015,Kanyawara__2015,0,301.116666666667,0,1,896,3786,0,0,F,F,1,FALSE,FALSE
i111,i019,chimp,4,Kanyawara,2015,Kanyawara__2015,0,242.6,0,0,1535,4720,0,0,F,F,1,FALSE,FALSE
i111,i060,chimp,4,Kanyawara,2015,Kanyawara__2015,0,225.75,0,0,952,3795,0,0,F,F,1,FALSE,FALSE
i111,i069,chimp,4,Kanyawara,2015,Kanyawara__2015,0,256.616666666667,60,8,1454,4489,0,0,F,M,1,FALSE,FALSE
i009,i025,chimp,4,Kanyawara,2015,Kanyawara__2015,0,323.733333333333,660,2,2779,5299,0,0,M,F,1,FALSE,FALSE
i009,i046,chimp,4,Kanyawara,2015,Kanyawara__2015,0,336.95,660,0,3098,5377,0,0,M,M,1,FALSE,FALSE
i009,i075,chimp,4,Kanyawara,2015,Kanyawara__2015,0,306.266666666667,4680,1,1395,4155,4,0,M,M,1,FALSE,FALSE
i009,i096,chimp,4,Kanyawara,2015,Kanyawara__2015,0,332.983333333333,0,2,1937,4815,1,0,M,F,1,FALSE,FALSE
i009,i017,chimp,4,Kanyawara,2015,Kanyawara__2015,0,304.3,1320,1,2914,5057,1,0,M,M,1,FALSE,FALSE
i009,i051,chimp,4,Kanyawara,2015,Kanyawara__2015,0,430.716666666667,3060,4,3465,5339,3,0,M,M,1,FALSE,FALSE
i009,i045,chimp,4,Kanyawara,2015,Kanyawara__2015,0,284.2,0,0,1631,4399,0,0,M,F,1,FALSE,FALSE
i009,i067,chimp,4,Kanyawara,2015,Kanyawara__2015,0,361.75,0,0,1385,5051,0,0,M,F,1,FALSE,FALSE
i009,i110,chimp,4,Kanyawara,2015,Kanyawara__2015,0,336.6,0,0,2393,5723,0,0,M,F,1,FALSE,FALSE
i009,i043,chimp,4,Kanyawara,2015,Kanyawara__2015,0,325.716666666667,8700,0,2921,4627,0,0,M,M,1,FALSE,FALSE
i009,i092,chimp,4,Kanyawara,2015,Kanyawara__2015,0,435.233333333333,1920,7,3150,5492,3,0,M,M,1,FALSE,FALSE
i009,i137,chimp,4,Kanyawara,2015,Kanyawara__2015,0,336.3,0,0,2354,5470,0,0,M,F,1,FALSE,FALSE
i009,i089,chimp,4,Kanyawara,2015,Kanyawara__2015,0,389.266666666667,0,2,2064,5319,0,0,M,F,1,FALSE,FALSE
i009,i003,chimp,4,Kanyawara,2015,Kanyawara__2015,0,395.266666666667,1200,2,2305,5440,0,0,M,F,1,FALSE,FALSE
i009,i014,chimp,4,Kanyawara,2015,Kanyawara__2015,0,389.55,8220,3,2638,5072,2,0,M,M,1,FALSE,FALSE
i009,i063,chimp,4,Kanyawara,2015,Kanyawara__2015,0,412.983333333333,0,0,1894,5709,0,0,M,F,1,FALSE,FALSE
i009,i081,chimp,4,Kanyawara,2015,Kanyawara__2015,0,330.4,1020,0,2046,5535,0,0,M,F,1,FALSE,FALSE
i009,i097,chimp,4,Kanyawara,2015,Kanyawara__2015,0,369.616666666667,0,0,558,4770,0,0,M,F,1,FALSE,FALSE
i009,i064,chimp,4,Kanyawara,2015,Kanyawara__2015,0,395.95,14220,1,2453,4719,1,0,M,M,1,FALSE,FALSE
i009,i019,chimp,4,Kanyawara,2015,Kanyawara__2015,0,311.1,2460,0,1962,4939,0,0,M,F,1,FALSE,FALSE
i009,i028,chimp,4,Kanyawara,2015,Kanyawara__2015,0,431.55,780,0,3019,5360,0,0,M,M,1,FALSE,FALSE
i009,i060,chimp,4,Kanyawara,2015,Kanyawara__2015,0,294.25,600,0,1209,4184,0,0,M,F,1,FALSE,FALSE
i009,i069,chimp,4,Kanyawara,2015,Kanyawara__2015,0,325.116666666667,2400,0,2063,4526,1,0,M,M,1,FALSE,FALSE
i009,i111,chimp,4,Kanyawara,2015,Kanyawara__2015,0,373.033333333333,0,1,1829,5355,0,0,M,F,1,FALSE,FALSE
i090,i070,bonobo,1,Bompusa,2015,Bompusa__2015,0,86.01222222185,3316,3,601,1832,0,0,M,M,3,FALSE,FALSE
i120,i070,bonobo,1,Bompusa,2015,Bompusa__2015,0,91.8072222217667,0,2,634,2061,0,0,M,M,3,FALSE,TRUE
i083,i070,bonobo,1,Bompusa,2015,Bompusa__2015,0,85.69749999865,334,1,667,1730,0,0,M,M,3,FALSE,FALSE
i052,i070,bonobo,1,Bompusa,2015,Bompusa__2015,0,92.3930555551167,6236,0,703,1842,0,0,F,M,3,FALSE,FALSE
i054,i070,bonobo,1,Bompusa,2015,Bompusa__2015,0,90.51222222135,92,0,695,1818,0,0,F,M,3,FALSE,TRUE
i078,i070,bonobo,1,Bompusa,2015,Bompusa__2015,0,91.9966666666667,5673,4,726,1921,0,1,M,M,3,FALSE,TRUE
i094,i070,bonobo,1,Bompusa,2015,Bompusa__2015,0,89.9308333325,1905,0,653,1883,0,0,F,M,3,FALSE,TRUE
i010,i070,bonobo,1,Bompusa,2015,Bompusa__2015,0,98.8002777774167,0,0,642,2115,0,0,F,M,3,FALSE,TRUE
i128,i070,bonobo,1,Bompusa,2015,Bompusa__2015,0,84.9969444447333,0,2,637,1971,0,0,F,M,3,FALSE,TRUE
i020,i070,bonobo,1,Bompusa,2015,Bompusa__2015,0,87.7536111105667,0,0,838,1971,0,0,F,M,3,FALSE,FALSE
i011,i070,bonobo,1,Bompusa,2015,Bompusa__2015,0,87.54861111025,0,2,680,1941,0,0,F,M,3,FALSE,FALSE
i072,i070,bonobo,1,Bompusa,2015,Bompusa__2015,0,89.7980555543167,0,0,902,2093,0,0,F,M,3,FALSE,FALSE
i114,i070,bonobo,1,Bompusa,2015,Bompusa__2015,0,83.68888888835,0,0,626,1669,0,1,F,M,3,FALSE,FALSE
i117,i070,bonobo,1,Bompusa,2015,Bompusa__2015,0,83.0836111110167,0,0,665,1638,0,0,M,M,3,FALSE,FALSE
i058,i070,bonobo,1,Bompusa,2015,Bompusa__2015,0,101.1616666662,597,0,476,1938,0,0,F,M,3,FALSE,FALSE
i062,i070,bonobo,1,Bompusa,2015,Bompusa__2015,0,88.38749999905,218,1,668,2083,0,0,F,M,3,FALSE,FALSE
i104,i070,bonobo,1,Bompusa,2015,Bompusa__2015,0,85.6230555543,0,1,439,1719,0,0,F,M,3,FALSE,TRUE
i127,i070,bonobo,1,Bompusa,2015,Bompusa__2015,0,85.9338888884667,0,1,599,1871,0,0,M,M,3,FALSE,FALSE
i004,i070,bonobo,1,Bompusa,2015,Bompusa__2015,0,87.24611111055,0,1,554,1861,0,2,F,M,3,FALSE,FALSE
i120,i090,bonobo,1,Bompusa,2015,Bompusa__2015,0,91.2755555552833,4064,7,674,1896,0,1,M,M,3,FALSE,FALSE
i083,i090,bonobo,1,Bompusa,2015,Bompusa__2015,0,85.1658333321667,0,1,564,1708,0,0,M,M,3,FALSE,FALSE
i052,i090,bonobo,1,Bompusa,2015,Bompusa__2015,0,91.8613888886333,0,1,544,1876,0,0,F,M,3,FALSE,FALSE
i054,i090,bonobo,1,Bompusa,2015,Bompusa__2015,0,89.9805555548667,0,0,451,1937,0,0,F,M,3,FALSE,FALSE
i078,i090,bonobo,1,Bompusa,2015,Bompusa__2015,0,91.4650000001833,2564,6,610,1912,0,0,M,M,3,FALSE,FALSE
i094,i090,bonobo,1,Bompusa,2015,Bompusa__2015,0,89.3991666660167,9389,0,565,1846,0,0,F,M,3,TRUE,FALSE
i010,i090,bonobo,1,Bompusa,2015,Bompusa__2015,0,98.2686111109333,0,0,711,1921,0,0,F,M,3,FALSE,FALSE
i128,i090,bonobo,1,Bompusa,2015,Bompusa__2015,0,84.46527777825,0,0,672,1811,0,0,F,M,3,FALSE,FALSE
i020,i090,bonobo,1,Bompusa,2015,Bompusa__2015,0,87.2219444440833,1785,0,596,2088,0,0,F,M,3,FALSE,FALSE
i011,i090,bonobo,1,Bompusa,2015,Bompusa__2015,0,87.0169444437667,0,1,580,1916,0,0,F,M,3,TRUE,FALSE
i072,i090,bonobo,1,Bompusa,2015,Bompusa__2015,0,89.2663888878333,55,3,781,2089,0,0,F,M,3,FALSE,FALSE
i114,i090,bonobo,1,Bompusa,2015,Bompusa__2015,0,83.1572222218667,0,0,550,1620,0,1,F,M,3,TRUE,FALSE
i117,i090,bonobo,1,Bompusa,2015,Bompusa__2015,0,82.5519444445333,0,5,583,1595,0,0,M,M,3,TRUE,FALSE
i058,i090,bonobo,1,Bompusa,2015,Bompusa__2015,0,100.629999999717,0,1,439,1850,0,0,F,M,3,FALSE,FALSE
i062,i090,bonobo,1,Bompusa,2015,Bompusa__2015,0,87.8558333325667,0,0,615,2011,0,0,F,M,3,FALSE,FALSE
i104,i090,bonobo,1,Bompusa,2015,Bompusa__2015,0,85.0913888878167,0,1,406,1627,0,0,F,M,3,FALSE,FALSE
i127,i090,bonobo,1,Bompusa,2015,Bompusa__2015,1,85.4022222219833,0,0,1065,1280,1,0,M,M,3,FALSE,FALSE
i004,i090,bonobo,1,Bompusa,2015,Bompusa__2015,1,86.7144444440667,13089,1,1035,1255,1,3,F,M,3,FALSE,FALSE
i083,i120,bonobo,1,Bompusa,2015,Bompusa__2015,0,90.9608333320833,0,4,590,1944,0,0,M,M,3,FALSE,FALSE
i052,i120,bonobo,1,Bompusa,2015,Bompusa__2015,0,97.65638888855,97,3,724,1958,0,1,F,M,3,FALSE,FALSE
i054,i120,bonobo,1,Bompusa,2015,Bompusa__2015,0,95.7755555547833,0,0,688,1962,0,2,F,M,3,FALSE,TRUE
i078,i120,bonobo,1,Bompusa,2015,Bompusa__2015,0,97.2600000001,1029,6,777,2007,2,0,M,M,3,FALSE,TRUE
i094,i120,bonobo,1,Bompusa,2015,Bompusa__2015,0,95.1941666659333,147,0,865,1808,0,1,F,M,3,FALSE,TRUE
i010,i120,bonobo,1,Bompusa,2015,Bompusa__2015,1,104.06361111085,31940,0,1348,1546,0,3,F,M,3,FALSE,TRUE
i128,i120,bonobo,1,Bompusa,2015,Bompusa__2015,0,90.2602777781667,0,1,620,2125,1,1,F,M,3,FALSE,TRUE
i020,i120,bonobo,1,Bompusa,2015,Bompusa__2015,0,93.016944444,0,3,676,2270,0,0,F,M,3,FALSE,FALSE
i011,i120,bonobo,1,Bompusa,2015,Bompusa__2015,0,92.8119444436833,8169,1,937,1821,0,4,F,M,3,FALSE,FALSE
i072,i120,bonobo,1,Bompusa,2015,Bompusa__2015,0,95.06138888775,0,2,1060,2072,0,5,F,M,3,FALSE,FALSE
i114,i120,bonobo,1,Bompusa,2015,Bompusa__2015,0,88.9522222217833,0,2,556,1876,0,2,F,M,3,FALSE,FALSE
i117,i120,bonobo,1,Bompusa,2015,Bompusa__2015,0,88.34694444445,0,2,580,1860,0,0,M,M,3,FALSE,FALSE
i058,i120,bonobo,1,Bompusa,2015,Bompusa__2015,0,106.424999999633,226,0,419,2132,0,2,F,M,3,FALSE,FALSE
i062,i120,bonobo,1,Bompusa,2015,Bompusa__2015,0,93.6508333324833,3470,0,839,2049,0,4,F,M,3,FALSE,FALSE
i104,i120,bonobo,1,Bompusa,2015,Bompusa__2015,0,90.8863888877333,0,0,478,1817,0,0,F,M,3,FALSE,TRUE
i127,i120,bonobo,1,Bompusa,2015,Bompusa__2015,0,91.1972222219,0,0,679,1928,0,1,M,M,3,FALSE,FALSE
i004,i120,bonobo,1,Bompusa,2015,Bompusa__2015,0,92.5094444439833,0,2,658,1894,0,2,F,M,3,FALSE,FALSE
i052,i083,bonobo,1,Bompusa,2015,Bompusa__2015,0,91.5466666654333,5706,0,658,1726,0,0,F,M,3,FALSE,FALSE
i054,i083,bonobo,1,Bompusa,2015,Bompusa__2015,0,89.6658333316667,0,0,500,1852,0,0,F,M,3,FALSE,FALSE
i078,i083,bonobo,1,Bompusa,2015,Bompusa__2015,0,91.1502777769833,0,6,591,1895,0,0,M,M,3,FALSE,FALSE
i094,i083,bonobo,1,Bompusa,2015,Bompusa__2015,0,89.0844444428167,0,0,486,1889,0,0,F,M,3,FALSE,FALSE
i010,i083,bonobo,1,Bompusa,2015,Bompusa__2015,0,97.9538888877333,0,1,608,1988,0,0,F,M,3,FALSE,FALSE
i128,i083,bonobo,1,Bompusa,2015,Bompusa__2015,0,84.15055555505,3381,0,652,1795,0,0,F,M,3,FALSE,FALSE
i020,i083,bonobo,1,Bompusa,2015,Bompusa__2015,0,86.9072222208833,0,0,723,1925,0,0,F,M,3,FALSE,FALSE
i011,i083,bonobo,1,Bompusa,2015,Bompusa__2015,0,86.7022222205667,0,0,576,1884,0,1,F,M,3,FALSE,FALSE
i072,i083,bonobo,1,Bompusa,2015,Bompusa__2015,0,88.9516666646333,0,1,675,2159,0,0,F,M,3,FALSE,FALSE
i114,i083,bonobo,1,Bompusa,2015,Bompusa__2015,0,82.8424999986667,0,0,459,1675,0,0,F,M,3,FALSE,FALSE
i117,i083,bonobo,1,Bompusa,2015,Bompusa__2015,0,82.2372222213333,0,1,499,1643,0,0,M,M,3,FALSE,FALSE
i058,i083,bonobo,1,Bompusa,2015,Bompusa__2015,0,100.315277776517,0,1,476,1777,0,1,F,M,3,FALSE,FALSE
i062,i083,bonobo,1,Bompusa,2015,Bompusa__2015,0,87.5411111093667,1834,0,611,1979,0,0,F,M,3,FALSE,FALSE
i104,i083,bonobo,1,Bompusa,2015,Bompusa__2015,0,84.7766666646167,0,0,365,1632,0,0,F,M,3,FALSE,FALSE
i127,i083,bonobo,1,Bompusa,2015,Bompusa__2015,0,85.0874999987833,0,4,565,1744,0,0,M,M,3,FALSE,FALSE
i004,i083,bonobo,1,Bompusa,2015,Bompusa__2015,0,86.3997222208667,0,1,536,1718,0,0,F,M,3,FALSE,FALSE
i054,i052,bonobo,1,Bompusa,2015,Bompusa__2015,0,96.3613888881333,441,0,571,1929,0,0,F,F,3,FALSE,FALSE
i078,i052,bonobo,1,Bompusa,2015,Bompusa__2015,0,97.84583333345,0,0,603,2031,0,0,M,F,3,FALSE,FALSE
i094,i052,bonobo,1,Bompusa,2015,Bompusa__2015,0,95.7799999992833,224,0,572,1951,0,0,F,F,3,FALSE,FALSE
i010,i052,bonobo,1,Bompusa,2015,Bompusa__2015,0,104.6494444442,813,0,738,2006,0,2,F,F,3,FALSE,FALSE
i128,i052,bonobo,1,Bompusa,2015,Bompusa__2015,0,90.8461111115167,0,0,584,2011,0,0,F,F,3,FALSE,FALSE
i020,i052,bonobo,1,Bompusa,2015,Bompusa__2015,0,93.60277777735,188,0,779,2017,0,0,F,F,3,FALSE,FALSE
i011,i052,bonobo,1,Bompusa,2015,Bompusa__2015,0,93.3977777770333,275,0,849,1759,0,0,F,F,3,FALSE,FALSE
i072,i052,bonobo,1,Bompusa,2015,Bompusa__2015,0,95.6472222211,1876,1,882,2100,0,0,F,F,3,FALSE,FALSE
i114,i052,bonobo,1,Bompusa,2015,Bompusa__2015,0,89.5380555551333,34,0,478,1804,1,0,F,F,3,FALSE,FALSE
i117,i052,bonobo,1,Bompusa,2015,Bompusa__2015,0,88.9327777778,228,0,456,1834,1,0,M,F,3,FALSE,FALSE
i058,i052,bonobo,1,Bompusa,2015,Bompusa__2015,0,107.010833332983,0,0,432,1969,0,0,F,F,3,FALSE,FALSE
i062,i052,bonobo,1,Bompusa,2015,Bompusa__2015,0,94.2366666658333,0,0,683,2055,0,0,F,F,3,FALSE,FALSE
i104,i052,bonobo,1,Bompusa,2015,Bompusa__2015,0,91.4722222210833,0,0,384,1761,0,0,F,F,3,FALSE,FALSE
i127,i052,bonobo,1,Bompusa,2015,Bompusa__2015,0,91.78305555525,0,0,521,1936,0,0,M,F,3,FALSE,FALSE
i004,i052,bonobo,1,Bompusa,2015,Bompusa__2015,0,93.0952777773333,0,0,526,1876,0,1,F,F,3,FALSE,FALSE
i078,i054,bonobo,1,Bompusa,2015,Bompusa__2015,0,95.9649999996833,16,0,889,1713,0,0,M,F,3,FALSE,TRUE
i094,i054,bonobo,1,Bompusa,2015,Bompusa__2015,0,93.8991666655167,353,0,701,1790,0,2,F,F,3,FALSE,TRUE
i010,i054,bonobo,1,Bompusa,2015,Bompusa__2015,0,102.768611110433,3740,0,716,1996,0,1,F,F,3,FALSE,TRUE
i128,i054,bonobo,1,Bompusa,2015,Bompusa__2015,0,88.96527777775,2055,0,648,1915,0,0,F,F,3,FALSE,TRUE
i020,i054,bonobo,1,Bompusa,2015,Bompusa__2015,0,91.7219444435833,3405,0,957,1807,0,0,F,F,3,FALSE,FALSE
i011,i054,bonobo,1,Bompusa,2015,Bompusa__2015,0,91.5169444432667,0,0,788,1788,0,0,F,F,3,FALSE,FALSE
i072,i054,bonobo,1,Bompusa,2015,Bompusa__2015,0,93.7663888873333,0,0,787,2163,0,1,F,F,3,FALSE,FALSE
i114,i054,bonobo,1,Bompusa,2015,Bompusa__2015,0,87.6572222213667,0,0,592,1658,0,0,F,F,3,FALSE,FALSE
i117,i054,bonobo,1,Bompusa,2015,Bompusa__2015,0,87.0519444440333,0,0,585,1673,0,0,M,F,3,FALSE,FALSE
i058,i054,bonobo,1,Bompusa,2015,Bompusa__2015,0,105.129999999217,1411,0,479,1890,0,1,F,F,3,FALSE,FALSE
i062,i054,bonobo,1,Bompusa,2015,Bompusa__2015,0,92.3558333320667,0,0,712,1994,0,1,F,F,3,FALSE,FALSE
i104,i054,bonobo,1,Bompusa,2015,Bompusa__2015,0,89.5913888873167,0,0,372,1741,0,0,F,F,3,FALSE,TRUE
i127,i054,bonobo,1,Bompusa,2015,Bompusa__2015,0,89.9022222214833,0,0,473,1952,0,0,M,F,3,FALSE,FALSE
i004,i054,bonobo,1,Bompusa,2015,Bompusa__2015,0,91.2144444435667,0,0,473,1897,0,1,F,F,3,FALSE,FALSE
i094,i078,bonobo,1,Bompusa,2015,Bompusa__2015,0,95.3836111108333,1160,0,701,1924,0,0,F,M,3,FALSE,TRUE
i010,i078,bonobo,1,Bompusa,2015,Bompusa__2015,0,104.25305555575,118,0,787,2059,0,0,F,M,3,FALSE,TRUE
i128,i078,bonobo,1,Bompusa,2015,Bompusa__2015,0,90.4497222230667,0,0,718,1979,0,1,F,M,3,FALSE,TRUE
i020,i078,bonobo,1,Bompusa,2015,Bompusa__2015,0,93.2063888889,4992,1,978,1920,0,1,F,M,3,FALSE,FALSE
i011,i078,bonobo,1,Bompusa,2015,Bompusa__2015,0,93.0013888885833,0,1,675,2035,0,0,F,M,3,FALSE,FALSE
i072,i078,bonobo,1,Bompusa,2015,Bompusa__2015,0,95.25083333265,2281,0,859,2225,0,0,F,M,3,FALSE,FALSE
i114,i078,bonobo,1,Bompusa,2015,Bompusa__2015,0,89.1416666666833,0,1,694,1690,0,0,F,M,3,FALSE,FALSE
i117,i078,bonobo,1,Bompusa,2015,Bompusa__2015,0,88.53638888935,0,9,667,1725,0,0,M,M,3,FALSE,FALSE
i058,i078,bonobo,1,Bompusa,2015,Bompusa__2015,0,106.614444444533,0,0,502,2001,0,0,F,M,3,FALSE,FALSE
i062,i078,bonobo,1,Bompusa,2015,Bompusa__2015,0,93.8402777773833,0,1,852,1988,0,0,F,M,3,FALSE,FALSE
i104,i078,bonobo,1,Bompusa,2015,Bompusa__2015,0,91.0758333326333,0,0,405,1842,0,0,F,M,3,FALSE,TRUE
i127,i078,bonobo,1,Bompusa,2015,Bompusa__2015,0,91.3866666668,0,3,620,1939,0,0,M,M,3,FALSE,FALSE
i004,i078,bonobo,1,Bompusa,2015,Bompusa__2015,0,92.6988888888833,129,0,615,1889,0,0,F,M,3,FALSE,FALSE
i010,i094,bonobo,1,Bompusa,2015,Bompusa__2015,0,102.187222221583,3297,0,902,1833,0,2,F,F,3,FALSE,TRUE
i128,i094,bonobo,1,Bompusa,2015,Bompusa__2015,0,88.3838888889,0,0,645,1941,0,2,F,F,3,FALSE,TRUE
i020,i094,bonobo,1,Bompusa,2015,Bompusa__2015,0,91.1405555547333,0,1,745,2042,0,2,F,F,3,FALSE,FALSE
i011,i094,bonobo,1,Bompusa,2015,Bompusa__2015,0,90.9355555544167,0,0,750,1849,0,1,F,F,3,TRUE,FALSE
i072,i094,bonobo,1,Bompusa,2015,Bompusa__2015,0,93.1849999984833,1668,0,862,2111,0,0,F,F,3,FALSE,FALSE
i114,i094,bonobo,1,Bompusa,2015,Bompusa__2015,1,87.0758333325167,5029,0,507,1766,0,0,F,F,3,TRUE,FALSE
i117,i094,bonobo,1,Bompusa,2015,Bompusa__2015,1,86.4705555551833,0,0,522,1759,0,0,M,F,3,TRUE,FALSE
i058,i094,bonobo,1,Bompusa,2015,Bompusa__2015,0,104.548611110367,0,0,477,1915,0,0,F,F,3,FALSE,FALSE
i062,i094,bonobo,1,Bompusa,2015,Bompusa__2015,0,91.7744444432167,0,0,664,2065,0,0,F,F,3,FALSE,FALSE
i104,i094,bonobo,1,Bompusa,2015,Bompusa__2015,0,89.0099999984667,315,0,474,1662,0,0,F,F,3,FALSE,TRUE
i127,i094,bonobo,1,Bompusa,2015,Bompusa__2015,0,89.3208333326333,0,0,606,1842,0,0,M,F,3,FALSE,FALSE
i004,i094,bonobo,1,Bompusa,2015,Bompusa__2015,0,90.6330555547167,0,0,569,1824,0,1,F,F,3,FALSE,FALSE
i128,i010,bonobo,1,Bompusa,2015,Bompusa__2015,0,97.2533333338167,439,0,647,2160,0,0,F,F,3,FALSE,TRUE
i020,i010,bonobo,1,Bompusa,2015,Bompusa__2015,0,100.00999999965,0,0,695,2313,0,0,F,F,3,FALSE,FALSE
i011,i010,bonobo,1,Bompusa,2015,Bompusa__2015,0,99.8049999993333,295,0,969,1851,0,2,F,F,3,FALSE,FALSE
i072,i010,bonobo,1,Bompusa,2015,Bompusa__2015,0,102.0544444434,0,0,1092,2102,0,1,F,F,3,FALSE,FALSE
i114,i010,bonobo,1,Bompusa,2015,Bompusa__2015,0,95.9452777774333,1818,0,590,1904,0,0,F,F,3,FALSE,FALSE
i117,i010,bonobo,1,Bompusa,2015,Bompusa__2015,0,95.3400000001,0,0,610,1892,0,0,M,F,3,FALSE,FALSE
i058,i010,bonobo,1,Bompusa,2015,Bompusa__2015,0,113.418055555283,0,1,426,2187,0,0,F,F,3,FALSE,FALSE
i062,i010,bonobo,1,Bompusa,2015,Bompusa__2015,0,100.643888888133,65,0,871,2079,0,3,F,F,3,FALSE,FALSE
i104,i010,bonobo,1,Bompusa,2015,Bompusa__2015,0,97.8794444433833,83,0,500,1857,1,0,F,F,3,FALSE,TRUE
i127,i010,bonobo,1,Bompusa,2015,Bompusa__2015,0,98.19027777755,0,0,719,1950,0,0,M,F,3,FALSE,FALSE
i004,i010,bonobo,1,Bompusa,2015,Bompusa__2015,0,99.5024999996333,0,0,697,1917,0,0,F,F,3,FALSE,FALSE
i020,i128,bonobo,1,Bompusa,2015,Bompusa__2015,0,86.2066666669667,6253,0,913,1946,0,3,F,F,3,FALSE,FALSE
i011,i128,bonobo,1,Bompusa,2015,Bompusa__2015,0,86.00166666665,1758,1,666,2005,0,3,F,F,3,FALSE,FALSE
i072,i128,bonobo,1,Bompusa,2015,Bompusa__2015,0,88.2511111107167,0,0,766,2279,0,0,F,F,3,FALSE,FALSE
i114,i128,bonobo,1,Bompusa,2015,Bompusa__2015,0,82.14194444475,0,0,516,1829,0,1,F,F,3,FALSE,FALSE
i117,i128,bonobo,1,Bompusa,2015,Bompusa__2015,0,81.5366666674167,0,0,551,1802,0,0,M,F,3,FALSE,FALSE
i058,i128,bonobo,1,Bompusa,2015,Bompusa__2015,0,99.6147222226,0,0,608,1856,0,2,F,F,3,FALSE,FALSE
i062,i128,bonobo,1,Bompusa,2015,Bompusa__2015,0,86.84055555545,4291,1,754,2047,0,0,F,F,3,FALSE,FALSE
i104,i128,bonobo,1,Bompusa,2015,Bompusa__2015,0,84.0761111107,0,0,426,1782,0,0,F,F,3,FALSE,TRUE
i127,i128,bonobo,1,Bompusa,2015,Bompusa__2015,0,84.3869444448667,0,2,678,1842,0,0,M,F,3,FALSE,FALSE
i004,i128,bonobo,1,Bompusa,2015,Bompusa__2015,0,85.69916666695,898,0,652,1813,0,2,F,F,3,FALSE,FALSE
i011,i020,bonobo,1,Bompusa,2015,Bompusa__2015,0,88.7583333324833,0,0,797,2075,0,2,F,F,3,FALSE,FALSE
i072,i020,bonobo,1,Bompusa,2015,Bompusa__2015,0,91.00777777655,0,0,813,2433,1,0,F,F,3,FALSE,FALSE
i114,i020,bonobo,1,Bompusa,2015,Bompusa__2015,0,84.8986111105833,3041,1,668,1878,0,1,F,F,3,FALSE,FALSE
i117,i020,bonobo,1,Bompusa,2015,Bompusa__2015,0,84.29333333325,1061,0,653,1901,0,0,M,F,3,FALSE,FALSE
i058,i020,bonobo,1,Bompusa,2015,Bompusa__2015,0,102.371388888433,0,2,673,1992,0,2,F,F,3,FALSE,FALSE
i062,i020,bonobo,1,Bompusa,2015,Bompusa__2015,0,89.5972222212833,0,1,882,2120,0,2,F,F,3,FALSE,FALSE
i104,i020,bonobo,1,Bompusa,2015,Bompusa__2015,0,86.8327777765333,0,0,447,1962,0,0,F,F,3,FALSE,FALSE
i127,i020,bonobo,1,Bompusa,2015,Bompusa__2015,0,87.1436111107,0,1,609,2112,0,0,M,F,3,FALSE,FALSE
i004,i020,bonobo,1,Bompusa,2015,Bompusa__2015,0,88.4558333327833,0,0,588,2078,0,1,F,F,3,FALSE,FALSE
i072,i011,bonobo,1,Bompusa,2015,Bompusa__2015,1,90.8027777762333,0,0,1009,2049,0,0,F,F,3,FALSE,FALSE
i114,i011,bonobo,1,Bompusa,2015,Bompusa__2015,0,84.6936111102667,0,0,540,1818,0,0,F,F,3,TRUE,FALSE
i117,i011,bonobo,1,Bompusa,2015,Bompusa__2015,0,84.0883333329333,0,0,579,1787,0,0,M,F,3,TRUE,FALSE
i058,i011,bonobo,1,Bompusa,2015,Bompusa__2015,0,102.166388888117,462,0,388,2089,0,1,F,F,3,FALSE,FALSE
i062,i011,bonobo,1,Bompusa,2015,Bompusa__2015,0,89.3922222209667,0,0,736,2078,0,1,F,F,3,FALSE,FALSE
i104,i011,bonobo,1,Bompusa,2015,Bompusa__2015,0,86.6277777762167,0,0,388,1833,0,0,F,F,3,FALSE,FALSE
i127,i011,bonobo,1,Bompusa,2015,Bompusa__2015,0,86.9386111103833,0,0,590,1943,0,0,M,F,3,FALSE,FALSE
i004,i011,bonobo,1,Bompusa,2015,Bompusa__2015,0,88.2508333324667,0,0,563,1915,0,1,F,F,3,FALSE,FALSE
i114,i072,bonobo,1,Bompusa,2015,Bompusa__2015,0,86.9430555543333,65,0,786,1946,0,1,F,F,3,FALSE,FALSE
i117,i072,bonobo,1,Bompusa,2015,Bompusa__2015,0,86.337777777,2044,3,784,1956,0,0,M,F,3,FALSE,FALSE
i058,i072,bonobo,1,Bompusa,2015,Bompusa__2015,0,104.415833332183,0,0,596,2255,0,0,F,F,3,FALSE,FALSE
i062,i072,bonobo,1,Bompusa,2015,Bompusa__2015,0,91.6416666650333,0,5,948,2240,0,1,F,F,3,FALSE,FALSE
i104,i072,bonobo,1,Bompusa,2015,Bompusa__2015,0,88.8772222202833,0,0,616,1979,0,0,F,F,3,FALSE,FALSE
i127,i072,bonobo,1,Bompusa,2015,Bompusa__2015,0,89.18805555445,0,4,784,2123,0,0,M,F,3,FALSE,FALSE
i004,i072,bonobo,1,Bompusa,2015,Bompusa__2015,0,90.5002777765333,0,0,776,2076,0,2,F,F,3,FALSE,FALSE
i117,i114,bonobo,1,Bompusa,2015,Bompusa__2015,1,80.2286111110333,12076,0,877,1163,1,1,M,F,3,TRUE,FALSE
i058,i114,bonobo,1,Bompusa,2015,Bompusa__2015,0,98.3066666662167,0,0,436,1715,0,1,F,F,3,FALSE,FALSE
i062,i114,bonobo,1,Bompusa,2015,Bompusa__2015,0,85.5324999990667,2176,0,620,1868,0,0,F,F,3,FALSE,FALSE
i104,i114,bonobo,1,Bompusa,2015,Bompusa__2015,0,82.7680555543167,0,0,394,1501,0,0,F,F,3,FALSE,FALSE
i127,i114,bonobo,1,Bompusa,2015,Bompusa__2015,0,83.0788888884833,0,0,575,1632,0,0,M,F,3,FALSE,FALSE
i004,i114,bonobo,1,Bompusa,2015,Bompusa__2015,0,84.3911111105667,0,0,567,1585,0,1,F,F,3,FALSE,FALSE
i058,i117,bonobo,1,Bompusa,2015,Bompusa__2015,0,97.7013888888833,0,0,420,1739,0,0,F,M,3,FALSE,FALSE
i062,i117,bonobo,1,Bompusa,2015,Bompusa__2015,0,84.9272222217333,1738,1,628,1868,0,0,F,M,3,FALSE,FALSE
i104,i117,bonobo,1,Bompusa,2015,Bompusa__2015,0,82.1627777769833,0,0,395,1508,0,0,F,M,3,FALSE,FALSE
i127,i117,bonobo,1,Bompusa,2015,Bompusa__2015,0,82.47361111115,0,6,607,1608,0,0,M,M,3,FALSE,FALSE
i004,i117,bonobo,1,Bompusa,2015,Bompusa__2015,0,83.7858333332333,0,3,571,1589,0,0,F,M,3,FALSE,FALSE
i062,i058,bonobo,1,Bompusa,2015,Bompusa__2015,0,103.005277776917,0,0,605,2002,0,0,F,F,3,FALSE,FALSE
i104,i058,bonobo,1,Bompusa,2015,Bompusa__2015,0,100.240833332167,0,1,372,1642,0,0,F,F,3,FALSE,FALSE
i127,i058,bonobo,1,Bompusa,2015,Bompusa__2015,0,100.551666666333,0,1,468,1858,0,0,M,F,3,FALSE,FALSE
i004,i058,bonobo,1,Bompusa,2015,Bompusa__2015,0,101.863888888417,0,0,433,1838,0,2,F,F,3,FALSE,FALSE
i104,i062,bonobo,1,Bompusa,2015,Bompusa__2015,0,87.4666666650167,0,0,441,1910,0,0,F,F,3,FALSE,FALSE
i127,i062,bonobo,1,Bompusa,2015,Bompusa__2015,0,87.7774999991833,556,0,642,2021,0,0,M,F,3,FALSE,FALSE
i004,i062,bonobo,1,Bompusa,2015,Bompusa__2015,0,89.0897222212667,235,0,617,1991,0,1,F,F,3,FALSE,FALSE
i127,i104,bonobo,1,Bompusa,2015,Bompusa__2015,0,85.0130555544333,0,1,420,1650,0,0,M,F,3,FALSE,FALSE
i004,i104,bonobo,1,Bompusa,2015,Bompusa__2015,0,86.3252777765167,0,0,394,1621,0,1,F,F,3,FALSE,FALSE
i004,i127,bonobo,1,Bompusa,2015,Bompusa__2015,1,86.6361111106833,6696,1,1066,1261,2,1,F,M,3,FALSE,FALSE
